county_name,observation_date,observation_period,horizon_months,target_date,target_period,target_phase3plus,rainfall_anomaly_lag1,rainfall_anomaly_lag2,rainfall_anomaly_lag3,rainfall_rolling_3m,rainfall_rolling_6m,consecutive_dry_months,ndvi_anomaly_lag1,ndvi_anomaly_lag2,ndvi_anomaly_lag3,ndvi_trend_3m,ndvi_trend_6m,maize_price_change_1m,maize_price_change_3m,maize_price_change_6m,maize_price_zscore,previous_ipc_phase,ipc_phase_lag2,ipc_phase_lag3,month,quarter,is_long_rains,is_short_rains,is_arid,neighbour_mean_rainfall_anomaly,neighbour_mean_ndvi_anomaly,neighbour_mean_price_change,neighbour_mean_previous_risk,number_of_high_risk_neighbours
Baringo,2019-01-01,2019-01,1,2019-02-01,2019-02,0.0,,,,26.5,,0,,,,,,,,,-1.5046507221370384,,,,1,1,0,0,1,0.0,0.0,0.0,2.0,0
Baringo,2019-01-01,2019-01,2,2019-03-01,2019-03,0.0,,,,26.5,,0,,,,,,,,,-1.5046507221370384,,,,1,1,0,0,1,0.0,0.0,0.0,2.0,0
Baringo,2019-01-01,2019-01,3,2019-04-01,2019-04,0.0,,,,26.5,,0,,,,,,,,,-1.5046507221370384,,,,1,1,0,0,1,0.0,0.0,0.0,2.0,0
Baringo,2019-02-01,2019-02,1,2019-03-01,2019-03,0.0,,,,29.9,,0,,,,,,1.09863864342011,,,-1.4371505434552665,2.0,,,2,1,0,0,1,0.0,0.0,2.798,2.0,0
Baringo,2019-02-01,2019-02,2,2019-04-01,2019-04,0.0,,,,29.9,,0,,,,,,1.09863864342011,,,-1.4371505434552665,2.0,,,2,1,0,0,1,0.0,0.0,2.798,2.0,0
Baringo,2019-02-01,2019-02,3,2019-05-01,2019-05,0.0,,,,29.9,,0,,,,,,1.09863864342011,,,-1.4371505434552665,2.0,,,2,1,0,0,1,0.0,0.0,2.798,2.0,0
Baringo,2019-03-01,2019-03,1,2019-04-01,2019-04,0.0,37.7,,,72.5,,0,18.9,,,,,-0.7795889440113395,,,-1.4855745846834942,2.0,2.0,,3,1,1,0,1,41.8,46.35,-0.235,2.0,0
Baringo,2019-03-01,2019-03,2,2019-05-01,2019-05,0.0,37.7,,,72.5,,0,18.9,,,,,-0.7795889440113395,,,-1.4855745846834942,2.0,2.0,,3,1,1,0,1,41.8,46.35,-0.235,2.0,0
Baringo,2019-03-01,2019-03,3,2019-06-01,2019-06,0.0,37.7,,,72.5,,0,18.9,,,,,-0.7795889440113395,,,-1.4855745846834942,2.0,2.0,,3,1,1,0,1,41.8,46.35,-0.235,2.0,0
Baringo,2019-04-01,2019-04,1,2019-05-01,2019-05,0.0,73.0,37.7,,121.76666666666668,148.26666666666668,0,40.7,18.9,,0.0499999999999999,,3.1428571428571432,3.4631000716503464,,-1.2918784197705828,2.0,2.0,2.0,4,2,1,0,1,20.25,26.05,-0.99,2.0,0
Baringo,2019-04-01,2019-04,2,2019-06-01,2019-06,0.0,73.0,37.7,,121.76666666666668,148.26666666666668,0,40.7,18.9,,0.0499999999999999,,3.1428571428571432,3.4631000716503464,,-1.2918784197705828,2.0,2.0,2.0,4,2,1,0,1,20.25,26.05,-0.99,2.0,0
Baringo,2019-04-01,2019-04,3,2019-07-01,2019-07,0.0,73.0,37.7,,121.76666666666668,148.26666666666668,0,40.7,18.9,,0.0499999999999999,,3.1428571428571432,3.4631000716503464,,-1.2918784197705828,2.0,2.0,2.0,4,2,1,0,1,20.25,26.05,-0.99,2.0,0
Baringo,2019-05-01,2019-05,1,2019-06-01,2019-06,0.0,30.3,73.0,37.7,167.63333333333333,197.53333333333333,0,17.5,40.7,18.9,-0.0639999999999999,,-5.170821791320406,-2.952988424285377,,-1.6205749420470383,2.0,2.0,2.0,5,2,1,0,1,47.1,43.95,-0.462,2.0,0
Baringo,2019-05-01,2019-05,2,2019-07-01,2019-07,0.0,30.3,73.0,37.7,167.63333333333333,197.53333333333333,0,17.5,40.7,18.9,-0.0639999999999999,,-5.170821791320406,-2.952988424285377,,-1.6205749420470383,2.0,2.0,2.0,5,2,1,0,1,47.1,43.95,-0.462,2.0,0
Baringo,2019-05-01,2019-05,3,2019-08-01,2019-08,0.0,30.3,73.0,37.7,167.63333333333333,197.53333333333333,0,17.5,40.7,18.9,-0.0639999999999999,,-5.170821791320406,-2.952988424285377,,-1.6205749420470383,2.0,2.0,2.0,5,2,1,0,1,47.1,43.95,-0.462,2.0,0
Baringo,2019-06-01,2019-06,1,2019-07-01,2019-07,0.0,44.0,30.3,73.0,123.6,196.1,0,30.2,17.5,40.7,0.024,,3.9191820837390456,1.6428571428571428,,-1.384324316660836,2.0,2.0,2.0,6,2,0,0,1,34.9,33.8,1.724,2.0,0
Baringo,2019-06-01,2019-06,2,2019-08-01,2019-08,0.0,44.0,30.3,73.0,123.6,196.1,0,30.2,17.5,40.7,0.024,,3.9191820837390456,1.6428571428571428,,-1.384324316660836,2.0,2.0,2.0,6,2,0,0,1,34.9,33.8,1.724,2.0,0
Baringo,2019-06-01,2019-06,3,2019-09-01,2019-09,0.0,44.0,30.3,73.0,123.6,196.1,0,30.2,17.5,40.7,0.024,,3.9191820837390456,1.6428571428571428,,-1.384324316660836,2.0,2.0,2.0,6,2,0,0,1,34.9,33.8,1.724,2.0,0
Baringo,2019-07-01,2019-07,1,2019-08-01,2019-08,0.0,41.2,44.0,30.3,74.43333333333334,196.20000000000002,0,26.1,30.2,17.5,-0.0169999999999999,,-0.7027406886858749,-2.146814404432133,1.3162856672182133,-1.4283461723228612,2.0,2.0,2.0,7,3,0,0,1,24.75,19.6,-0.367,2.0,0
Baringo,2019-07-01,2019-07,2,2019-09-01,2019-09,0.0,41.2,44.0,30.3,74.43333333333334,196.20000000000002,0,26.1,30.2,17.5,-0.0169999999999999,,-0.7027406886858749,-2.146814404432133,1.3162856672182133,-1.4283461723228612,2.0,2.0,2.0,7,3,0,0,1,24.75,19.6,-0.367,2.0,0
Baringo,2019-07-01,2019-07,3,2019-10-01,2019-10,0.0,41.2,44.0,30.3,74.43333333333334,196.20000000000002,0,26.1,30.2,17.5,-0.0169999999999999,,-0.7027406886858749,-2.146814404432133,1.3162856672182133,-1.4283461723228612,2.0,2.0,2.0,7,3,0,0,1,24.75,19.6,-0.367,2.0,0
Baringo,2019-08-01,2019-08,1,2019-09-01,2019-09,0.0,33.0,41.2,44.0,27.7,195.33333333333331,0,23.0,26.1,30.2,0.0399999999999999,7.5,-1.580561453172918,1.557935735150925,-1.395052689134452,-1.526661649968051,2.0,2.0,2.0,8,3,0,0,1,39.4,39.4,-1.175,2.0,0
Baringo,2019-08-01,2019-08,2,2019-10-01,2019-10,0.0,33.0,41.2,44.0,27.7,195.33333333333331,0,23.0,26.1,30.2,0.0399999999999999,7.5,-1.580561453172918,1.557935735150925,-1.395052689134452,-1.526661649968051,2.0,2.0,2.0,8,3,0,0,1,39.4,39.4,-1.175,2.0,0
Baringo,2019-08-01,2019-08,3,2019-11-01,2019-11,0.0,33.0,41.2,44.0,27.7,195.33333333333331,0,23.0,26.1,30.2,0.0399999999999999,7.5,-1.580561453172918,1.557935735150925,-1.395052689134452,-1.526661649968051,2.0,2.0,2.0,8,3,0,0,1,39.4,39.4,-1.175,2.0,0
Baringo,2019-09-01,2019-09,1,2019-10-01,2019-10,0.0,39.2,33.0,41.2,28.266666666666666,151.86666666666667,0,26.4,23.0,26.1,-0.055,-5.5,1.414189837008629,-0.8901382056687749,0.7527189371883679,-1.4400853338327346,2.0,2.0,2.0,9,3,0,0,1,45.15,35.1,1.272,2.0,0
Baringo,2019-09-01,2019-09,2,2019-11-01,2019-11,0.0,39.2,33.0,41.2,28.266666666666666,151.86666666666667,0,26.4,23.0,26.1,-0.055,-5.5,1.414189837008629,-0.8901382056687749,0.7527189371883679,-1.4400853338327346,2.0,2.0,2.0,9,3,0,0,1,45.15,35.1,1.272,2.0,0
Baringo,2019-09-01,2019-09,3,2019-12-01,2019-12,0.0,39.2,33.0,41.2,28.266666666666666,151.86666666666667,0,26.4,23.0,26.1,-0.055,-5.5,1.414189837008629,-0.8901382056687749,0.7527189371883679,-1.4400853338327346,2.0,2.0,2.0,9,3,0,0,1,45.15,35.1,1.272,2.0,0
Baringo,2019-10-01,2019-10,1,2019-11-01,2019-11,0.0,59.5,39.2,33.0,40.3,114.73333333333333,0,35.2,26.4,23.0,-0.247,-7.0,0.1181753722524226,-0.0707714083510261,-2.217585812783159,-1.432748357889064,2.0,2.0,2.0,10,4,0,1,1,33.35,36.3,-0.597,2.0,0
Baringo,2019-10-01,2019-10,2,2019-12-01,2019-12,0.0,59.5,39.2,33.0,40.3,114.73333333333333,0,35.2,26.4,23.0,-0.247,-7.0,0.1181753722524226,-0.0707714083510261,-2.217585812783159,-1.432748357889064,2.0,2.0,2.0,10,4,0,1,1,33.35,36.3,-0.597,2.0,0
Baringo,2019-10-01,2019-10,3,2020-01-01,2020-01,0.0,59.5,39.2,33.0,40.3,114.73333333333333,0,35.2,26.4,23.0,-0.247,-7.0,0.1181753722524226,-0.0707714083510261,-2.217585812783159,-1.432748357889064,2.0,2.0,2.0,10,4,0,1,1,33.35,36.3,-0.597,2.0,0
Baringo,2019-11-01,2019-11,1,2019-12-01,2019-12,0.0,41.8,59.5,39.2,79.66666666666667,107.36666666666667,1,10.5,35.2,26.4,-0.0659999999999999,-60.0,-2.1954674220963173,-0.6951102588686481,0.862825476282277,-1.5692161104413422,2.0,2.0,2.0,11,4,0,1,1,13.65,14.05,0.531,2.0,0
Baringo,2019-11-01,2019-11,2,2020-01-01,2020-01,0.0,41.8,59.5,39.2,79.66666666666667,107.36666666666667,1,10.5,35.2,26.4,-0.0659999999999999,-60.0,-2.1954674220963173,-0.6951102588686481,0.862825476282277,-1.5692161104413422,2.0,2.0,2.0,11,4,0,1,1,13.65,14.05,0.531,2.0,0
Baringo,2019-11-01,2019-11,3,2020-02-01,2020-02,0.0,41.8,59.5,39.2,79.66666666666667,107.36666666666667,1,10.5,35.2,26.4,-0.0659999999999999,-60.0,-2.1954674220963173,-0.6951102588686481,0.862825476282277,-1.5692161104413422,2.0,2.0,2.0,11,4,0,1,1,13.65,14.05,0.531,2.0,0
Baringo,2019-12-01,2019-12,1,2020-01-01,2020-01,0.0,-38.8,41.8,59.5,126.36666666666667,154.63333333333333,0,-29.8,10.5,35.2,0.1009999999999999,-5.900000000000002,5.696355298093169,3.497991018671709,2.607852813002934,-1.2229108459000766,2.0,2.0,2.0,12,4,0,1,1,24.35,26.65,1.095,2.0,0
Baringo,2019-12-01,2019-12,2,2020-02-01,2020-02,0.0,-38.8,41.8,59.5,126.36666666666667,154.63333333333333,0,-29.8,10.5,35.2,0.1009999999999999,-5.900000000000002,5.696355298093169,3.497991018671709,2.607852813002934,-1.2229108459000766,2.0,2.0,2.0,12,4,0,1,1,24.35,26.65,1.095,2.0,0
Baringo,2019-12-01,2019-12,3,2020-03-01,2020-03,0.0,-38.8,41.8,59.5,126.36666666666667,154.63333333333333,0,-29.8,10.5,35.2,0.1009999999999999,-5.900000000000002,5.696355298093169,3.497991018671709,2.607852813002934,-1.2229108459000766,2.0,2.0,2.0,12,4,0,1,1,24.35,26.65,1.095,2.0,0
Baringo,2020-01-01,2020-01,1,2020-02-01,2020-02,0.0,44.7,-38.8,41.8,111.16666666666669,151.4666666666667,0,20.2,-29.8,10.5,0.1139999999999999,10.399999999999999,3.8821648778259874,7.389046270066101,7.318274861715074,-0.9734536638152664,2.0,2.0,2.0,1,1,0,0,1,39.25,37.3,3.444,2.0,0
Baringo,2020-01-01,2020-01,2,2020-03-01,2020-03,0.0,44.7,-38.8,41.8,111.16666666666669,151.4666666666667,0,20.2,-29.8,10.5,0.1139999999999999,10.399999999999999,3.8821648778259874,7.389046270066101,7.318274861715074,-0.9734536638152664,2.0,2.0,2.0,1,1,0,0,1,39.25,37.3,3.444,2.0,0
Baringo,2020-01-01,2020-01,3,2020-04-01,2020-04,0.0,44.7,-38.8,41.8,111.16666666666669,151.4666666666667,0,20.2,-29.8,10.5,0.1139999999999999,10.399999999999999,3.8821648778259874,7.389046270066101,7.318274861715074,-0.9734536638152664,2.0,2.0,2.0,1,1,0,0,1,39.25,37.3,3.444,2.0,0
Baringo,2020-02-01,2020-02,1,2020-03-01,2020-03,0.0,62.8,44.7,-38.8,67.46666666666667,147.13333333333333,1,33.4,20.2,-29.8,-0.129,-30.299999999999997,-3.033633765662783,6.468742457156649,5.773632198288001,-1.175954199860583,2.0,2.0,2.0,2,1,0,0,1,47.2,47.15,-1.213,2.0,0
Baringo,2020-02-01,2020-02,2,2020-04-01,2020-04,0.0,62.8,44.7,-38.8,67.46666666666667,147.13333333333333,1,33.4,20.2,-29.8,-0.129,-30.299999999999997,-3.033633765662783,6.468742457156649,5.773632198288001,-1.175954199860583,2.0,2.0,2.0,2,1,0,0,1,47.2,47.15,-1.213,2.0,0
Baringo,2020-02-01,2020-02,3,2020-05-01,2020-05,0.0,62.8,44.7,-38.8,67.46666666666667,147.13333333333333,1,33.4,20.2,-29.8,-0.129,-30.299999999999997,-3.033633765662783,6.468742457156649,5.773632198288001,-1.175954199860583,2.0,2.0,2.0,2,1,0,0,1,47.2,47.15,-1.213,2.0,0
Baringo,2020-03-01,2020-03,1,2020-04-01,2020-04,0.0,-10.1,62.8,44.7,47.76666666666667,174.13333333333335,2,-3.9,33.4,20.2,-0.2009999999999999,-44.300000000000004,-0.2493765586034912,0.4795615437314455,3.9775525624031545,-1.1920955469366588,2.0,2.0,2.0,3,1,1,0,1,-13.25,-18.3,1.445,2.0,0
Baringo,2020-03-01,2020-03,2,2020-05-01,2020-05,0.0,-10.1,62.8,44.7,47.76666666666667,174.13333333333335,2,-3.9,33.4,20.2,-0.2009999999999999,-44.300000000000004,-0.2493765586034912,0.4795615437314455,3.9775525624031545,-1.1920955469366588,2.0,2.0,2.0,3,1,1,0,1,-13.25,-18.3,1.445,2.0,0
Baringo,2020-03-01,2020-03,3,2020-06-01,2020-06,0.0,-10.1,62.8,44.7,47.76666666666667,174.13333333333335,2,-3.9,33.4,20.2,-0.2009999999999999,-44.300000000000004,-0.2493765586034912,0.4795615437314455,3.9775525624031545,-1.1920955469366588,2.0,2.0,2.0,3,1,1,0,1,-13.25,-18.3,1.445,2.0,0
Baringo,2020-04-01,2020-04,1,2020-05-01,2020-05,0.0,-8.1,-10.1,62.8,74.26666666666667,185.43333333333334,3,-9.1,-3.9,33.4,-0.015,-22.8,0.5227272727272727,-2.769839525170368,4.619206744895733,-1.1583454575957728,2.0,2.0,2.0,4,2,1,0,1,-13.5,-9.05,-0.774,2.0,0
Baringo,2020-04-01,2020-04,2,2020-06-01,2020-06,0.0,-8.1,-10.1,62.8,74.26666666666667,185.43333333333334,3,-9.1,-3.9,33.4,-0.015,-22.8,0.5227272727272727,-2.769839525170368,4.619206744895733,-1.1583454575957728,2.0,2.0,2.0,4,2,1,0,1,-13.5,-9.05,-0.774,2.0,0
Baringo,2020-04-01,2020-04,3,2020-07-01,2020-07,0.0,-8.1,-10.1,62.8,74.26666666666667,185.43333333333334,3,-9.1,-3.9,33.4,-0.015,-22.8,0.5227272727272727,-2.769839525170368,4.619206744895733,-1.1583454575957728,2.0,2.0,2.0,4,2,1,0,1,-13.5,-9.05,-0.774,2.0,0
Baringo,2020-05-01,2020-05,1,2020-06-01,2020-06,0.0,-10.5,-8.1,-10.1,103.13333333333333,170.6,4,-12.3,-9.1,-3.9,0.003,22.5,0.3391363328057879,0.6121060983903877,7.080848555547037,-1.13633452976476,2.0,2.0,2.0,5,2,1,0,1,-12.1,-9.6,2.406,2.0,0
Baringo,2020-05-01,2020-05,2,2020-07-01,2020-07,0.0,-10.5,-8.1,-10.1,103.13333333333333,170.6,4,-12.3,-9.1,-3.9,0.003,22.5,0.3391363328057879,0.6121060983903877,7.080848555547037,-1.13633452976476,2.0,2.0,2.0,5,2,1,0,1,-12.1,-9.6,2.406,2.0,0
Baringo,2020-05-01,2020-05,3,2020-08-01,2020-08,0.0,-10.5,-8.1,-10.1,103.13333333333333,170.6,4,-12.3,-9.1,-3.9,0.003,22.5,0.3391363328057879,0.6121060983903877,7.080848555547037,-1.13633452976476,2.0,2.0,2.0,5,2,1,0,1,-12.1,-9.6,2.406,2.0,0
Baringo,2020-06-01,2020-06,1,2020-07-01,2020-07,0.0,-20.0,-10.5,-8.1,73.33333333333333,121.1,5,-7.3,-12.3,-9.1,0.0299999999999999,-28.6,-2.2757999098693102,-1.431818181818182,-0.9522566380867366,-1.284541443826912,2.0,2.0,2.0,6,2,0,0,1,-13.0,-13.35,-1.906,2.0,0
Baringo,2020-06-01,2020-06,2,2020-08-01,2020-08,0.0,-20.0,-10.5,-8.1,73.33333333333333,121.1,5,-7.3,-12.3,-9.1,0.0299999999999999,-28.6,-2.2757999098693102,-1.431818181818182,-0.9522566380867366,-1.284541443826912,2.0,2.0,2.0,6,2,0,0,1,-13.0,-13.35,-1.906,2.0,0
Baringo,2020-06-01,2020-06,3,2020-09-01,2020-09,0.0,-20.0,-10.5,-8.1,73.33333333333333,121.1,5,-7.3,-12.3,-9.1,0.0299999999999999,-28.6,-2.2757999098693102,-1.431818181818182,-0.9522566380867366,-1.284541443826912,2.0,2.0,2.0,6,2,0,0,1,-13.0,-13.35,-1.906,2.0,0
Baringo,2020-07-01,2020-07,1,2020-08-01,2020-08,0.0,-13.8,-20.0,-10.5,47.8,122.06666666666666,6,-8.4,-7.3,-12.3,0.036,-38.9,-0.6917223887479825,-2.6226543070314268,-5.392493832201795,-1.3285632994889371,2.0,2.0,2.0,7,3,0,0,1,-8.55,-7.6,1.103,2.0,0
Baringo,2020-07-01,2020-07,2,2020-09-01,2020-09,0.0,-13.8,-20.0,-10.5,47.8,122.06666666666666,6,-8.4,-7.3,-12.3,0.036,-38.9,-0.6917223887479825,-2.6226543070314268,-5.392493832201795,-1.3285632994889371,2.0,2.0,2.0,7,3,0,0,1,-8.55,-7.6,1.103,2.0,0
Baringo,2020-07-01,2020-07,3,2020-10-01,2020-10,0.0,-13.8,-20.0,-10.5,47.8,122.06666666666666,6,-8.4,-7.3,-12.3,0.036,-38.9,-0.6917223887479825,-2.6226543070314268,-5.392493832201795,-1.3285632994889371,2.0,2.0,2.0,7,3,0,0,1,-8.55,-7.6,1.103,2.0,0
Baringo,2020-08-01,2020-08,1,2020-09-01,2020-09,0.0,-1.8,-13.8,-20.0,19.2,122.33333333333333,0,-5.5,-8.4,-7.3,0.0369999999999999,4.8,-0.2089621546319944,-3.154574132492113,-2.5424680341017254,-1.3417698561875449,2.0,2.0,2.0,8,3,0,0,1,-16.9,-21.8,-1.967,2.0,0
Baringo,2020-08-01,2020-08,2,2020-10-01,2020-10,0.0,-1.8,-13.8,-20.0,19.2,122.33333333333333,0,-5.5,-8.4,-7.3,0.0369999999999999,4.8,-0.2089621546319944,-3.154574132492113,-2.5424680341017254,-1.3417698561875449,2.0,2.0,2.0,8,3,0,0,1,-16.9,-21.8,-1.967,2.0,0
Baringo,2020-08-01,2020-08,3,2020-11-01,2020-11,0.0,-1.8,-13.8,-20.0,19.2,122.33333333333333,0,-5.5,-8.4,-7.3,0.0369999999999999,4.8,-0.2089621546319944,-3.154574132492113,-2.5424680341017254,-1.3417698561875449,2.0,2.0,2.0,8,3,0,0,1,-16.9,-21.8,-1.967,2.0,0
Baringo,2020-09-01,2020-09,1,2020-10-01,2020-10,0.0,4.9,-1.8,-13.8,18.866666666666664,92.19999999999999,1,0.9,-5.5,-8.4,0.021,9.1,3.5365286179618427,2.6054876642840674,1.1736694824658853,-1.11872578749995,2.0,2.0,2.0,9,3,0,0,1,-22.2,-30.0,-0.568,2.0,0
Baringo,2020-09-01,2020-09,2,2020-11-01,2020-11,0.0,4.9,-1.8,-13.8,18.866666666666664,92.19999999999999,1,0.9,-5.5,-8.4,0.021,9.1,3.5365286179618427,2.6054876642840674,1.1736694824658853,-1.11872578749995,2.0,2.0,2.0,9,3,0,0,1,-22.2,-30.0,-0.568,2.0,0
Baringo,2020-09-01,2020-09,3,2020-12-01,2020-12,0.0,4.9,-1.8,-13.8,18.866666666666664,92.19999999999999,1,0.9,-5.5,-8.4,0.021,9.1,3.5365286179618427,2.6054876642840674,1.1736694824658853,-1.11872578749995,2.0,2.0,2.0,9,3,0,0,1,-22.2,-30.0,-0.568,2.0,0
Baringo,2020-10-01,2020-10,1,2020-11-01,2020-11,0.0,-3.9,4.9,-1.8,45.9,93.69999999999999,2,0.0,0.9,-5.5,-0.036,11.600000000000001,-0.0898876404494382,3.2273043882052472,0.6046500811738205,-1.1245953682548866,2.0,2.0,2.0,10,4,0,1,1,-9.05,-11.15,2.951,2.0,0
Baringo,2020-10-01,2020-10,2,2020-12-01,2020-12,0.0,-3.9,4.9,-1.8,45.9,93.69999999999999,2,0.0,0.9,-5.5,-0.036,11.600000000000001,-0.0898876404494382,3.2273043882052472,0.6046500811738205,-1.1245953682548866,2.0,2.0,2.0,10,4,0,1,1,-9.05,-11.15,2.951,2.0,0
Baringo,2020-10-01,2020-10,3,2021-01-01,2021-01,0.0,-3.9,4.9,-1.8,45.9,93.69999999999999,2,0.0,0.9,-5.5,-0.036,11.600000000000001,-0.0898876404494382,3.2273043882052472,0.6046500811738205,-1.1245953682548866,2.0,2.0,2.0,10,4,0,1,1,-9.05,-11.15,2.951,2.0,0
Baringo,2020-11-01,2020-11,1,2020-12-01,2020-12,0.0,-7.0,-3.9,4.9,69.2,88.4,3,-0.7,0.0,0.9,-0.0449999999999999,0.0,0.9896536212325686,4.467194043741276,1.3126199112491626,-1.060029979950583,2.0,2.0,2.0,11,4,0,1,1,1.1,-4.25,-0.338,2.0,0
Baringo,2020-11-01,2020-11,2,2021-01-01,2021-01,0.0,-7.0,-3.9,4.9,69.2,88.4,3,-0.7,0.0,0.9,-0.0449999999999999,0.0,0.9896536212325686,4.467194043741276,1.3126199112491626,-1.060029979950583,2.0,2.0,2.0,11,4,0,1,1,1.1,-4.25,-0.338,2.0,0
Baringo,2020-11-01,2020-11,3,2021-02-01,2021-02,0.0,-7.0,-3.9,4.9,69.2,88.4,3,-0.7,0.0,0.9,-0.0449999999999999,0.0,0.9896536212325686,4.467194043741276,1.3126199112491626,-1.060029979950583,2.0,2.0,2.0,11,4,0,1,1,1.1,-4.25,-0.338,2.0,0
Baringo,2020-12-01,2020-12,1,2021-01-01,2021-01,0.0,-1.5,-7.0,-3.9,100.93333333333332,119.79999999999998,4,-7.3,-0.7,0.0,0.064,-1.799999999999999,0.779510022271715,1.6853932584269662,4.290880922711033,-1.0086711483448867,2.0,2.0,2.0,12,4,0,1,1,-6.65,-1.35,-3.527,2.0,0
Baringo,2020-12-01,2020-12,2,2021-02-01,2021-02,0.0,-1.5,-7.0,-3.9,100.93333333333332,119.79999999999998,4,-7.3,-0.7,0.0,0.064,-1.799999999999999,0.779510022271715,1.6853932584269662,4.290880922711033,-1.0086711483448867,2.0,2.0,2.0,12,4,0,1,1,-6.65,-1.35,-3.527,2.0,0
Baringo,2020-12-01,2020-12,3,2021-03-01,2021-03,0.0,-1.5,-7.0,-3.9,100.93333333333332,119.79999999999998,4,-7.3,-0.7,0.0,0.064,-1.799999999999999,0.779510022271715,1.6853932584269662,4.290880922711033,-1.0086711483448867,2.0,2.0,2.0,12,4,0,1,1,-6.65,-1.35,-3.527,2.0,0
Baringo,2021-01-01,2021-01,1,2021-02-01,2021-02,0.0,-14.0,-1.5,-7.0,69.56666666666666,115.46666666666667,0,-10.2,-7.3,-0.7,-0.1169999999999999,19.4,28.79558011049724,31.084120557804766,34.311424946010014,0.9033447825757454,2.0,2.0,2.0,1,1,0,0,1,-19.9,-16.35,29.563,2.0,0
Baringo,2021-01-01,2021-01,2,2021-03-01,2021-03,0.0,-14.0,-1.5,-7.0,69.56666666666666,115.46666666666667,0,-10.2,-7.3,-0.7,-0.1169999999999999,19.4,28.79558011049724,31.084120557804766,34.311424946010014,0.9033447825757454,2.0,2.0,2.0,1,1,0,0,1,-19.9,-16.35,29.563,2.0,0
Baringo,2021-01-01,2021-01,3,2021-04-01,2021-04,0.0,-14.0,-1.5,-7.0,69.56666666666666,115.46666666666667,0,-10.2,-7.3,-0.7,-0.1169999999999999,19.4,28.79558011049724,31.084120557804766,34.311424946010014,0.9033447825757454,2.0,2.0,2.0,1,1,0,0,1,-19.9,-16.35,29.563,2.0,0
Baringo,2021-02-01,2021-02,1,2021-03-01,2021-03,0.0,10.0,-14.0,-1.5,42.56666666666666,111.76666666666667,1,13.9,-10.2,-7.3,-0.106,-34.8,-0.2230610844200412,29.51002227171492,33.9772163154562,0.884268645122201,2.0,2.0,2.0,2,1,0,0,1,-15.2,-12.2,-1.174,3.0,2
Baringo,2021-02-01,2021-02,2,2021-04-01,2021-04,0.0,10.0,-14.0,-1.5,42.56666666666666,111.76666666666667,1,13.9,-10.2,-7.3,-0.106,-34.8,-0.2230610844200412,29.51002227171492,33.9772163154562,0.884268645122201,2.0,2.0,2.0,2,1,0,0,1,-15.2,-12.2,-1.174,3.0,2
Baringo,2021-02-01,2021-02,3,2021-05-01,2021-05,0.0,10.0,-14.0,-1.5,42.56666666666666,111.76666666666667,1,13.9,-10.2,-7.3,-0.106,-34.8,-0.2230610844200412,29.51002227171492,33.9772163154562,0.884268645122201,2.0,2.0,2.0,2,1,0,0,1,-15.2,-12.2,-1.174,3.0,2
Baringo,2021-03-01,2021-03,1,2021-04-01,2021-04,0.0,-62.6,10.0,-14.0,20.066666666666663,120.99999999999999,2,-33.9,13.9,-10.2,-0.2309999999999999,-34.3,-1.4961306964746346,26.585635359116026,28.271028617542992,0.7566052637023277,2.0,2.0,2.0,3,1,1,0,1,-64.55,-62.6,3.193,3.0,2
Baringo,2021-03-01,2021-03,2,2021-05-01,2021-05,0.0,-62.6,10.0,-14.0,20.066666666666663,120.99999999999999,2,-33.9,13.9,-10.2,-0.2309999999999999,-34.3,-1.4961306964746346,26.585635359116026,28.271028617542992,0.7566052637023277,2.0,2.0,2.0,3,1,1,0,1,-64.55,-62.6,3.193,3.0,2
Baringo,2021-03-01,2021-03,3,2021-06-01,2021-06,0.0,-62.6,10.0,-14.0,20.066666666666663,120.99999999999999,2,-33.9,13.9,-10.2,-0.2309999999999999,-34.3,-1.4961306964746346,26.585635359116026,28.271028617542992,0.7566052637023277,2.0,2.0,2.0,3,1,1,0,1,-64.55,-62.6,3.193,3.0,2
Baringo,2021-04-01,2021-04,1,2021-05-01,2021-05,0.0,-61.6,-62.6,10.0,34.46666666666667,104.03333333333333,3,-34.3,-33.9,13.9,0.003,-37.9,-0.1920391061452513,-1.904598490048044,29.17952206775672,0.7404639166262518,2.0,2.0,2.0,4,2,1,0,1,-58.6,-57.75,-4.978,3.0,2
Baringo,2021-04-01,2021-04,2,2021-06-01,2021-06,0.0,-61.6,-62.6,10.0,34.46666666666667,104.03333333333333,3,-34.3,-33.9,13.9,0.003,-37.9,-0.1920391061452513,-1.904598490048044,29.17952206775672,0.7404639166262518,2.0,2.0,2.0,4,2,1,0,1,-58.6,-57.75,-4.978,3.0,2
Baringo,2021-04-01,2021-04,3,2021-07-01,2021-07,0.0,-61.6,-62.6,10.0,34.46666666666667,104.03333333333333,3,-34.3,-33.9,13.9,0.003,-37.9,-0.1920391061452513,-1.904598490048044,29.17952206775672,0.7404639166262518,2.0,2.0,2.0,4,2,1,0,1,-58.6,-57.75,-4.978,3.0,2
Baringo,2021-05-01,2021-05,1,2021-06-01,2021-06,0.0,-62.3,-61.6,-62.6,48.866666666666674,91.43333333333334,4,-38.6,-34.3,-33.9,-0.002,-25.900000000000002,0.5422424348434494,-1.1521926053310405,28.35782966638388,0.7859531674770112,2.0,2.0,2.0,5,2,1,0,1,-62.7,-56.15,5.06,3.0,2
Baringo,2021-05-01,2021-05,2,2021-07-01,2021-07,0.0,-62.3,-61.6,-62.6,48.866666666666674,91.43333333333334,4,-38.6,-34.3,-33.9,-0.002,-25.900000000000002,0.5422424348434494,-1.1521926053310405,28.35782966638388,0.7859531674770112,2.0,2.0,2.0,5,2,1,0,1,-62.7,-56.15,5.06,3.0,2
Baringo,2021-05-01,2021-05,3,2021-08-01,2021-08,0.0,-62.3,-61.6,-62.6,48.866666666666674,91.43333333333334,4,-38.6,-34.3,-33.9,-0.002,-25.900000000000002,0.5422424348434494,-1.1521926053310405,28.35782966638388,0.7859531674770112,2.0,2.0,2.0,5,2,1,0,1,-62.7,-56.15,5.06,3.0,2
Baringo,2021-06-01,2021-06,1,2021-07-01,2021-07,0.0,-58.3,-62.3,-61.6,36.23333333333333,56.29999999999999,5,-33.2,-38.6,-34.3,-0.005,-24.599999999999998,1.51356993736952,1.8680167597765365,28.453652118892563,0.9136165488968846,2.0,2.0,2.0,6,2,0,0,1,-53.1,-50.1,-2.467,3.0,2
Baringo,2021-06-01,2021-06,2,2021-08-01,2021-08,0.0,-58.3,-62.3,-61.6,36.23333333333333,56.29999999999999,5,-33.2,-38.6,-34.3,-0.005,-24.599999999999998,1.51356993736952,1.8680167597765365,28.453652118892563,0.9136165488968846,2.0,2.0,2.0,6,2,0,0,1,-53.1,-50.1,-2.467,3.0,2
Baringo,2021-06-01,2021-06,3,2021-09-01,2021-09,0.0,-58.3,-62.3,-61.6,36.23333333333333,56.29999999999999,5,-33.2,-38.6,-34.3,-0.005,-24.599999999999998,1.51356993736952,1.8680167597765365,28.453652118892563,0.9136165488968846,2.0,2.0,2.0,6,2,0,0,1,-53.1,-50.1,-2.467,3.0,2
Baringo,2021-07-01,2021-07,1,2021-08-01,2021-08,0.0,-58.2,-58.3,-62.3,21.7,56.16666666666667,6,-34.8,-33.2,-38.6,-0.0489999999999999,-53.699999999999996,-1.9537275064267352,0.0699667657862515,-1.8346317242617924,0.7463334973811885,2.0,2.0,2.0,7,3,0,0,1,-70.6,-66.05,-0.578,3.0,2
Baringo,2021-07-01,2021-07,2,2021-09-01,2021-09,0.0,-58.2,-58.3,-62.3,21.7,56.16666666666667,6,-34.8,-33.2,-38.6,-0.0489999999999999,-53.699999999999996,-1.9537275064267352,0.0699667657862515,-1.8346317242617924,0.7463334973811885,2.0,2.0,2.0,7,3,0,0,1,-70.6,-66.05,-0.578,3.0,2
Baringo,2021-07-01,2021-07,3,2021-10-01,2021-10,0.0,-58.2,-58.3,-62.3,21.7,56.16666666666667,6,-34.8,-33.2,-38.6,-0.0489999999999999,-53.699999999999996,-1.9537275064267352,0.0699667657862515,-1.8346317242617924,0.7463334973811885,2.0,2.0,2.0,7,3,0,0,1,-70.6,-66.05,-0.578,3.0,2
Baringo,2021-08-01,2021-08,1,2021-09-01,2021-09,0.0,-60.0,-58.2,-58.3,6.9,55.76666666666667,7,-39.8,-34.8,-33.2,-0.0149999999999999,-10.399999999999999,2.0450970110120608,1.5657620041753653,0.41356939884432475,0.9180187344630872,2.0,2.0,2.0,8,3,0,0,1,-62.2,-58.15,2.973,3.0,2
Baringo,2021-08-01,2021-08,2,2021-10-01,2021-10,0.0,-60.0,-58.2,-58.3,6.9,55.76666666666667,7,-39.8,-34.8,-33.2,-0.0149999999999999,-10.399999999999999,2.0450970110120608,1.5657620041753653,0.41356939884432475,0.9180187344630872,2.0,2.0,2.0,8,3,0,0,1,-62.2,-58.15,2.973,3.0,2
Baringo,2021-08-01,2021-08,3,2021-11-01,2021-11,0.0,-60.0,-58.2,-58.3,6.9,55.76666666666667,7,-39.8,-34.8,-33.2,-0.0149999999999999,-10.399999999999999,2.0450970110120608,1.5657620041753653,0.41356939884432475,0.9180187344630872,2.0,2.0,2.0,8,3,0,0,1,-62.2,-58.15,2.973,3.0,2
Baringo,2021-09-01,2021-09,1,2021-10-01,2021-10,0.0,-64.7,-60.0,-58.2,6.633333333333334,42.86666666666666,8,-44.3,-39.8,-34.8,0.0269999999999999,-3.9000000000000057,-0.2569373072970195,-0.2056555269922879,1.6623612327842485,0.8960078066320745,2.0,2.0,2.0,9,3,0,0,1,-59.45,-52.95,-0.986,3.0,2
Baringo,2021-09-01,2021-09,2,2021-11-01,2021-11,0.0,-64.7,-60.0,-58.2,6.633333333333334,42.86666666666666,8,-44.3,-39.8,-34.8,0.0269999999999999,-3.9000000000000057,-0.2569373072970195,-0.2056555269922879,1.6623612327842485,0.8960078066320745,2.0,2.0,2.0,9,3,0,0,1,-59.45,-52.95,-0.986,3.0,2
Baringo,2021-09-01,2021-09,3,2021-12-01,2021-12,0.0,-64.7,-60.0,-58.2,6.633333333333334,42.86666666666666,8,-44.3,-39.8,-34.8,0.0269999999999999,-3.9000000000000057,-0.2569373072970195,-0.2056555269922879,1.6623612327842485,0.8960078066320745,2.0,2.0,2.0,9,3,0,0,1,-59.45,-52.95,-0.986,3.0,2
Baringo,2021-10-01,2021-10,1,2021-11-01,2021-11,0.0,-67.8,-64.7,-60.0,18.0,39.7,9,-38.2,-44.3,-39.8,0.0529999999999999,5.0,-0.858663918942126,0.9089320048942492,0.9788987706805007,0.8226380471953656,2.0,2.0,2.0,10,4,0,1,1,-67.1,-64.7,-1.411,3.0,2
Baringo,2021-10-01,2021-10,2,2021-12-01,2021-12,0.0,-67.8,-64.7,-60.0,18.0,39.7,9,-38.2,-44.3,-39.8,0.0529999999999999,5.0,-0.858663918942126,0.9089320048942492,0.9788987706805007,0.8226380471953656,2.0,2.0,2.0,10,4,0,1,1,-67.1,-64.7,-1.411,3.0,2
Baringo,2021-10-01,2021-10,3,2022-01-01,2022-01,1.0,-67.8,-64.7,-60.0,18.0,39.7,9,-38.2,-44.3,-39.8,0.0529999999999999,5.0,-0.858663918942126,0.9089320048942492,0.9788987706805007,0.8226380471953656,2.0,2.0,2.0,10,4,0,1,1,-67.1,-64.7,-1.411,3.0,2
Baringo,2021-11-01,2021-11,1,2021-12-01,2021-12,0.0,-64.2,-67.8,-64.7,24.83333333333333,31.733333333333327,10,-33.6,-38.2,-44.3,-0.024,0.9000000000000057,0.4330504070673827,-0.6851661527920521,0.8805958513833132,0.85932292691372,2.0,2.0,2.0,11,4,0,1,1,-62.1,-49.6,4.156,3.0,2
Baringo,2021-11-01,2021-11,2,2022-01-01,2022-01,1.0,-64.2,-67.8,-64.7,24.83333333333333,31.733333333333327,10,-33.6,-38.2,-44.3,-0.024,0.9000000000000057,0.4330504070673827,-0.6851661527920521,0.8805958513833132,0.85932292691372,2.0,2.0,2.0,11,4,0,1,1,-62.1,-49.6,4.156,3.0,2
Baringo,2021-11-01,2021-11,3,2022-02-01,2022-02,1.0,-64.2,-67.8,-64.7,24.83333333333333,31.733333333333327,10,-33.6,-38.2,-44.3,-0.024,0.9000000000000057,0.4330504070673827,-0.6851661527920521,0.8805958513833132,0.85932292691372,2.0,2.0,2.0,11,4,0,1,1,-62.1,-49.6,4.156,3.0,2
Baringo,2021-12-01,2021-12,1,2022-01-01,2022-01,1.0,-60.2,-64.2,-67.8,35.63333333333333,42.266666666666666,11,-32.3,-33.6,-38.2,-0.007,-8.800000000000004,0.6553984132459468,0.2232526189249528,0.0175970919326649,0.9150839440856188,2.0,2.0,2.0,12,4,0,1,1,-56.8,-56.85,-1.932,3.0,2
Baringo,2021-12-01,2021-12,2,2022-02-01,2022-02,1.0,-60.2,-64.2,-67.8,35.63333333333333,42.266666666666666,11,-32.3,-33.6,-38.2,-0.007,-8.800000000000004,0.6553984132459468,0.2232526189249528,0.0175970919326649,0.9150839440856188,2.0,2.0,2.0,12,4,0,1,1,-56.8,-56.85,-1.932,3.0,2
Baringo,2021-12-01,2021-12,3,2022-03-01,2022-03,1.0,-60.2,-64.2,-67.8,35.63333333333333,42.266666666666666,11,-32.3,-33.6,-38.2,-0.007,-8.800000000000004,0.6553984132459468,0.2232526189249528,0.0175970919326649,0.9150839440856188,2.0,2.0,2.0,12,4,0,1,1,-56.8,-56.85,-1.932,3.0,2
Baringo,2022-01-01,2022-01,1,2022-02-01,2022-02,1.0,-74.0,-60.2,-64.2,24.866666666666664,42.86666666666666,12,-43.6,-32.3,-33.6,0.008,4.599999999999994,-0.3598355037697052,0.7275246838732028,1.6364566887674519,0.884268645122201,2.0,2.0,2.0,1,1,0,0,1,-65.35,-67.95,1.673,3.0,2
Baringo,2022-01-01,2022-01,2,2022-03-01,2022-03,1.0,-74.0,-60.2,-64.2,24.866666666666664,42.86666666666666,12,-43.6,-32.3,-33.6,0.008,4.599999999999994,-0.3598355037697052,0.7275246838732028,1.6364566887674519,0.884268645122201,2.0,2.0,2.0,1,1,0,0,1,-65.35,-67.95,1.673,3.0,2
Baringo,2022-01-01,2022-01,3,2022-04-01,2022-04,1.0,-74.0,-60.2,-64.2,24.866666666666664,42.86666666666666,12,-43.6,-32.3,-33.6,0.008,4.599999999999994,-0.3598355037697052,0.7275246838732028,1.6364566887674519,0.884268645122201,2.0,2.0,2.0,1,1,0,0,1,-65.35,-67.95,1.673,3.0,2
Baringo,2022-02-01,2022-02,1,2022-03-01,2022-03,1.0,-61.8,-74.0,-60.2,18.566666666666663,43.39999999999999,13,-35.2,-43.6,-32.3,0.033,13.799999999999997,1.994840928632846,2.293894446360814,1.608728293568762,1.0544864870153656,3.0,2.0,2.0,2,1,0,0,1,-65.6,-61.85,1.737,4.0,2
Baringo,2022-02-01,2022-02,2,2022-04-01,2022-04,1.0,-61.8,-74.0,-60.2,18.566666666666663,43.39999999999999,13,-35.2,-43.6,-32.3,0.033,13.799999999999997,1.994840928632846,2.293894446360814,1.608728293568762,1.0544864870153656,3.0,2.0,2.0,2,1,0,0,1,-65.6,-61.85,1.737,4.0,2
Baringo,2022-02-01,2022-02,3,2022-05-01,2022-05,1.0,-61.8,-74.0,-60.2,18.566666666666663,43.39999999999999,13,-35.2,-43.6,-32.3,0.033,13.799999999999997,1.994840928632846,2.293894446360814,1.608728293568762,1.0544864870153656,3.0,2.0,2.0,2,1,0,0,1,-65.6,-61.85,1.737,4.0,2
Baringo,2022-03-01,2022-03,1,2022-04-01,2022-04,1.0,-55.3,-61.8,-74.0,23.066666666666663,58.699999999999996,14,-30.5,-35.2,-43.6,0.003,2.1000000000000014,0.1517450682852807,1.782042494859493,2.0052951137844457,1.0676930437139731,3.0,3.0,2.0,3,1,1,0,1,-64.25,-62.75,-3.247,4.0,2
Baringo,2022-03-01,2022-03,2,2022-05-01,2022-05,1.0,-55.3,-61.8,-74.0,23.066666666666663,58.699999999999996,14,-30.5,-35.2,-43.6,0.003,2.1000000000000014,0.1517450682852807,1.782042494859493,2.0052951137844457,1.0676930437139731,3.0,3.0,2.0,3,1,1,0,1,-64.25,-62.75,-3.247,4.0,2
Baringo,2022-03-01,2022-03,3,2022-06-01,2022-06,1.0,-55.3,-61.8,-74.0,23.066666666666663,58.699999999999996,14,-30.5,-35.2,-43.6,0.003,2.1000000000000014,0.1517450682852807,1.782042494859493,2.0052951137844457,1.0676930437139731,3.0,3.0,2.0,3,1,1,0,1,-64.25,-62.75,-3.247,4.0,2
Baringo,2022-04-01,2022-04,1,2022-05-01,2022-05,1.0,-59.5,-55.3,-61.8,37.1,61.96666666666667,15,-36.1,-30.5,-35.2,-0.0299999999999999,-0.8999999999999986,0.7407407407407408,2.9062768701633703,3.633801554036573,1.132258432018277,3.0,3.0,3.0,4,2,1,0,1,-64.5,-63.75,2.31,4.0,2
Baringo,2022-04-01,2022-04,2,2022-06-01,2022-06,1.0,-59.5,-55.3,-61.8,37.1,61.96666666666667,15,-36.1,-30.5,-35.2,-0.0299999999999999,-0.8999999999999986,0.7407407407407408,2.9062768701633703,3.633801554036573,1.132258432018277,3.0,3.0,3.0,4,2,1,0,1,-64.5,-63.75,2.31,4.0,2
Baringo,2022-04-01,2022-04,3,2022-07-01,2022-07,1.0,-59.5,-55.3,-61.8,37.1,61.96666666666667,15,-36.1,-30.5,-35.2,-0.0299999999999999,-0.8999999999999986,0.7407407407407408,2.9062768701633703,3.633801554036573,1.132258432018277,3.0,3.0,3.0,4,2,1,0,1,-64.5,-63.75,2.31,4.0,2
Baringo,2022-05-01,2022-05,1,2022-06-01,2022-06,1.0,-56.4,-59.5,-55.3,51.43333333333334,70.0,16,-34.5,-36.1,-30.5,0.0159999999999999,-5.0,-2.356283422459893,-1.4837295565671893,0.8101648897936247,0.925355710406758,3.0,3.0,3.0,5,2,1,0,1,-62.45,-67.75,0.6,4.0,2
Baringo,2022-05-01,2022-05,2,2022-07-01,2022-07,1.0,-56.4,-59.5,-55.3,51.43333333333334,70.0,16,-34.5,-36.1,-30.5,0.0159999999999999,-5.0,-2.356283422459893,-1.4837295565671893,0.8101648897936247,0.925355710406758,3.0,3.0,3.0,5,2,1,0,1,-62.45,-67.75,0.6,4.0,2
Baringo,2022-05-01,2022-05,3,2022-08-01,2022-08,1.0,-56.4,-59.5,-55.3,51.43333333333334,70.0,16,-34.5,-36.1,-30.5,0.0159999999999999,-5.0,-2.356283422459893,-1.4837295565671893,0.8101648897936247,0.925355710406758,3.0,3.0,3.0,5,2,1,0,1,-62.45,-67.75,0.6,4.0,2
Baringo,2022-06-01,2022-06,1,2022-07-01,2022-07,1.0,-58.1,-56.4,-59.5,35.96666666666667,59.03333333333333,17,-37.3,-34.5,-36.1,-0.0259999999999999,11.100000000000001,4.501112442238576,2.7946127946127945,4.576655289472288,1.3112806450438463,3.0,3.0,3.0,6,2,0,0,1,-61.4,-56.75,-0.861,4.0,2
Baringo,2022-06-01,2022-06,2,2022-08-01,2022-08,1.0,-58.1,-56.4,-59.5,35.96666666666667,59.03333333333333,17,-37.3,-34.5,-36.1,-0.0259999999999999,11.100000000000001,4.501112442238576,2.7946127946127945,4.576655289472288,1.3112806450438463,3.0,3.0,3.0,6,2,0,0,1,-61.4,-56.75,-0.861,4.0,2
Baringo,2022-06-01,2022-06,3,2022-09-01,2022-09,1.0,-58.1,-56.4,-59.5,35.96666666666667,59.03333333333333,17,-37.3,-34.5,-36.1,-0.0259999999999999,11.100000000000001,4.501112442238576,2.7946127946127945,4.576655289472288,1.3112806450438463,3.0,3.0,3.0,6,2,0,0,1,-61.4,-56.75,-0.861,4.0,2
Baringo,2022-07-01,2022-07,1,2022-08-01,2022-08,1.0,-58.0,-58.1,-56.4,21.166666666666668,58.266666666666666,18,-32.5,-37.3,-34.5,0.005,-5.299999999999997,-2.1945627251883395,-0.2005347593582888,2.7057421108050814,1.1146496897534668,3.0,3.0,3.0,7,3,0,0,1,-60.35,-58.75,0.514,4.0,2
Baringo,2022-07-01,2022-07,2,2022-09-01,2022-09,1.0,-58.0,-58.1,-56.4,21.166666666666668,58.266666666666666,18,-32.5,-37.3,-34.5,0.005,-5.299999999999997,-2.1945627251883395,-0.2005347593582888,2.7057421108050814,1.1146496897534668,3.0,3.0,3.0,7,3,0,0,1,-60.35,-58.75,0.514,4.0,2
Baringo,2022-07-01,2022-07,3,2022-10-01,2022-10,1.0,-58.0,-58.1,-56.4,21.166666666666668,58.266666666666666,18,-32.5,-37.3,-34.5,0.005,-5.299999999999997,-2.1945627251883395,-0.2005347593582888,2.7057421108050814,1.1146496897534668,3.0,3.0,3.0,7,3,0,0,1,-60.35,-58.75,0.514,4.0,2
Baringo,2022-08-01,2022-08,1,2022-09-01,2022-09,1.0,-66.8,-58.0,-58.1,6.6000000000000005,58.03333333333334,19,-40.5,-32.5,-37.3,-0.013,-5.600000000000001,3.6671131949095774,5.955844600376519,4.47211504380933,1.4360092360862515,3.0,3.0,3.0,8,3,0,0,1,-60.85,-60.45,1.665,4.0,2
Baringo,2022-08-01,2022-08,2,2022-10-01,2022-10,1.0,-66.8,-58.0,-58.1,6.6000000000000005,58.03333333333334,19,-40.5,-32.5,-37.3,-0.013,-5.600000000000001,3.6671131949095774,5.955844600376519,4.47211504380933,1.4360092360862515,3.0,3.0,3.0,8,3,0,0,1,-60.85,-60.45,1.665,4.0,2
Baringo,2022-08-01,2022-08,3,2022-11-01,2022-11,1.0,-66.8,-58.0,-58.1,6.6000000000000005,58.03333333333334,19,-40.5,-32.5,-37.3,-0.013,-5.600000000000001,3.6671131949095774,5.955844600376519,4.47211504380933,1.4360092360862515,3.0,3.0,3.0,8,3,0,0,1,-60.85,-60.45,1.665,4.0,2
Baringo,2022-09-01,2022-09,1,2022-10-01,2022-10,1.0,-67.3,-66.8,-58.0,6.4,42.36666666666667,20,-36.1,-40.5,-32.5,0.0329999999999999,0.6000000000000014,-0.9853012437409144,0.3930560104814936,3.187668805094288,1.3464981295734666,3.0,3.0,3.0,9,3,0,0,1,-61.4,-54.4,-4.606,4.0,2
Baringo,2022-09-01,2022-09,2,2022-11-01,2022-11,1.0,-67.3,-66.8,-58.0,6.4,42.36666666666667,20,-36.1,-40.5,-32.5,0.0329999999999999,0.6000000000000014,-0.9853012437409144,0.3930560104814936,3.187668805094288,1.3464981295734666,3.0,3.0,3.0,9,3,0,0,1,-61.4,-54.4,-4.606,4.0,2
Baringo,2022-09-01,2022-09,3,2022-12-01,2022-12,1.0,-67.3,-66.8,-58.0,6.4,42.36666666666667,20,-36.1,-40.5,-32.5,0.0329999999999999,0.6000000000000014,-0.9853012437409144,0.3930560104814936,3.187668805094288,1.3464981295734666,3.0,3.0,3.0,9,3,0,0,1,-61.4,-54.4,-4.606,4.0,2
Baringo,2022-10-01,2022-10,1,2022-11-01,2022-11,1.0,-63.1,-67.3,-66.8,18.133333333333333,39.3,21,-35.5,-36.1,-40.5,0.0119999999999999,1.5,-2.6427406199021206,-0.0669792364367046,-0.2675139957949934,1.10878010899853,3.0,3.0,3.0,10,4,0,1,1,-66.55,-62.2,0.587,4.0,2
Baringo,2022-10-01,2022-10,2,2022-12-01,2022-12,1.0,-63.1,-67.3,-66.8,18.133333333333333,39.3,21,-35.5,-36.1,-40.5,0.0119999999999999,1.5,-2.6427406199021206,-0.0669792364367046,-0.2675139957949934,1.10878010899853,3.0,3.0,3.0,10,4,0,1,1,-66.55,-62.2,0.587,4.0,2
Baringo,2022-10-01,2022-10,3,2023-01-01,2023-01,0.0,-63.1,-67.3,-66.8,18.133333333333333,39.3,21,-35.5,-36.1,-40.5,0.0119999999999999,1.5,-2.6427406199021206,-0.0669792364367046,-0.2675139957949934,1.10878010899853,3.0,3.0,3.0,10,4,0,1,1,-66.55,-62.2,0.587,4.0,2
Baringo,2022-11-01,2022-11,1,2022-12-01,2022-12,1.0,-69.9,-63.1,-67.3,28.5,35.1,22,-33.0,-35.5,-36.1,0.028,3.8999999999999986,-0.2010723860589812,-3.7958326603133576,2.1600119400631614,1.09117136673372,3.0,3.0,3.0,11,4,0,1,1,-57.5,-54.8,1.975,4.0,2
Baringo,2022-11-01,2022-11,2,2023-01-01,2023-01,0.0,-69.9,-63.1,-67.3,28.5,35.1,22,-33.0,-35.5,-36.1,0.028,3.8999999999999986,-0.2010723860589812,-3.7958326603133576,2.1600119400631614,1.09117136673372,3.0,3.0,3.0,11,4,0,1,1,-57.5,-54.8,1.975,4.0,2
Baringo,2022-11-01,2022-11,3,2023-02-01,2023-02,0.0,-69.9,-63.1,-67.3,28.5,35.1,22,-33.0,-35.5,-36.1,0.028,3.8999999999999986,-0.2010723860589812,-3.7958326603133576,2.1600119400631614,1.09117136673372,3.0,3.0,3.0,11,4,0,1,1,-57.5,-54.8,1.975,4.0,2
Baringo,2022-12-01,2022-12,1,2023-01-01,2023-01,0.0,-59.6,-69.9,-63.1,41.8,48.199999999999996,23,-33.4,-33.0,-35.5,-0.007,3.3999999999999986,-1.6789791806581598,-4.469820554649266,-4.076764544167773,0.9444318478603024,3.0,3.0,3.0,12,4,0,1,1,-61.55,-67.1,1.804,4.0,2
Baringo,2022-12-01,2022-12,2,2023-02-01,2023-02,0.0,-59.6,-69.9,-63.1,41.8,48.199999999999996,23,-33.4,-33.0,-35.5,-0.007,3.3999999999999986,-1.6789791806581598,-4.469820554649266,-4.076764544167773,0.9444318478603024,3.0,3.0,3.0,12,4,0,1,1,-61.55,-67.1,1.804,4.0,2
Baringo,2022-12-01,2022-12,3,2023-03-01,2023-03,0.0,-59.6,-69.9,-63.1,41.8,48.199999999999996,23,-33.4,-33.0,-35.5,-0.007,3.3999999999999986,-1.6789791806581598,-4.469820554649266,-4.076764544167773,0.9444318478603024,3.0,3.0,3.0,12,4,0,1,1,-61.55,-67.1,1.804,4.0,2
Baringo,2023-01-01,2023-01,1,2023-02-01,2023-02,0.0,-62.9,-59.6,-69.9,31.73333333333333,49.86666666666666,24,-29.1,-33.4,-33.0,0.0529999999999999,6.0,1.4173497267759565,-0.4859249329758713,-0.5529041694125759,1.066225648525239,3.0,3.0,3.0,1,1,0,0,1,-62.1,-60.95,-8.116,4.0,2
Baringo,2023-01-01,2023-01,2,2023-03-01,2023-03,0.0,-62.9,-59.6,-69.9,31.73333333333333,49.86666666666666,24,-29.1,-33.4,-33.0,0.0529999999999999,6.0,1.4173497267759565,-0.4859249329758713,-0.5529041694125759,1.066225648525239,3.0,3.0,3.0,1,1,0,0,1,-62.1,-60.95,-8.116,4.0,2
Baringo,2023-01-01,2023-01,3,2023-04-01,2023-04,0.0,-62.9,-59.6,-69.9,31.73333333333333,49.86666666666666,24,-29.1,-33.4,-33.0,0.0529999999999999,6.0,1.4173497267759565,-0.4859249329758713,-0.5529041694125759,1.066225648525239,3.0,3.0,3.0,1,1,0,0,1,-62.1,-60.95,-8.116,4.0,2
Baringo,2023-02-01,2023-02,1,2023-03-01,2023-03,0.0,-55.6,-62.9,-59.6,23.433333333333337,51.93333333333334,25,-34.5,-29.1,-33.4,0.0469999999999999,14.700000000000003,-6.600437784138744,-6.867024848891874,-10.662857509205232,0.4910067345414417,2.0,3.0,3.0,2,1,0,0,1,-61.9,-56.45,0.935,3.0,2
Baringo,2023-02-01,2023-02,2,2023-04-01,2023-04,0.0,-55.6,-62.9,-59.6,23.433333333333337,51.93333333333334,25,-34.5,-29.1,-33.4,0.0469999999999999,14.700000000000003,-6.600437784138744,-6.867024848891874,-10.662857509205232,0.4910067345414417,2.0,3.0,3.0,2,1,0,0,1,-61.9,-56.45,0.935,3.0,2
Baringo,2023-02-01,2023-02,3,2023-05-01,2023-05,0.0,-55.6,-62.9,-59.6,23.433333333333337,51.93333333333334,25,-34.5,-29.1,-33.4,0.0469999999999999,14.700000000000003,-6.600437784138744,-6.867024848891874,-10.662857509205232,0.4910067345414417,2.0,3.0,3.0,2,1,0,0,1,-61.9,-56.45,0.935,3.0,2
Baringo,2023-03-01,2023-03,1,2023-04-01,2023-04,0.0,-41.3,-55.6,-62.9,35.46666666666666,77.26666666666665,26,-21.4,-34.5,-29.1,0.039,17.1,0.7751937984496124,-4.5423497267759565,-9.012170281425224,0.5541047276570114,2.0,2.0,3.0,3,1,1,0,1,-29.8,-21.9,4.214,3.0,2
Baringo,2023-03-01,2023-03,2,2023-05-01,2023-05,0.0,-41.3,-55.6,-62.9,35.46666666666666,77.26666666666665,26,-21.4,-34.5,-29.1,0.039,17.1,0.7751937984496124,-4.5423497267759565,-9.012170281425224,0.5541047276570114,2.0,2.0,3.0,3,1,1,0,1,-29.8,-21.9,4.214,3.0,2
Baringo,2023-03-01,2023-03,3,2023-06-01,2023-06,0.0,-41.3,-55.6,-62.9,35.46666666666666,77.26666666666665,26,-21.4,-34.5,-29.1,0.039,17.1,0.7751937984496124,-4.5423497267759565,-9.012170281425224,0.5541047276570114,2.0,2.0,3.0,3,1,1,0,1,-29.8,-21.9,4.214,3.0,2
Baringo,2023-04-01,2023-04,1,2023-05-01,2023-05,0.0,-30.9,-41.3,-55.6,60.9,92.63333333333333,27,-18.4,-21.4,-34.5,0.051,7.300000000000001,3.7924865831842576,-2.3067856541505303,-2.7927105871264017,0.8651925076686567,2.0,2.0,2.0,4,2,1,0,1,-34.6,-40.3,-4.231,3.0,2
Baringo,2023-04-01,2023-04,2,2023-06-01,2023-06,0.0,-30.9,-41.3,-55.6,60.9,92.63333333333333,27,-18.4,-21.4,-34.5,0.051,7.300000000000001,3.7924865831842576,-2.3067856541505303,-2.7927105871264017,0.8651925076686567,2.0,2.0,2.0,4,2,1,0,1,-34.6,-40.3,-4.231,3.0,2
Baringo,2023-04-01,2023-04,3,2023-07-01,2023-07,0.0,-30.9,-41.3,-55.6,60.9,92.63333333333333,27,-18.4,-21.4,-34.5,0.051,7.300000000000001,3.7924865831842576,-2.3067856541505303,-2.7927105871264017,0.8651925076686567,2.0,2.0,2.0,4,2,1,0,1,-34.6,-40.3,-4.231,3.0,2
Baringo,2023-05-01,2023-05,1,2023-06-01,2023-06,0.0,-32.4,-30.9,-41.3,82.19999999999999,105.63333333333333,28,-25.7,-18.4,-21.4,0.019,23.599999999999998,-0.8790072388831437,3.6776636019469984,-3.1893612469448755,0.7903553530432137,2.0,2.0,2.0,5,2,1,0,1,-39.3,-42.05,3.151,3.0,2
Baringo,2023-05-01,2023-05,2,2023-07-01,2023-07,0.0,-32.4,-30.9,-41.3,82.19999999999999,105.63333333333333,28,-25.7,-18.4,-21.4,0.019,23.599999999999998,-0.8790072388831437,3.6776636019469984,-3.1893612469448755,0.7903553530432137,2.0,2.0,2.0,5,2,1,0,1,-39.3,-42.05,3.151,3.0,2
Baringo,2023-05-01,2023-05,3,2023-08-01,2023-08,0.0,-32.4,-30.9,-41.3,82.19999999999999,105.63333333333333,28,-25.7,-18.4,-21.4,0.019,23.599999999999998,-0.8790072388831437,3.6776636019469984,-3.1893612469448755,0.7903553530432137,2.0,2.0,2.0,5,2,1,0,1,-39.3,-42.05,3.151,3.0,2
Baringo,2023-06-01,2023-06,1,2023-07-01,2023-07,0.0,-27.6,-32.4,-30.9,59.333333333333336,94.8,29,-9.8,-25.7,-18.4,0.0429999999999999,15.000000000000002,-1.7562163102069206,1.073345259391771,-3.4690044673841856,0.6421484389810619,2.0,2.0,2.0,6,2,0,0,1,-27.95,-33.65,-2.528,3.0,2
Baringo,2023-06-01,2023-06,2,2023-08-01,2023-08,0.0,-27.6,-32.4,-30.9,59.333333333333336,94.8,29,-9.8,-25.7,-18.4,0.0429999999999999,15.000000000000002,-1.7562163102069206,1.073345259391771,-3.4690044673841856,0.6421484389810619,2.0,2.0,2.0,6,2,0,0,1,-27.95,-33.65,-2.528,3.0,2
Baringo,2023-06-01,2023-06,3,2023-09-01,2023-09,0.0,-27.6,-32.4,-30.9,59.333333333333336,94.8,29,-9.8,-25.7,-18.4,0.0429999999999999,15.000000000000002,-1.7562163102069206,1.073345259391771,-3.4690044673841856,0.6421484389810619,2.0,2.0,2.0,6,2,0,0,1,-27.95,-33.65,-2.528,3.0,2
Baringo,2023-07-01,2023-07,1,2023-08-01,2023-08,0.0,-36.2,-27.6,-32.4,34.7,95.6,30,-14.1,-9.8,-25.7,-0.037,18.6,-2.884955752212389,-5.429162357807653,-7.7359480119581825,0.4029630232173911,2.0,2.0,2.0,7,3,0,0,1,-37.2,-31.25,1.351,3.0,2
Baringo,2023-07-01,2023-07,2,2023-09-01,2023-09,0.0,-36.2,-27.6,-32.4,34.7,95.6,30,-14.1,-9.8,-25.7,-0.037,18.6,-2.884955752212389,-5.429162357807653,-7.7359480119581825,0.4029630232173911,2.0,2.0,2.0,7,3,0,0,1,-37.2,-31.25,1.351,3.0,2
Baringo,2023-07-01,2023-07,3,2023-10-01,2023-10,0.0,-36.2,-27.6,-32.4,34.7,95.6,30,-14.1,-9.8,-25.7,-0.037,18.6,-2.884955752212389,-5.429162357807653,-7.7359480119581825,0.4029630232173911,2.0,2.0,2.0,7,3,0,0,1,-37.2,-31.25,1.351,3.0,2
Baringo,2023-08-01,2023-08,1,2023-09-01,2023-09,0.0,-31.4,-36.2,-27.6,12.433333333333332,94.63333333333333,31,-15.9,-14.1,-9.8,-0.0399999999999999,3.1999999999999993,7.2717331875341715,2.3474178403755865,6.025081442322585,0.9884537035223276,2.0,2.0,2.0,8,3,0,0,1,-32.2,-28.55,0.443,3.0,2
Baringo,2023-08-01,2023-08,2,2023-10-01,2023-10,0.0,-31.4,-36.2,-27.6,12.433333333333332,94.63333333333333,31,-15.9,-14.1,-9.8,-0.0399999999999999,3.1999999999999993,7.2717331875341715,2.3474178403755865,6.025081442322585,0.9884537035223276,2.0,2.0,2.0,8,3,0,0,1,-32.2,-28.55,0.443,3.0,2
Baringo,2023-08-01,2023-08,3,2023-11-01,2023-11,0.0,-31.4,-36.2,-27.6,12.433333333333332,94.63333333333333,31,-15.9,-14.1,-9.8,-0.0399999999999999,3.1999999999999993,7.2717331875341715,2.3474178403755865,6.025081442322585,0.9884537035223276,2.0,2.0,2.0,8,3,0,0,1,-32.2,-28.55,0.443,3.0,2
Baringo,2023-09-01,2023-09,1,2023-10-01,2023-10,0.0,-28.8,-31.4,-36.2,12.133333333333333,71.46666666666667,32,-18.2,-15.9,-14.1,-0.02,-4.800000000000001,-1.5800203873598369,2.5309734513274336,3.6043187107192045,0.8519859509700491,2.0,2.0,2.0,9,3,0,0,1,-34.1,-37.2,-6.189,3.0,2
Baringo,2023-09-01,2023-09,2,2023-11-01,2023-11,0.0,-28.8,-31.4,-36.2,12.133333333333333,71.46666666666667,32,-18.2,-15.9,-14.1,-0.02,-4.800000000000001,-1.5800203873598369,2.5309734513274336,3.6043187107192045,0.8519859509700491,2.0,2.0,2.0,9,3,0,0,1,-34.1,-37.2,-6.189,3.0,2
Baringo,2023-09-01,2023-09,3,2023-12-01,2023-12,0.0,-28.8,-31.4,-36.2,12.133333333333333,71.46666666666667,32,-18.2,-15.9,-14.1,-0.02,-4.800000000000001,-1.5800203873598369,2.5309734513274336,3.6043187107192045,0.8519859509700491,2.0,2.0,2.0,9,3,0,0,1,-34.1,-37.2,-6.189,3.0,2
Baringo,2023-10-01,2023-10,1,2023-11-01,2023-11,0.0,-46.0,-28.8,-31.4,65.66666666666667,100.36666666666667,33,-23.2,-18.2,-15.9,0.241,5.199999999999999,-10.616261004660798,-5.6314926189174415,-11.060654976725093,-0.0504620901014694,2.0,2.0,2.0,10,4,0,1,1,-33.3,-33.95,-4.215,3.0,2
Baringo,2023-10-01,2023-10,2,2023-12-01,2023-12,0.0,-46.0,-28.8,-31.4,65.66666666666667,100.36666666666667,33,-23.2,-18.2,-15.9,0.241,5.199999999999999,-10.616261004660798,-5.6314926189174415,-11.060654976725093,-0.0504620901014694,2.0,2.0,2.0,10,4,0,1,1,-33.3,-33.95,-4.215,3.0,2
Baringo,2023-10-01,2023-10,3,2024-01-01,2024-01,0.0,-46.0,-28.8,-31.4,65.66666666666667,100.36666666666667,33,-23.2,-18.2,-15.9,0.241,5.199999999999999,-10.616261004660798,-5.6314926189174415,-11.060654976725093,-0.0504620901014694,2.0,2.0,2.0,10,4,0,1,1,-33.3,-33.95,-4.215,3.0,2
Baringo,2023-11-01,2023-11,1,2023-12-01,2023-12,0.0,-36.1,-46.0,-28.8,132.16666666666666,144.6,0,-20.5,-23.2,-18.2,0.3719999999999999,46.400000000000006,-0.3862495171881035,-12.36833163438668,-10.020913794011094,-0.0798099938761529,2.0,2.0,2.0,11,4,0,1,1,-15.05,-1.65,0.05,3.0,2
Baringo,2023-11-01,2023-11,2,2024-01-01,2024-01,0.0,-36.1,-46.0,-28.8,132.16666666666666,144.6,0,-20.5,-23.2,-18.2,0.3719999999999999,46.400000000000006,-0.3862495171881035,-12.36833163438668,-10.020913794011094,-0.0798099938761529,2.0,2.0,2.0,11,4,0,1,1,-15.05,-1.65,0.05,3.0,2
Baringo,2023-11-01,2023-11,3,2024-02-01,2024-02,0.0,-36.1,-46.0,-28.8,132.16666666666666,144.6,0,-20.5,-23.2,-18.2,0.3719999999999999,46.400000000000006,-0.3862495171881035,-12.36833163438668,-10.020913794011094,-0.0798099938761529,2.0,2.0,2.0,11,4,0,1,1,-15.05,-1.65,0.05,3.0,2
Baringo,2023-12-01,2023-12,1,2024-01-01,2024-01,0.0,69.5,-36.1,-46.0,195.16666666666663,207.29999999999995,0,36.6,-20.5,-23.2,0.352,75.5,-0.5622334238076774,-11.46210944243052,-8.931135991103087,-0.1223644543494441,2.0,2.0,2.0,12,4,0,1,1,43.15,41.65,1.925,3.0,2
Baringo,2023-12-01,2023-12,2,2024-02-01,2024-02,0.0,69.5,-36.1,-46.0,195.16666666666663,207.29999999999995,0,36.6,-20.5,-23.2,0.352,75.5,-0.5622334238076774,-11.46210944243052,-8.931135991103087,-0.1223644543494441,2.0,2.0,2.0,12,4,0,1,1,43.15,41.65,1.925,3.0,2
Baringo,2023-12-01,2023-12,3,2024-03-01,2024-03,0.0,69.5,-36.1,-46.0,195.16666666666663,207.29999999999995,0,36.6,-20.5,-23.2,0.352,75.5,-0.5622334238076774,-11.46210944243052,-8.931135991103087,-0.1223644543494441,2.0,2.0,2.0,12,4,0,1,1,43.15,41.65,1.925,3.0,2
Baringo,2024-01-01,2024-01,1,2024-02-01,2024-02,0.0,104.1,69.5,-36.1,145.8,211.4666666666667,0,61.4,36.6,-20.5,-0.0599999999999999,75.4,1.6182491713784362,0.656624179219776,-4.974868439697666,-0.0005706536845074,2.0,2.0,2.0,1,1,0,0,1,82.65,88.85,2.615,3.0,2
Baringo,2024-01-01,2024-01,2,2024-03-01,2024-03,0.0,104.1,69.5,-36.1,145.8,211.4666666666667,0,61.4,36.6,-20.5,-0.0599999999999999,75.4,1.6182491713784362,0.656624179219776,-4.974868439697666,-0.0005706536845074,2.0,2.0,2.0,1,1,0,0,1,82.65,88.85,2.615,3.0,2
Baringo,2024-01-01,2024-01,3,2024-04-01,2024-04,0.0,104.1,69.5,-36.1,145.8,211.4666666666667,0,61.4,36.6,-20.5,-0.0599999999999999,75.4,1.6182491713784362,0.656624179219776,-4.974868439697666,-0.0005706536845074,2.0,2.0,2.0,1,1,0,0,1,82.65,88.85,2.615,3.0,2
Baringo,2024-02-01,2024-02,1,2024-03-01,2024-03,0.0,95.7,104.1,69.5,84.7,216.86666666666667,0,59.5,61.4,36.6,-0.2019999999999999,41.2,0.4604758250191865,1.5122140364482357,-10.856117597938443,0.0346468308451128,2.0,2.0,2.0,2,1,0,0,1,61.25,59.35,-1.126,3.0,2
Baringo,2024-02-01,2024-02,2,2024-04-01,2024-04,0.0,95.7,104.1,69.5,84.7,216.86666666666667,0,59.5,61.4,36.6,-0.2019999999999999,41.2,0.4604758250191865,1.5122140364482357,-10.856117597938443,0.0346468308451128,2.0,2.0,2.0,2,1,0,0,1,61.25,59.35,-1.126,3.0,2
Baringo,2024-02-01,2024-02,3,2024-05-01,2024-05,0.0,95.7,104.1,69.5,84.7,216.86666666666667,0,59.5,61.4,36.6,-0.2019999999999999,41.2,0.4604758250191865,1.5122140364482357,-10.856117597938443,0.0346468308451128,2.0,2.0,2.0,2,1,0,0,1,61.25,59.35,-1.126,3.0,2
Baringo,2024-03-01,2024-03,1,2024-04-01,2024-04,0.0,36.1,95.7,104.1,77.86666666666667,273.0333333333333,0,23.0,59.5,61.4,-0.122,38.7,3.4950343773873183,5.65412361084032,-5.807985831590201,0.3031801503834671,2.0,2.0,2.0,3,1,1,0,1,15.7,13.65,-0.791,3.0,2
Baringo,2024-03-01,2024-03,2,2024-05-01,2024-05,0.0,36.1,95.7,104.1,77.86666666666667,273.0333333333333,0,23.0,59.5,61.4,-0.122,38.7,3.4950343773873183,5.65412361084032,-5.807985831590201,0.3031801503834671,2.0,2.0,2.0,3,1,1,0,1,15.7,13.65,-0.791,3.0,2
Baringo,2024-03-01,2024-03,3,2024-06-01,2024-06,0.0,36.1,95.7,104.1,77.86666666666667,273.0333333333333,0,23.0,59.5,61.4,-0.122,38.7,3.4950343773873183,5.65412361084032,-5.807985831590201,0.3031801503834671,2.0,2.0,2.0,3,1,1,0,1,15.7,13.65,-0.791,3.0,2
Baringo,2024-04-01,2024-04,1,2024-05-01,2024-05,0.0,38.2,36.1,95.7,117.5,263.3,0,15.5,23.0,59.5,-0.074,52.3,-2.5465953127883374,1.323867996930161,1.980492176149937,0.1006796143381507,2.0,2.0,2.0,4,2,1,0,1,16.45,10.55,0.715,3.0,2
Baringo,2024-04-01,2024-04,2,2024-06-01,2024-06,0.0,38.2,36.1,95.7,117.5,263.3,0,15.5,23.0,59.5,-0.074,52.3,-2.5465953127883374,1.323867996930161,1.980492176149937,0.1006796143381507,2.0,2.0,2.0,4,2,1,0,1,16.45,10.55,0.715,3.0,2
Baringo,2024-04-01,2024-04,3,2024-07-01,2024-07,0.0,38.2,36.1,95.7,117.5,263.3,0,15.5,23.0,59.5,-0.074,52.3,-2.5465953127883374,1.323867996930161,1.980492176149937,0.1006796143381507,2.0,2.0,2.0,4,2,1,0,1,16.45,10.55,0.715,3.0,2
Baringo,2024-05-01,2024-05,1,2024-06-01,2024-06,0.0,49.4,38.2,36.1,159.83333333333334,244.53333333333336,0,31.8,15.5,23.0,0.001,-30.5,2.0829388373414126,2.9602750190985483,4.472489055546784,0.2620930850989101,2.0,2.0,2.0,5,2,1,0,1,47.9,40.3,3.046,3.0,2
Baringo,2024-05-01,2024-05,2,2024-07-01,2024-07,0.0,49.4,38.2,36.1,159.83333333333334,244.53333333333336,0,31.8,15.5,23.0,0.001,-30.5,2.0829388373414126,2.9602750190985483,4.472489055546784,0.2620930850989101,2.0,2.0,2.0,5,2,1,0,1,47.9,40.3,3.046,3.0,2
Baringo,2024-05-01,2024-05,3,2024-08-01,2024-08,0.0,49.4,38.2,36.1,159.83333333333334,244.53333333333336,0,31.8,15.5,23.0,0.001,-30.5,2.0829388373414126,2.9602750190985483,4.472489055546784,0.2620930850989101,2.0,2.0,2.0,5,2,1,0,1,47.9,40.3,3.046,3.0,2
Baringo,2024-06-01,2024-06,1,2024-07-01,2024-07,0.0,19.9,49.4,38.2,107.16666666666669,185.03333333333336,0,6.1,31.8,15.5,-0.0869999999999999,-45.7,-3.1534038211834536,-3.6538106661745706,2.0003129446657493,0.0126359030141001,2.0,2.0,2.0,6,2,0,0,1,22.8,32.2,-1.623,3.0,2
Baringo,2024-06-01,2024-06,2,2024-08-01,2024-08,0.0,19.9,49.4,38.2,107.16666666666669,185.03333333333336,0,6.1,31.8,15.5,-0.0869999999999999,-45.7,-3.1534038211834536,-3.6538106661745706,2.0003129446657493,0.0126359030141001,2.0,2.0,2.0,6,2,0,0,1,22.8,32.2,-1.623,3.0,2
Baringo,2024-06-01,2024-06,3,2024-09-01,2024-09,0.0,19.9,49.4,38.2,107.16666666666669,185.03333333333336,0,6.1,31.8,15.5,-0.0869999999999999,-45.7,-3.1534038211834536,-3.6538106661745706,2.0003129446657493,0.0126359030141001,2.0,2.0,2.0,6,2,0,0,1,22.8,32.2,-1.623,3.0,2
Baringo,2024-07-01,2024-07,1,2024-08-01,2024-08,0.0,26.9,19.9,49.4,67.36666666666666,184.86666666666667,0,15.7,6.1,31.8,0.0569999999999999,-47.5,0.3639149588201494,-0.776368112099981,0.54749988483018,0.0405164116000495,2.0,2.0,2.0,7,3,0,0,1,18.9,27.75,0.083,3.0,2
Baringo,2024-07-01,2024-07,2,2024-09-01,2024-09,0.0,26.9,19.9,49.4,67.36666666666666,184.86666666666667,0,15.7,6.1,31.8,0.0569999999999999,-47.5,0.3639149588201494,-0.776368112099981,0.54749988483018,0.0405164116000495,2.0,2.0,2.0,7,3,0,0,1,18.9,27.75,0.083,3.0,2
Baringo,2024-07-01,2024-07,3,2024-10-01,2024-10,0.0,26.9,19.9,49.4,67.36666666666666,184.86666666666667,0,15.7,6.1,31.8,0.0569999999999999,-47.5,0.3639149588201494,-0.776368112099981,0.54749988483018,0.0405164116000495,2.0,2.0,2.0,7,3,0,0,1,18.9,27.75,0.083,3.0,2
Baringo,2024-08-01,2024-08,1,2024-09-01,2024-09,0.0,18.4,26.9,19.9,23.9,183.73333333333335,0,12.0,15.7,6.1,-0.021,-3.8999999999999986,0.7251908396946565,-2.096086069374884,0.8641889497236641,0.0962774287719482,2.0,2.0,2.0,8,3,0,0,1,6.8,7.1,-1.25,2.0,0
Baringo,2024-08-01,2024-08,2,2024-10-01,2024-10,0.0,18.4,26.9,19.9,23.9,183.73333333333335,0,12.0,15.7,6.1,-0.021,-3.8999999999999986,0.7251908396946565,-2.096086069374884,0.8641889497236641,0.0962774287719482,2.0,2.0,2.0,8,3,0,0,1,6.8,7.1,-1.25,2.0,0
Baringo,2024-08-01,2024-08,3,2024-11-01,2024-11,0.0,18.4,26.9,19.9,23.9,183.73333333333335,0,12.0,15.7,6.1,-0.021,-3.8999999999999986,0.7251908396946565,-2.096086069374884,0.8641889497236641,0.0962774287719482,2.0,2.0,2.0,8,3,0,0,1,6.8,7.1,-1.25,2.0,0
Baringo,2024-09-01,2024-09,1,2024-10-01,2024-10,0.0,33.5,18.4,26.9,26.46666666666667,133.63333333333335,0,19.1,12.0,15.7,0.0909999999999999,-4.6,0.0378931413414172,1.1300517142309905,-2.52375895194358,0.0992122191494165,2.0,2.0,2.0,9,3,0,0,1,27.0,26.45,1.424,2.0,0
Baringo,2024-09-01,2024-09,2,2024-11-01,2024-11,0.0,33.5,18.4,26.9,26.46666666666667,133.63333333333335,0,19.1,12.0,15.7,0.0909999999999999,-4.6,0.0378931413414172,1.1300517142309905,-2.52375895194358,0.0992122191494165,2.0,2.0,2.0,9,3,0,0,1,27.0,26.45,1.424,2.0,0
Baringo,2024-09-01,2024-09,3,2024-12-01,2024-12,0.0,33.5,18.4,26.9,26.46666666666667,133.63333333333335,0,19.1,12.0,15.7,0.0909999999999999,-4.6,0.0378931413414172,1.1300517142309905,-2.52375895194358,0.0992122191494165,2.0,2.0,2.0,9,3,0,0,1,27.0,26.45,1.424,2.0,0
Baringo,2024-10-01,2024-10,1,2024-11-01,2024-11,0.0,20.5,33.5,18.4,47.26666666666667,114.63333333333333,0,10.9,19.1,12.0,-0.138,0.9000000000000021,-0.0189393939393939,0.7442748091603053,-0.032093302939675716,0.0977448239606823,2.0,2.0,2.0,10,4,0,1,1,8.85,11.6,0.148,2.0,0
Baringo,2024-10-01,2024-10,2,2024-12-01,2024-12,0.0,20.5,33.5,18.4,47.26666666666667,114.63333333333333,0,10.9,19.1,12.0,-0.138,0.9000000000000021,-0.0189393939393939,0.7442748091603053,-0.032093302939675716,0.0977448239606823,2.0,2.0,2.0,10,4,0,1,1,8.85,11.6,0.148,2.0,0
Baringo,2024-10-01,2024-10,3,2025-01-01,2025-01,,20.5,33.5,18.4,47.26666666666667,114.63333333333333,0,10.9,19.1,12.0,-0.138,0.9000000000000021,-0.0189393939393939,0.7442748091603053,-0.032093302939675716,0.0977448239606823,2.0,2.0,2.0,10,4,0,1,1,8.85,11.6,0.148,2.0,0
Baringo,2024-11-01,2024-11,1,2024-12-01,2024-12,0.0,58.4,20.5,33.5,77.96666666666665,101.86666666666665,1,32.7,10.9,19.1,0.01,-18.4,0.1515438530024626,0.1705191360363774,-1.9255669333385068,0.1094839854705558,2.0,2.0,2.0,11,4,0,1,1,27.45,35.25,-1.619,2.0,0
Baringo,2024-11-01,2024-11,2,2025-01-01,2025-01,,58.4,20.5,33.5,77.96666666666665,101.86666666666665,1,32.7,10.9,19.1,0.01,-18.4,0.1515438530024626,0.1705191360363774,-1.9255669333385068,0.1094839854705558,2.0,2.0,2.0,11,4,0,1,1,27.45,35.25,-1.619,2.0,0
Baringo,2024-11-01,2024-11,3,2025-02-01,2025-02,,58.4,20.5,33.5,77.96666666666665,101.86666666666665,1,32.7,10.9,19.1,0.01,-18.4,0.1515438530024626,0.1705191360363774,-1.9255669333385068,0.1094839854705558,2.0,2.0,2.0,11,4,0,1,1,27.45,35.25,-1.619,2.0,0
Baringo,2024-12-01,2024-12,1,2025-01-01,2025-01,,-14.3,58.4,20.5,118.93333333333334,145.4,0,-12.3,32.7,10.9,-0.02,-2.5,0.3026290902212975,0.4356060606060606,1.565657774837051,0.1329623084903026,2.0,2.0,2.0,12,4,0,1,1,48.0,48.95,2.894,2.0,0
Baringo,2024-12-01,2024-12,2,2025-02-01,2025-02,,-14.3,58.4,20.5,118.93333333333334,145.4,0,-12.3,32.7,10.9,-0.02,-2.5,0.3026290902212975,0.4356060606060606,1.565657774837051,0.1329623084903026,2.0,2.0,2.0,12,4,0,1,1,48.0,48.95,2.894,2.0,0
Baringo,2024-12-01,2024-12,3,2025-03-01,2025-03,,-14.3,58.4,20.5,118.93333333333334,145.4,0,-12.3,32.7,10.9,-0.02,-2.5,0.3026290902212975,0.4356060606060606,1.565657774837051,0.1329623084903026,2.0,2.0,2.0,12,4,0,1,1,48.0,48.95,2.894,2.0,0
Garissa,2019-01-01,2019-01,1,2019-02-01,2019-02,0.0,,,,10.6,,0,,,,,,,,,-1.461923041856351,,,,1,1,0,0,1,0.0,0.0,0.0,2.0,0
Garissa,2019-01-01,2019-01,2,2019-03-01,2019-03,0.0,,,,10.6,,0,,,,,,,,,-1.461923041856351,,,,1,1,0,0,1,0.0,0.0,0.0,2.0,0
Garissa,2019-01-01,2019-01,3,2019-04-01,2019-04,0.0,,,,10.6,,0,,,,,,,,,-1.461923041856351,,,,1,1,0,0,1,0.0,0.0,0.0,2.0,0
Garissa,2019-02-01,2019-02,1,2019-03-01,2019-03,0.0,,,,12.05,,0,,,,,,1.5805211448099103,,,-1.355886503922449,2.0,,,2,1,0,0,1,0.0,0.0,1.397,2.0,0
Garissa,2019-02-01,2019-02,2,2019-04-01,2019-04,0.0,,,,12.05,,0,,,,,,1.5805211448099103,,,-1.355886503922449,2.0,,,2,1,0,0,1,0.0,0.0,1.397,2.0,0
Garissa,2019-02-01,2019-02,3,2019-05-01,2019-05,0.0,,,,12.05,,0,,,,,,1.5805211448099103,,,-1.355886503922449,2.0,,,2,1,0,0,1,0.0,0.0,1.397,2.0,0
Garissa,2019-03-01,2019-03,1,2019-04-01,2019-04,0.0,16.5,,,34.73333333333333,,0,18.6,,,,,-1.5349032800672835,,,-1.460490115668055,2.0,2.0,,3,1,1,0,1,52.2,42.9,0.149,2.0,0
Garissa,2019-03-01,2019-03,2,2019-05-01,2019-05,0.0,16.5,,,34.73333333333333,,0,18.6,,,,,-1.5349032800672835,,,-1.460490115668055,2.0,2.0,,3,1,1,0,1,52.2,42.9,0.149,2.0,0
Garissa,2019-03-01,2019-03,3,2019-06-01,2019-06,0.0,16.5,,,34.73333333333333,,0,18.6,,,,,-1.5349032800672835,,,-1.460490115668055,2.0,2.0,,3,1,1,0,1,52.2,42.9,0.149,2.0,0
Garissa,2019-04-01,2019-04,1,2019-05-01,2019-05,0.0,48.4,16.5,,57.03333333333333,67.63333333333333,0,43.2,18.6,,-0.0569999999999999,,1.5374759769378603,1.5591627509611277,,-1.357319430110745,2.0,2.0,2.0,4,2,1,0,1,42.45,30.75,0.446,2.0,0
Garissa,2019-04-01,2019-04,2,2019-06-01,2019-06,0.0,48.4,16.5,,57.03333333333333,67.63333333333333,0,43.2,18.6,,-0.0569999999999999,,1.5374759769378603,1.5591627509611277,,-1.357319430110745,2.0,2.0,2.0,4,2,1,0,1,42.45,30.75,0.446,2.0,0
Garissa,2019-04-01,2019-04,3,2019-07-01,2019-07,0.0,48.4,16.5,,57.03333333333333,67.63333333333333,0,43.2,18.6,,-0.0569999999999999,,1.5374759769378603,1.5591627509611277,,-1.357319430110745,2.0,2.0,2.0,4,2,1,0,1,42.45,30.75,0.446,2.0,0
Garissa,2019-05-01,2019-05,1,2019-06-01,2019-06,0.0,14.1,48.4,16.5,82.46666666666665,94.51666666666665,0,12.5,43.2,18.6,-0.072,,-1.3249211356466877,-1.345668629100084,,-1.4475937799733911,2.0,2.0,2.0,5,2,1,0,1,37.5,23.55,-2.431,2.0,0
Garissa,2019-05-01,2019-05,2,2019-07-01,2019-07,0.0,14.1,48.4,16.5,82.46666666666665,94.51666666666665,0,12.5,43.2,18.6,-0.072,,-1.3249211356466877,-1.345668629100084,,-1.4475937799733911,2.0,2.0,2.0,5,2,1,0,1,37.5,23.55,-2.431,2.0,0
Garissa,2019-05-01,2019-05,3,2019-08-01,2019-08,0.0,14.1,48.4,16.5,82.46666666666665,94.51666666666665,0,12.5,43.2,18.6,-0.072,,-1.3249211356466877,-1.345668629100084,,-1.4475937799733911,2.0,2.0,2.0,5,2,1,0,1,37.5,23.55,-2.431,2.0,0
Garissa,2019-06-01,2019-06,1,2019-07-01,2019-07,0.0,10.4,14.1,48.4,60.56666666666666,95.29999999999998,0,-1.8,12.5,43.2,0.065,,-2.387041773231032,-2.1994448003416616,,-1.60808151306254,2.0,2.0,2.0,6,2,0,0,1,44.1,32.0,2.318,2.0,0
Garissa,2019-06-01,2019-06,2,2019-08-01,2019-08,0.0,10.4,14.1,48.4,60.56666666666666,95.29999999999998,0,-1.8,12.5,43.2,0.065,,-2.387041773231032,-2.1994448003416616,,-1.60808151306254,2.0,2.0,2.0,6,2,0,0,1,44.1,32.0,2.318,2.0,0
Garissa,2019-06-01,2019-06,3,2019-09-01,2019-09,0.0,10.4,14.1,48.4,60.56666666666666,95.29999999999998,0,-1.8,12.5,43.2,0.065,,-2.387041773231032,-2.1994448003416616,,-1.60808151306254,2.0,2.0,2.0,6,2,0,0,1,44.1,32.0,2.318,2.0,0
Garissa,2019-07-01,2019-07,1,2019-08-01,2019-08,0.0,27.9,10.4,14.1,38.266666666666666,95.3,0,17.5,-1.8,12.5,0.0749999999999999,,3.122270742358079,-0.6729758149316508,0.8861869360294768,-1.403173068136216,2.0,2.0,2.0,7,3,0,0,1,40.8,32.65,-0.667,2.0,0
Garissa,2019-07-01,2019-07,2,2019-09-01,2019-09,0.0,27.9,10.4,14.1,38.266666666666666,95.3,0,17.5,-1.8,12.5,0.0749999999999999,,3.122270742358079,-0.6729758149316508,0.8861869360294768,-1.403173068136216,2.0,2.0,2.0,7,3,0,0,1,40.8,32.65,-0.667,2.0,0
Garissa,2019-07-01,2019-07,3,2019-10-01,2019-10,0.0,27.9,10.4,14.1,38.266666666666666,95.3,0,17.5,-1.8,12.5,0.0749999999999999,,3.122270742358079,-0.6729758149316508,0.8861869360294768,-1.403173068136216,2.0,2.0,2.0,7,3,0,0,1,40.8,32.65,-0.667,2.0,0
Garissa,2019-08-01,2019-08,1,2019-09-01,2019-09,0.0,58.2,27.9,10.4,12.9,95.36666666666666,0,35.7,17.5,-1.8,0.0539999999999999,6.399999999999999,-2.3925471098877837,-1.7476555839727197,-3.093324213072804,-1.565093727413661,2.0,2.0,2.0,8,3,0,0,1,33.15,26.5,-0.903,2.0,0
Garissa,2019-08-01,2019-08,2,2019-10-01,2019-10,0.0,58.2,27.9,10.4,12.9,95.36666666666666,0,35.7,17.5,-1.8,0.0539999999999999,6.399999999999999,-2.3925471098877837,-1.7476555839727197,-3.093324213072804,-1.565093727413661,2.0,2.0,2.0,8,3,0,0,1,33.15,26.5,-0.903,2.0,0
Garissa,2019-08-01,2019-08,3,2019-11-01,2019-11,0.0,58.2,27.9,10.4,12.9,95.36666666666666,0,35.7,17.5,-1.8,0.0539999999999999,6.399999999999999,-2.3925471098877837,-1.7476555839727197,-3.093324213072804,-1.565093727413661,2.0,2.0,2.0,8,3,0,0,1,33.15,26.5,-0.903,2.0,0
Garissa,2019-09-01,2019-09,1,2019-10-01,2019-10,0.0,16.5,58.2,27.9,12.466666666666669,73.03333333333333,0,25.0,35.7,17.5,0.011,-6.400000000000006,2.9067245119305856,3.5807860262008733,1.3813412258592117,-1.3730816181820007,2.0,2.0,2.0,9,3,0,0,1,51.75,34.15,2.432,2.0,0
Garissa,2019-09-01,2019-09,2,2019-11-01,2019-11,0.0,16.5,58.2,27.9,12.466666666666669,73.03333333333333,0,25.0,35.7,17.5,0.011,-6.400000000000006,2.9067245119305856,3.5807860262008733,1.3813412258592117,-1.3730816181820007,2.0,2.0,2.0,9,3,0,0,1,51.75,34.15,2.432,2.0,0
Garissa,2019-09-01,2019-09,3,2019-12-01,2019-12,0.0,16.5,58.2,27.9,12.466666666666669,73.03333333333333,0,25.0,35.7,17.5,0.011,-6.400000000000006,2.9067245119305856,3.5807860262008733,1.3813412258592117,-1.3730816181820007,2.0,2.0,2.0,9,3,0,0,1,51.75,34.15,2.432,2.0,0
Garissa,2019-10-01,2019-10,1,2019-11-01,2019-11,0.0,50.5,16.5,58.2,35.03333333333333,73.3,0,36.8,25.0,35.7,0.014,27.1,-0.6534569983136593,-0.2117298327334321,-0.884705647665083,-1.4175023300191758,2.0,2.0,2.0,10,4,0,1,1,48.8,37.0,-1.569,2.0,0
Garissa,2019-10-01,2019-10,2,2019-12-01,2019-12,0.0,50.5,16.5,58.2,35.03333333333333,73.3,0,36.8,25.0,35.7,0.014,27.1,-0.6534569983136593,-0.2117298327334321,-0.884705647665083,-1.4175023300191758,2.0,2.0,2.0,10,4,0,1,1,48.8,37.0,-1.569,2.0,0
Garissa,2019-10-01,2019-10,3,2020-01-01,2020-01,0.0,50.5,16.5,58.2,35.03333333333333,73.3,0,36.8,25.0,35.7,0.014,27.1,-0.6534569983136593,-0.2117298327334321,-0.884705647665083,-1.4175023300191758,2.0,2.0,2.0,10,4,0,1,1,48.8,37.0,-1.569,2.0,0
Garissa,2019-11-01,2019-11,1,2019-12-01,2019-12,0.0,44.0,50.5,16.5,60.46666666666666,73.36666666666666,0,39.6,36.8,25.0,0.0399999999999999,31.8,-3.0341608317419904,-0.8676789587852495,-2.615334542757969,-1.6224107749455,2.0,2.0,2.0,11,4,0,1,1,20.9,6.6,-1.108,2.0,0
Garissa,2019-11-01,2019-11,2,2020-01-01,2020-01,0.0,44.0,50.5,16.5,60.46666666666666,73.36666666666666,0,39.6,36.8,25.0,0.0399999999999999,31.8,-3.0341608317419904,-0.8676789587852495,-2.615334542757969,-1.6224107749455,2.0,2.0,2.0,11,4,0,1,1,20.9,6.6,-1.108,2.0,0
Garissa,2019-11-01,2019-11,3,2020-02-01,2020-02,0.0,44.0,50.5,16.5,60.46666666666666,73.36666666666666,0,39.6,36.8,25.0,0.0399999999999999,31.8,-3.0341608317419904,-0.8676789587852495,-2.615334542757969,-1.6224107749455,2.0,2.0,2.0,11,4,0,1,1,20.9,6.6,-1.108,2.0,0
Garissa,2019-12-01,2019-12,1,2020-01-01,2020-01,0.0,31.2,44.0,50.5,73.89999999999999,86.36666666666666,0,30.0,39.6,36.8,-0.1169999999999999,33.6,4.923413566739606,1.0750421585160204,4.655828184716894,-1.300002382578906,2.0,2.0,2.0,12,4,0,1,1,-17.45,-9.7,4.551,2.0,0
Garissa,2019-12-01,2019-12,2,2020-02-01,2020-02,0.0,31.2,44.0,50.5,73.89999999999999,86.36666666666666,0,30.0,39.6,36.8,-0.1169999999999999,33.6,4.923413566739606,1.0750421585160204,4.655828184716894,-1.300002382578906,2.0,2.0,2.0,12,4,0,1,1,-17.45,-9.7,4.551,2.0,0
Garissa,2019-12-01,2019-12,3,2020-03-01,2020-03,0.0,31.2,44.0,50.5,73.89999999999999,86.36666666666666,0,30.0,39.6,36.8,-0.1169999999999999,33.6,4.923413566739606,1.0750421585160204,4.655828184716894,-1.300002382578906,2.0,2.0,2.0,12,4,0,1,1,-17.45,-9.7,4.551,2.0,0
Garissa,2020-01-01,2020-01,1,2020-02-01,2020-02,0.0,50.8,31.2,44.0,50.1,85.13333333333333,1,51.1,30.0,39.6,-0.182,-37.800000000000004,2.7737226277372264,4.561850201570125,4.350120368836692,-1.1094231995355417,2.0,2.0,2.0,1,1,0,0,1,39.2,22.2,4.134,2.0,0
Garissa,2020-01-01,2020-01,2,2020-03-01,2020-03,0.0,50.8,31.2,44.0,50.1,85.13333333333333,1,51.1,30.0,39.6,-0.182,-37.800000000000004,2.7737226277372264,4.561850201570125,4.350120368836692,-1.1094231995355417,2.0,2.0,2.0,1,1,0,0,1,39.2,22.2,4.134,2.0,0
Garissa,2020-01-01,2020-01,3,2020-04-01,2020-04,0.0,50.8,31.2,44.0,50.1,85.13333333333333,1,51.1,30.0,39.6,-0.182,-37.800000000000004,2.7737226277372264,4.561850201570125,4.350120368836692,-1.1094231995355417,2.0,2.0,2.0,1,1,0,0,1,39.2,22.2,4.134,2.0,0
Garissa,2020-02-01,2020-02,1,2020-03-01,2020-03,0.0,-10.5,50.8,31.2,23.2,83.66666666666666,2,-2.1,51.1,30.0,-0.1019999999999999,-60.0,0.6696428571428571,8.555798687089714,7.688119728304465,-1.0621366353217747,2.0,2.0,2.0,2,1,0,0,1,62.1,48.45,-3.076,2.0,0
Garissa,2020-02-01,2020-02,2,2020-04-01,2020-04,0.0,-10.5,50.8,31.2,23.2,83.66666666666666,2,-2.1,51.1,30.0,-0.1019999999999999,-60.0,0.6696428571428571,8.555798687089714,7.688119728304465,-1.0621366353217747,2.0,2.0,2.0,2,1,0,0,1,62.1,48.45,-3.076,2.0,0
Garissa,2020-02-01,2020-02,3,2020-05-01,2020-05,0.0,-10.5,50.8,31.2,23.2,83.66666666666666,2,-2.1,51.1,30.0,-0.1019999999999999,-60.0,0.6696428571428571,8.555798687089714,7.688119728304465,-1.0621366353217747,2.0,2.0,2.0,2,1,0,0,1,62.1,48.45,-3.076,2.0,0
Garissa,2020-03-01,2020-03,1,2020-04-01,2020-04,0.0,-24.2,-10.5,50.8,25.3,99.19999999999999,0,-35.0,-2.1,51.1,-0.049,-22.199999999999996,-0.8062890546260835,2.627737226277372,3.7027793847933923,-1.1194536828536137,2.0,2.0,2.0,3,1,1,0,1,-2.05,2.65,0.886,2.0,0
Garissa,2020-03-01,2020-03,2,2020-05-01,2020-05,0.0,-24.2,-10.5,50.8,25.3,99.19999999999999,0,-35.0,-2.1,51.1,-0.049,-22.199999999999996,-0.8062890546260835,2.627737226277372,3.7027793847933923,-1.1194536828536137,2.0,2.0,2.0,3,1,1,0,1,-2.05,2.65,0.886,2.0,0
Garissa,2020-03-01,2020-03,3,2020-06-01,2020-06,0.0,-24.2,-10.5,50.8,25.3,99.19999999999999,0,-35.0,-2.1,51.1,-0.049,-22.199999999999996,-0.8062890546260835,2.627737226277372,3.7027793847933923,-1.1194536828536137,2.0,2.0,2.0,3,1,1,0,1,-2.05,2.65,0.886,2.0,0
Garissa,2020-04-01,2020-04,1,2020-05-01,2020-05,0.0,2.2,-24.2,-10.5,43.1,93.2,1,14.6,-35.0,-2.1,0.042,-59.2,3.31233489128226,3.1655844155844157,7.7274346171545405,-0.88588671416137,2.0,2.0,2.0,4,2,1,0,1,-5.85,-3.0,-0.643,2.0,0
Garissa,2020-04-01,2020-04,2,2020-06-01,2020-06,0.0,2.2,-24.2,-10.5,43.1,93.2,1,14.6,-35.0,-2.1,0.042,-59.2,3.31233489128226,3.1655844155844157,7.7274346171545405,-0.88588671416137,2.0,2.0,2.0,4,2,1,0,1,-5.85,-3.0,-0.643,2.0,0
Garissa,2020-04-01,2020-04,3,2020-07-01,2020-07,0.0,2.2,-24.2,-10.5,43.1,93.2,1,14.6,-35.0,-2.1,0.042,-59.2,3.31233489128226,3.1655844155844157,7.7274346171545405,-0.88588671416137,2.0,2.0,2.0,4,2,1,0,1,-5.85,-3.0,-0.643,2.0,0
Garissa,2020-05-01,2020-05,1,2020-06-01,2020-06,0.0,-15.0,2.2,-24.2,66.7,89.9,2,-19.6,14.6,-35.0,0.017,-50.0,-4.681353265145555,-2.31808103204999,6.237717655039724,-1.2269231469758115,2.0,2.0,2.0,5,2,1,0,1,-9.8,-13.25,1.746,2.0,0
Garissa,2020-05-01,2020-05,2,2020-07-01,2020-07,0.0,-15.0,2.2,-24.2,66.7,89.9,2,-19.6,14.6,-35.0,0.017,-50.0,-4.681353265145555,-2.31808103204999,6.237717655039724,-1.2269231469758115,2.0,2.0,2.0,5,2,1,0,1,-9.8,-13.25,1.746,2.0,0
Garissa,2020-05-01,2020-05,3,2020-08-01,2020-08,0.0,-15.0,2.2,-24.2,66.7,89.9,2,-19.6,14.6,-35.0,0.017,-50.0,-4.681353265145555,-2.31808103204999,6.237717655039724,-1.2269231469758115,2.0,2.0,2.0,5,2,1,0,1,-9.8,-13.25,1.746,2.0,0
Garissa,2020-06-01,2020-06,1,2020-07-01,2020-07,0.0,-14.1,-15.0,2.2,49.86666666666665,75.16666666666666,0,-20.0,-19.6,14.6,0.0709999999999999,-30.400000000000002,2.24927775484936,0.6909164803901646,3.318653706667537,-1.0707341924515503,2.0,2.0,2.0,6,2,0,0,1,-23.0,-13.05,-2.572,2.0,0
Garissa,2020-06-01,2020-06,2,2020-08-01,2020-08,0.0,-14.1,-15.0,2.2,49.86666666666665,75.16666666666666,0,-20.0,-19.6,14.6,0.0709999999999999,-30.400000000000002,2.24927775484936,0.6909164803901646,3.318653706667537,-1.0707341924515503,2.0,2.0,2.0,6,2,0,0,1,-23.0,-13.05,-2.572,2.0,0
Garissa,2020-06-01,2020-06,3,2020-09-01,2020-09,0.0,-14.1,-15.0,2.2,49.86666666666665,75.16666666666666,0,-20.0,-19.6,14.6,0.0709999999999999,-30.400000000000002,2.24927775484936,0.6909164803901646,3.318653706667537,-1.0707341924515503,2.0,2.0,2.0,6,2,0,0,1,-23.0,-13.05,-2.572,2.0,0
Garissa,2020-07-01,2020-07,1,2020-08-01,2020-08,0.0,14.1,-14.1,-15.0,33.0,76.1,0,20.7,-20.0,-19.6,0.0849999999999999,7.800000000000001,0.4843592330978809,-2.065302911093627,1.1002815044907885,-1.0363439639324472,2.0,2.0,2.0,7,3,0,0,1,-4.0,1.55,0.886,2.0,0
Garissa,2020-07-01,2020-07,2,2020-09-01,2020-09,0.0,14.1,-14.1,-15.0,33.0,76.1,0,20.7,-20.0,-19.6,0.0849999999999999,7.800000000000001,0.4843592330978809,-2.065302911093627,1.1002815044907885,-1.0363439639324472,2.0,2.0,2.0,7,3,0,0,1,-4.0,1.55,0.886,2.0,0
Garissa,2020-07-01,2020-07,3,2020-10-01,2020-10,0.0,14.1,-14.1,-15.0,33.0,76.1,0,20.7,-20.0,-19.6,0.0849999999999999,7.800000000000001,0.4843592330978809,-2.065302911093627,1.1002815044907885,-1.0363439639324472,2.0,2.0,2.0,7,3,0,0,1,-4.0,1.55,0.886,2.0,0
Garissa,2020-08-01,2020-08,1,2020-09-01,2020-09,0.0,1.1,14.1,-14.1,9.3,76.0,0,5.7,20.7,-20.0,-0.054,45.4,-4.057039566177948,-1.4238547255468428,-3.741935757596833,-1.3257950539682335,2.0,2.0,2.0,8,3,0,0,1,-0.9,-8.7,-2.032,2.0,0
Garissa,2020-08-01,2020-08,2,2020-10-01,2020-10,0.0,1.1,14.1,-14.1,9.3,76.0,0,5.7,20.7,-20.0,-0.054,45.4,-4.057039566177948,-1.4238547255468428,-3.741935757596833,-1.3257950539682335,2.0,2.0,2.0,8,3,0,0,1,-0.9,-8.7,-2.032,2.0,0
Garissa,2020-08-01,2020-08,3,2020-11-01,2020-11,0.0,1.1,14.1,-14.1,9.3,76.0,0,5.7,20.7,-20.0,-0.054,45.4,-4.057039566177948,-1.4238547255468428,-3.741935757596833,-1.3257950539682335,2.0,2.0,2.0,8,3,0,0,1,-0.9,-8.7,-2.032,2.0,0
Garissa,2020-09-01,2020-09,1,2020-10-01,2020-10,0.0,6.6,1.1,14.1,9.0,58.86666666666665,1,10.4,5.7,20.7,-0.0489999999999999,-13.2,0.8582792547624032,-2.7648839556004035,-2.073967475210239,-1.2670450802480986,2.0,2.0,2.0,9,3,0,0,1,-10.65,-14.15,2.036,2.0,0
Garissa,2020-09-01,2020-09,2,2020-11-01,2020-11,0.0,6.6,1.1,14.1,9.0,58.86666666666665,1,10.4,5.7,20.7,-0.0489999999999999,-13.2,0.8582792547624032,-2.7648839556004035,-2.073967475210239,-1.2670450802480986,2.0,2.0,2.0,9,3,0,0,1,-10.65,-14.15,2.036,2.0,0
Garissa,2020-09-01,2020-09,3,2020-12-01,2020-12,0.0,6.6,1.1,14.1,9.0,58.86666666666665,1,10.4,5.7,20.7,-0.0489999999999999,-13.2,0.8582792547624032,-2.7648839556004035,-2.073967475210239,-1.2670450802480986,2.0,2.0,2.0,9,3,0,0,1,-10.65,-14.15,2.036,2.0,0
Garissa,2020-10-01,2020-10,1,2020-11-01,2020-11,0.0,-1.1,6.6,1.1,28.2,61.2,2,1.4,10.4,5.7,0.0379999999999999,7.800000000000001,4.379410543794105,1.004217714400482,-1.0610851966931452,-0.9646976545176486,2.0,2.0,2.0,10,4,0,1,1,-2.55,-3.25,0.972,2.0,0
Garissa,2020-10-01,2020-10,2,2020-12-01,2020-12,0.0,-1.1,6.6,1.1,28.2,61.2,2,1.4,10.4,5.7,0.0379999999999999,7.800000000000001,4.379410543794105,1.004217714400482,-1.0610851966931452,-0.9646976545176486,2.0,2.0,2.0,10,4,0,1,1,-2.55,-3.25,0.972,2.0,0
Garissa,2020-10-01,2020-10,3,2021-01-01,2021-01,1.0,-1.1,6.6,1.1,28.2,61.2,2,1.4,10.4,5.7,0.0379999999999999,7.800000000000001,4.379410543794105,1.004217714400482,-1.0610851966931452,-0.9646976545176486,2.0,2.0,2.0,10,4,0,1,1,-2.55,-3.25,0.972,2.0,0
Garissa,2020-11-01,2020-11,1,2020-12-01,2020-12,0.0,-8.8,-1.1,6.6,43.79999999999999,53.099999999999994,0,-11.8,1.4,10.4,0.007,43.9,-2.147544243388348,3.01444421184844,1.590589486301597,-1.1194536828536137,2.0,2.0,2.0,11,4,0,1,1,-8.25,-9.6,0.079,2.0,0
Garissa,2020-11-01,2020-11,2,2021-01-01,2021-01,1.0,-8.8,-1.1,6.6,43.79999999999999,53.099999999999994,0,-11.8,1.4,10.4,0.007,43.9,-2.147544243388348,3.01444421184844,1.590589486301597,-1.1194536828536137,2.0,2.0,2.0,11,4,0,1,1,-8.25,-9.6,0.079,2.0,0
Garissa,2020-11-01,2020-11,3,2021-02-01,2021-02,1.0,-8.8,-1.1,6.6,43.79999999999999,53.099999999999994,0,-11.8,1.4,10.4,0.007,43.9,-2.147544243388348,3.01444421184844,1.590589486301597,-1.1194536828536137,2.0,2.0,2.0,11,4,0,1,1,-8.25,-9.6,0.079,2.0,0
Garissa,2020-12-01,2020-12,1,2021-01-01,2021-01,1.0,12.8,-8.8,-1.1,59.46666666666666,68.46666666666667,1,23.9,-11.8,1.4,-0.007,-16.8,0.629953261532209,2.7812370278123706,0.016353072211967135,-1.0750329710164384,2.0,2.0,2.0,12,4,0,1,1,-3.6,-1.9,-1.278,2.0,0
Garissa,2020-12-01,2020-12,2,2021-02-01,2021-02,1.0,12.8,-8.8,-1.1,59.46666666666666,68.46666666666667,1,23.9,-11.8,1.4,-0.007,-16.8,0.629953261532209,2.7812370278123706,0.016353072211967135,-1.0750329710164384,2.0,2.0,2.0,12,4,0,1,1,-3.6,-1.9,-1.278,2.0,0
Garissa,2020-12-01,2020-12,3,2021-03-01,2021-03,1.0,12.8,-8.8,-1.1,59.46666666666666,68.46666666666667,1,23.9,-11.8,1.4,-0.007,-16.8,0.629953261532209,2.7812370278123706,0.016353072211967135,-1.0750329710164384,2.0,2.0,2.0,12,4,0,1,1,-3.6,-1.9,-1.278,2.0,0
Garissa,2021-01-01,2021-01,1,2021-02-01,2021-02,1.0,-6.5,12.8,-8.8,38.2,66.4,2,3.9,23.9,-11.8,-0.2469999999999999,-20.0,26.070274636510497,24.139988069198647,25.14420578359913,0.774874738073662,2.0,2.0,2.0,1,1,0,0,1,-27.5,-23.55,28.898,2.0,0
Garissa,2021-01-01,2021-01,2,2021-03-01,2021-03,1.0,-6.5,12.8,-8.8,38.2,66.4,2,3.9,23.9,-11.8,-0.2469999999999999,-20.0,26.070274636510497,24.139988069198647,25.14420578359913,0.774874738073662,2.0,2.0,2.0,1,1,0,0,1,-27.5,-23.55,28.898,2.0,0
Garissa,2021-01-01,2021-01,3,2021-04-01,2021-04,1.0,-6.5,12.8,-8.8,38.2,66.4,2,3.9,23.9,-11.8,-0.2469999999999999,-20.0,26.070274636510497,24.139988069198647,25.14420578359913,0.774874738073662,2.0,2.0,2.0,1,1,0,0,1,-27.5,-23.55,28.898,2.0,0
Garissa,2021-02-01,2021-02,1,2021-03-01,2021-03,1.0,-7.3,-6.5,12.8,20.73333333333333,64.53333333333332,3,-14.3,3.9,23.9,-0.1319999999999999,-74.7,1.521704308825885,28.79496037390774,31.80940458575618,0.9110027259617794,3.0,2.0,2.0,2,1,0,0,1,2.8,11.0,-0.26,2.5,1
Garissa,2021-02-01,2021-02,2,2021-04-01,2021-04,1.0,-7.3,-6.5,12.8,20.73333333333333,64.53333333333332,3,-14.3,3.9,23.9,-0.1319999999999999,-74.7,1.521704308825885,28.79496037390774,31.80940458575618,0.9110027259617794,3.0,2.0,2.0,2,1,0,0,1,2.8,11.0,-0.26,2.5,1
Garissa,2021-02-01,2021-02,3,2021-05-01,2021-05,1.0,-7.3,-6.5,12.8,20.73333333333333,64.53333333333332,3,-14.3,3.9,23.9,-0.1319999999999999,-74.7,1.521704308825885,28.79496037390774,31.80940458575618,0.9110027259617794,3.0,2.0,2.0,2,1,0,0,1,2.8,11.0,-0.26,2.5,1
Garissa,2021-03-01,2021-03,1,2021-04-01,2021-04,1.0,-61.5,-7.3,-6.5,11.199999999999998,70.66666666666666,4,-64.3,-14.3,3.9,-0.1099999999999999,-44.6,-1.230672136320606,26.413570274636516,29.194807302448886,0.7992344832746936,3.0,3.0,2.0,3,1,1,0,1,-64.05,-46.2,1.025,2.5,1
Garissa,2021-03-01,2021-03,2,2021-05-01,2021-05,1.0,-61.5,-7.3,-6.5,11.199999999999998,70.66666666666666,4,-64.3,-14.3,3.9,-0.1099999999999999,-44.6,-1.230672136320606,26.413570274636516,29.194807302448886,0.7992344832746936,3.0,3.0,2.0,3,1,1,0,1,-64.05,-46.2,1.025,2.5,1
Garissa,2021-03-01,2021-03,3,2021-06-01,2021-06,1.0,-61.5,-7.3,-6.5,11.199999999999998,70.66666666666666,4,-64.3,-14.3,3.9,-0.1099999999999999,-44.6,-1.230672136320606,26.413570274636516,29.194807302448886,0.7992344832746936,3.0,3.0,2.0,3,1,1,0,1,-64.05,-46.2,1.025,2.5,1
Garissa,2021-04-01,2021-04,1,2021-05-01,2021-05,1.0,-62.6,-61.5,-7.3,18.666666666666668,56.866666666666674,5,-43.2,-64.3,-14.3,0.001,-41.8,0.0638977635782747,0.3363767419509851,24.476364811149633,0.8049661880278774,3.0,3.0,3.0,4,2,1,0,1,-57.6,-41.55,-1.195,2.5,1
Garissa,2021-04-01,2021-04,2,2021-06-01,2021-06,1.0,-62.6,-61.5,-7.3,18.666666666666668,56.866666666666674,5,-43.2,-64.3,-14.3,0.001,-41.8,0.0638977635782747,0.3363767419509851,24.476364811149633,0.8049661880278774,3.0,3.0,3.0,4,2,1,0,1,-57.6,-41.55,-1.195,2.5,1
Garissa,2021-04-01,2021-04,3,2021-07-01,2021-07,1.0,-62.6,-61.5,-7.3,18.666666666666668,56.866666666666674,5,-43.2,-64.3,-14.3,0.001,-41.8,0.0638977635782747,0.3363767419509851,24.476364811149633,0.8049661880278774,3.0,3.0,3.0,4,2,1,0,1,-57.6,-41.55,-1.195,2.5,1
Garissa,2021-05-01,2021-05,1,2021-06-01,2021-06,1.0,-62.0,-62.6,-61.5,25.433333333333334,46.166666666666664,6,-53.6,-43.2,-64.3,-0.07,-87.8,1.7241379310344829,0.5364468286525718,29.331407202560314,0.9597222163638424,3.0,3.0,3.0,5,2,1,0,1,-63.75,-47.55,0.891,2.5,1
Garissa,2021-05-01,2021-05,2,2021-07-01,2021-07,1.0,-62.0,-62.6,-61.5,25.433333333333334,46.166666666666664,6,-53.6,-43.2,-64.3,-0.07,-87.8,1.7241379310344829,0.5364468286525718,29.331407202560314,0.9597222163638424,3.0,3.0,3.0,5,2,1,0,1,-63.75,-47.55,0.891,2.5,1
Garissa,2021-05-01,2021-05,3,2021-08-01,2021-08,1.0,-62.0,-62.6,-61.5,25.433333333333334,46.166666666666664,6,-53.6,-43.2,-64.3,-0.07,-87.8,1.7241379310344829,0.5364468286525718,29.331407202560314,0.9597222163638424,3.0,3.0,3.0,5,2,1,0,1,-63.75,-47.55,0.891,2.5,1
Garissa,2021-06-01,2021-06,1,2021-07-01,2021-07,1.0,-63.1,-62.0,-62.6,17.766666666666666,28.96666666666666,7,-63.9,-53.6,-43.2,-0.034,-72.10000000000001,-2.7306967984934087,-0.9904153354632588,25.42315493917326,0.7103930596003433,3.0,3.0,3.0,6,2,0,0,1,-59.5,-44.85,-0.835,2.5,1
Garissa,2021-06-01,2021-06,2,2021-08-01,2021-08,1.0,-63.1,-62.0,-62.6,17.766666666666666,28.96666666666666,7,-63.9,-53.6,-43.2,-0.034,-72.10000000000001,-2.7306967984934087,-0.9904153354632588,25.42315493917326,0.7103930596003433,3.0,3.0,3.0,6,2,0,0,1,-59.5,-44.85,-0.835,2.5,1
Garissa,2021-06-01,2021-06,3,2021-09-01,2021-09,1.0,-63.1,-62.0,-62.6,17.766666666666666,28.96666666666666,7,-63.9,-53.6,-43.2,-0.034,-72.10000000000001,-2.7306967984934087,-0.9904153354632588,25.42315493917326,0.7103930596003433,3.0,3.0,3.0,6,2,0,0,1,-59.5,-44.85,-0.835,2.5,1
Garissa,2021-07-01,2021-07,1,2021-08-01,2021-08,1.0,-66.2,-63.1,-62.0,10.466666666666669,29.133333333333336,8,-68.2,-63.9,-53.6,0.06,-51.400000000000006,0.516295579219103,-0.5427841634738186,-0.20640742152283353,0.7562466976258144,3.0,3.0,3.0,7,3,0,0,1,-62.6,-50.1,-0.266,2.5,1
Garissa,2021-07-01,2021-07,2,2021-09-01,2021-09,1.0,-66.2,-63.1,-62.0,10.466666666666669,29.133333333333336,8,-68.2,-63.9,-53.6,0.06,-51.400000000000006,0.516295579219103,-0.5427841634738186,-0.20640742152283353,0.7562466976258144,3.0,3.0,3.0,7,3,0,0,1,-62.6,-50.1,-0.266,2.5,1
Garissa,2021-07-01,2021-07,3,2021-10-01,2021-10,1.0,-66.2,-63.1,-62.0,10.466666666666669,29.133333333333336,8,-68.2,-63.9,-53.6,0.06,-51.400000000000006,0.516295579219103,-0.5427841634738186,-0.20640742152283353,0.7562466976258144,3.0,3.0,3.0,7,3,0,0,1,-62.6,-50.1,-0.266,2.5,1
Garissa,2021-08-01,2021-08,1,2021-09-01,2021-09,1.0,-59.3,-66.2,-63.1,3.733333333333333,29.166666666666668,9,-65.7,-68.2,-63.9,0.02,21.799999999999997,-1.1235955056179776,-3.327055869428751,-2.790609040776179,0.6559418644450963,3.0,3.0,3.0,8,3,0,0,1,-59.75,-44.7,2.519,2.5,1
Garissa,2021-08-01,2021-08,2,2021-10-01,2021-10,1.0,-59.3,-66.2,-63.1,3.733333333333333,29.166666666666668,9,-65.7,-68.2,-63.9,0.02,21.799999999999997,-1.1235955056179776,-3.327055869428751,-2.790609040776179,0.6559418644450963,3.0,3.0,3.0,8,3,0,0,1,-59.75,-44.7,2.519,2.5,1
Garissa,2021-08-01,2021-08,3,2021-11-01,2021-11,1.0,-59.3,-66.2,-63.1,3.733333333333333,29.166666666666668,9,-65.7,-68.2,-63.9,0.02,21.799999999999997,-1.1235955056179776,-3.327055869428751,-2.790609040776179,0.6559418644450963,3.0,3.0,3.0,8,3,0,0,1,-59.75,-44.7,2.519,2.5,1
Garissa,2021-09-01,2021-09,1,2021-10-01,2021-10,1.0,-56.0,-59.3,-66.2,3.7,21.466666666666665,10,-42.5,-65.7,-68.2,0.041,-17.9,2.75974025974026,2.1297192642787994,1.1393039288155407,0.8995393164554116,3.0,3.0,3.0,9,3,0,0,1,-63.9,-46.75,-0.772,2.5,1
Garissa,2021-09-01,2021-09,2,2021-11-01,2021-11,1.0,-56.0,-59.3,-66.2,3.7,21.466666666666665,10,-42.5,-65.7,-68.2,0.041,-17.9,2.75974025974026,2.1297192642787994,1.1393039288155407,0.8995393164554116,3.0,3.0,3.0,9,3,0,0,1,-63.9,-46.75,-0.772,2.5,1
Garissa,2021-09-01,2021-09,3,2021-12-01,2021-12,1.0,-56.0,-59.3,-66.2,3.7,21.466666666666665,10,-42.5,-65.7,-68.2,0.041,-17.9,2.75974025974026,2.1297192642787994,1.1393039288155407,0.8995393164554116,3.0,3.0,3.0,9,3,0,0,1,-63.9,-46.75,-0.772,2.5,1
Garissa,2021-10-01,2021-10,1,2021-11-01,2021-11,1.0,-61.5,-56.0,-59.3,11.166666666666666,21.633333333333333,11,-61.1,-42.5,-65.7,-0.0229999999999999,2.5,-4.502369668246446,-2.9695024077046552,-3.512286571178474,0.4911553527910595,3.0,3.0,3.0,10,4,0,1,1,-67.25,-50.45,-0.176,2.5,1
Garissa,2021-10-01,2021-10,2,2021-12-01,2021-12,1.0,-61.5,-56.0,-59.3,11.166666666666666,21.633333333333333,11,-61.1,-42.5,-65.7,-0.0229999999999999,2.5,-4.502369668246446,-2.9695024077046552,-3.512286571178474,0.4911553527910595,3.0,3.0,3.0,10,4,0,1,1,-67.25,-50.45,-0.176,2.5,1
Garissa,2021-10-01,2021-10,3,2022-01-01,2022-01,1.0,-61.5,-56.0,-59.3,11.166666666666666,21.633333333333333,11,-61.1,-42.5,-65.7,-0.0229999999999999,2.5,-4.502369668246446,-2.9695024077046552,-3.512286571178474,0.4911553527910595,3.0,3.0,3.0,10,4,0,1,1,-67.25,-50.45,-0.176,2.5,1
Garissa,2021-11-01,2021-11,1,2021-12-01,2021-12,1.0,-60.4,-61.5,-56.0,17.2,20.933333333333334,12,-51.1,-61.1,-42.5,0.016,13.199999999999996,3.7551695616211744,1.818181818181818,-1.508874051246933,0.8164295975342453,3.0,3.0,3.0,11,4,0,1,1,-63.05,-41.4,0.598,2.5,1
Garissa,2021-11-01,2021-11,2,2022-01-01,2022-01,1.0,-60.4,-61.5,-56.0,17.2,20.933333333333334,12,-51.1,-61.1,-42.5,0.016,13.199999999999996,3.7551695616211744,1.818181818181818,-1.508874051246933,0.8164295975342453,3.0,3.0,3.0,11,4,0,1,1,-63.05,-41.4,0.598,2.5,1
Garissa,2021-11-01,2021-11,3,2022-02-01,2022-02,1.0,-60.4,-61.5,-56.0,17.2,20.933333333333334,12,-51.1,-61.1,-42.5,0.016,13.199999999999996,3.7551695616211744,1.818181818181818,-1.508874051246933,0.8164295975342453,3.0,3.0,3.0,11,4,0,1,1,-63.05,-41.4,0.598,2.5,1
Garissa,2021-12-01,2021-12,1,2022-01-01,2022-01,1.0,-55.8,-60.4,-61.5,22.9,26.599999999999998,13,-50.7,-51.1,-61.1,-0.015,12.800000000000004,0.0478316326530612,-0.8688783570300158,1.2608409072487836,0.8207283760991332,3.0,3.0,3.0,12,4,0,1,1,-58.7,-41.55,0.343,2.5,1
Garissa,2021-12-01,2021-12,2,2022-02-01,2022-02,1.0,-55.8,-60.4,-61.5,22.9,26.599999999999998,13,-50.7,-51.1,-61.1,-0.015,12.800000000000004,0.0478316326530612,-0.8688783570300158,1.2608409072487836,0.8207283760991332,3.0,3.0,3.0,12,4,0,1,1,-58.7,-41.55,0.343,2.5,1
Garissa,2021-12-01,2021-12,3,2022-03-01,2022-03,1.0,-55.8,-60.4,-61.5,22.9,26.599999999999998,13,-50.7,-51.1,-61.1,-0.015,12.800000000000004,0.0478316326530612,-0.8688783570300158,1.2608409072487836,0.8207283760991332,3.0,3.0,3.0,12,4,0,1,1,-58.7,-41.55,0.343,2.5,1
Garissa,2022-01-01,2022-01,1,2022-02-01,2022-02,1.0,-63.8,-55.8,-60.4,15.133333333333333,26.299999999999997,14,-55.4,-50.7,-51.1,-0.017,9.300000000000004,3.808764940239044,7.758478081058725,4.78897567335407,1.1631977351018703,3.0,3.0,3.0,1,1,0,0,1,-68.6,-56.4,0.645,2.5,1
Garissa,2022-01-01,2022-01,2,2022-03-01,2022-03,1.0,-63.8,-55.8,-60.4,15.133333333333333,26.299999999999997,14,-55.4,-50.7,-51.1,-0.017,9.300000000000004,3.808764940239044,7.758478081058725,4.78897567335407,1.1631977351018703,3.0,3.0,3.0,1,1,0,0,1,-68.6,-56.4,0.645,2.5,1
Garissa,2022-01-01,2022-01,3,2022-04-01,2022-04,1.0,-63.8,-55.8,-60.4,15.133333333333333,26.299999999999997,14,-55.4,-50.7,-51.1,-0.017,9.300000000000004,3.808764940239044,7.758478081058725,4.78897567335407,1.1631977351018703,3.0,3.0,3.0,1,1,0,0,1,-68.6,-56.4,0.645,2.5,1
Garissa,2022-02-01,2022-02,1,2022-03-01,2022-03,1.0,-65.3,-63.8,-55.8,9.133333333333333,26.333333333333332,15,-56.4,-55.4,-50.7,0.009,-14.299999999999997,-2.425544980042984,1.3392857142857142,3.157467532467532,0.936795397351107,3.0,3.0,3.0,2,1,0,0,1,-63.2,-48.2,1.638,3.5,2
Garissa,2022-02-01,2022-02,2,2022-04-01,2022-04,1.0,-65.3,-63.8,-55.8,9.133333333333333,26.333333333333332,15,-56.4,-55.4,-50.7,0.009,-14.299999999999997,-2.425544980042984,1.3392857142857142,3.157467532467532,0.936795397351107,3.0,3.0,3.0,2,1,0,0,1,-63.2,-48.2,1.638,3.5,2
Garissa,2022-02-01,2022-02,3,2022-05-01,2022-05,1.0,-65.3,-63.8,-55.8,9.133333333333333,26.333333333333332,15,-56.4,-55.4,-50.7,0.009,-14.299999999999997,-2.425544980042984,1.3392857142857142,3.157467532467532,0.936795397351107,3.0,3.0,3.0,2,1,0,0,1,-63.2,-48.2,1.638,3.5,2
Garissa,2022-03-01,2022-03,1,2022-04-01,2022-04,1.0,-65.9,-65.3,-63.8,10.5,33.4,16,-56.8,-56.4,-55.4,0.0249999999999999,9.0,1.195720578980491,2.50199203187251,1.6331136748424941,1.0456977876616007,3.0,3.0,3.0,3,1,1,0,1,-63.35,-49.85,-2.43,3.5,2
Garissa,2022-03-01,2022-03,2,2022-05-01,2022-05,1.0,-65.9,-65.3,-63.8,10.5,33.4,16,-56.8,-56.4,-55.4,0.0249999999999999,9.0,1.195720578980491,2.50199203187251,1.6331136748424941,1.0456977876616007,3.0,3.0,3.0,3,1,1,0,1,-63.35,-49.85,-2.43,3.5,2
Garissa,2022-03-01,2022-03,3,2022-06-01,2022-06,1.0,-65.9,-65.3,-63.8,10.5,33.4,16,-56.8,-56.4,-55.4,0.0249999999999999,9.0,1.195720578980491,2.50199203187251,1.6331136748424941,1.0456977876616007,3.0,3.0,3.0,3,1,1,0,1,-63.35,-49.85,-2.43,3.5,2
Garissa,2022-04-01,2022-04,1,2022-05-01,2022-05,1.0,-60.4,-65.9,-65.3,15.533333333333331,30.666666666666664,17,-52.1,-56.8,-56.4,-0.0409999999999999,3.6000000000000014,4.104477611940299,2.7939821922014123,10.552460273260138,1.4239903013717374,3.0,3.0,3.0,4,2,1,0,1,-63.1,-48.45,2.266,3.5,2
Garissa,2022-04-01,2022-04,2,2022-06-01,2022-06,1.0,-60.4,-65.9,-65.3,15.533333333333331,30.666666666666664,17,-52.1,-56.8,-56.4,-0.0409999999999999,3.6000000000000014,4.104477611940299,2.7939821922014123,10.552460273260138,1.4239903013717374,3.0,3.0,3.0,4,2,1,0,1,-63.1,-48.45,2.266,3.5,2
Garissa,2022-04-01,2022-04,3,2022-07-01,2022-07,1.0,-60.4,-65.9,-65.3,15.533333333333331,30.666666666666664,17,-52.1,-56.8,-56.4,-0.0409999999999999,3.6000000000000014,4.104477611940299,2.7939821922014123,10.552460273260138,1.4239903013717374,3.0,3.0,3.0,4,2,1,0,1,-63.1,-48.45,2.266,3.5,2
Garissa,2022-05-01,2022-05,1,2022-06-01,2022-06,1.0,-64.7,-60.4,-65.9,23.266666666666666,32.4,18,-47.5,-52.1,-56.8,-0.011,-20.700000000000003,-1.881720430107527,3.366897419760856,4.7061831340465705,1.243441601646445,3.0,3.0,3.0,5,2,1,0,1,-58.4,-51.65,-1.491,3.5,2
Garissa,2022-05-01,2022-05,2,2022-07-01,2022-07,1.0,-64.7,-60.4,-65.9,23.266666666666666,32.4,18,-47.5,-52.1,-56.8,-0.011,-20.700000000000003,-1.881720430107527,3.366897419760856,4.7061831340465705,1.243441601646445,3.0,3.0,3.0,5,2,1,0,1,-58.4,-51.65,-1.491,3.5,2
Garissa,2022-05-01,2022-05,3,2022-08-01,2022-08,1.0,-64.7,-60.4,-65.9,23.266666666666666,32.4,18,-47.5,-52.1,-56.8,-0.011,-20.700000000000003,-1.881720430107527,3.366897419760856,4.7061831340465705,1.243441601646445,3.0,3.0,3.0,5,2,1,0,1,-58.4,-51.65,-1.491,3.5,2
Garissa,2022-06-01,2022-06,1,2022-07-01,2022-07,1.0,-74.1,-64.7,-60.4,15.7,26.2,19,-71.4,-47.5,-52.1,-0.0509999999999999,-0.7000000000000028,4.550989345509893,6.794154228855722,9.296146260728232,1.6718865319469407,3.0,3.0,3.0,6,2,0,0,1,-59.9,-50.2,1.733,3.5,2
Garissa,2022-06-01,2022-06,2,2022-08-01,2022-08,1.0,-74.1,-64.7,-60.4,15.7,26.2,19,-71.4,-47.5,-52.1,-0.0509999999999999,-0.7000000000000028,4.550989345509893,6.794154228855722,9.296146260728232,1.6718865319469407,3.0,3.0,3.0,6,2,0,0,1,-59.9,-50.2,1.733,3.5,2
Garissa,2022-06-01,2022-06,3,2022-09-01,2022-09,1.0,-74.1,-64.7,-60.4,15.7,26.2,19,-71.4,-47.5,-52.1,-0.0509999999999999,-0.7000000000000028,4.550989345509893,6.794154228855722,9.296146260728232,1.6718865319469407,3.0,3.0,3.0,6,2,0,0,1,-59.9,-50.2,1.733,3.5,2
Garissa,2022-07-01,2022-07,1,2022-08-01,2022-08,1.0,-61.8,-74.1,-64.7,10.6,26.133333333333333,20,-56.1,-71.4,-47.5,0.0219999999999999,-9.300000000000004,-4.993448828068132,-2.5388291517323776,0.25515304046903475,1.1803928493614222,3.0,3.0,3.0,7,3,0,0,1,-58.0,-43.55,0.153,3.5,2
Garissa,2022-07-01,2022-07,2,2022-09-01,2022-09,1.0,-61.8,-74.1,-64.7,10.6,26.133333333333333,20,-56.1,-71.4,-47.5,0.0219999999999999,-9.300000000000004,-4.993448828068132,-2.5388291517323776,0.25515304046903475,1.1803928493614222,3.0,3.0,3.0,7,3,0,0,1,-58.0,-43.55,0.153,3.5,2
Garissa,2022-07-01,2022-07,3,2022-10-01,2022-10,1.0,-61.8,-74.1,-64.7,10.6,26.133333333333333,20,-56.1,-71.4,-47.5,0.0219999999999999,-9.300000000000004,-4.993448828068132,-2.5388291517323776,0.25515304046903475,1.1803928493614222,3.0,3.0,3.0,7,3,0,0,1,-58.0,-43.55,0.153,3.5,2
Garissa,2022-08-01,2022-08,1,2022-09-01,2022-09,1.0,-76.9,-61.8,-74.1,2.6666666666666665,25.933333333333334,21,-65.7,-56.1,-71.4,-0.017,-6.800000000000004,2.359791602819491,1.67427701674277,5.041174436503626,1.401063482359002,3.0,3.0,3.0,8,3,0,0,1,-63.75,-47.35,1.353,3.5,2
Garissa,2022-08-01,2022-08,2,2022-10-01,2022-10,1.0,-76.9,-61.8,-74.1,2.6666666666666665,25.933333333333334,21,-65.7,-56.1,-71.4,-0.017,-6.800000000000004,2.359791602819491,1.67427701674277,5.041174436503626,1.401063482359002,3.0,3.0,3.0,8,3,0,0,1,-63.75,-47.35,1.353,3.5,2
Garissa,2022-08-01,2022-08,3,2022-11-01,2022-11,1.0,-76.9,-61.8,-74.1,2.6666666666666665,25.933333333333334,21,-65.7,-56.1,-71.4,-0.017,-6.800000000000004,2.359791602819491,1.67427701674277,5.041174436503626,1.401063482359002,3.0,3.0,3.0,8,3,0,0,1,-63.75,-47.35,1.353,3.5,2
Garissa,2022-09-01,2022-09,1,2022-10-01,2022-10,1.0,-68.1,-76.9,-61.8,3.4333333333333336,19.133333333333333,22,-63.6,-65.7,-56.1,0.0479999999999999,-10.0,-3.5778443113772456,-6.230892415198719,0.5632618136570029,1.0585941233562646,3.0,3.0,3.0,9,3,0,0,1,-65.2,-47.65,-1.687,3.5,2
Garissa,2022-09-01,2022-09,2,2022-11-01,2022-11,1.0,-68.1,-76.9,-61.8,3.4333333333333336,19.133333333333333,22,-63.6,-65.7,-56.1,0.0479999999999999,-10.0,-3.5778443113772456,-6.230892415198719,0.5632618136570029,1.0585941233562646,3.0,3.0,3.0,9,3,0,0,1,-65.2,-47.65,-1.687,3.5,2
Garissa,2022-09-01,2022-09,3,2022-12-01,2022-12,1.0,-68.1,-76.9,-61.8,3.4333333333333336,19.133333333333333,22,-63.6,-65.7,-56.1,0.0479999999999999,-10.0,-3.5778443113772456,-6.230892415198719,0.5632618136570029,1.0585941233562646,3.0,3.0,3.0,9,3,0,0,1,-65.2,-47.65,-1.687,3.5,2
Garissa,2022-10-01,2022-10,1,2022-11-01,2022-11,1.0,-67.0,-68.1,-76.9,10.066666666666668,20.666666666666668,23,-62.1,-63.6,-65.7,0.059,-1.1000000000000014,0.3726129482999534,-0.9347226478700584,-3.473551799602436,1.092984351875368,3.0,3.0,3.0,10,4,0,1,1,-63.7,-46.6,-0.648,3.5,2
Garissa,2022-10-01,2022-10,2,2022-12-01,2022-12,1.0,-67.0,-68.1,-76.9,10.066666666666668,20.666666666666668,23,-62.1,-63.6,-65.7,0.059,-1.1000000000000014,0.3726129482999534,-0.9347226478700584,-3.473551799602436,1.092984351875368,3.0,3.0,3.0,10,4,0,1,1,-63.7,-46.6,-0.648,3.5,2
Garissa,2022-10-01,2022-10,3,2023-01-01,2023-01,1.0,-67.0,-68.1,-76.9,10.066666666666668,20.666666666666668,23,-62.1,-63.6,-65.7,0.059,-1.1000000000000014,0.3726129482999534,-0.9347226478700584,-3.473551799602436,1.092984351875368,3.0,3.0,3.0,10,4,0,1,1,-63.7,-46.6,-0.648,3.5,2
Garissa,2022-11-01,2022-11,1,2022-12-01,2022-12,1.0,-51.6,-67.0,-68.1,16.766666666666666,19.433333333333334,24,-48.6,-62.1,-63.6,0.028,28.900000000000006,3.9133797370456302,0.5688622754491018,2.243139292191872,1.455514677514249,3.0,3.0,3.0,11,4,0,1,1,-66.5,-43.6,0.647,3.5,2
Garissa,2022-11-01,2022-11,2,2023-01-01,2023-01,1.0,-51.6,-67.0,-68.1,16.766666666666666,19.433333333333334,24,-48.6,-62.1,-63.6,0.028,28.900000000000006,3.9133797370456302,0.5688622754491018,2.243139292191872,1.455514677514249,3.0,3.0,3.0,11,4,0,1,1,-66.5,-43.6,0.647,3.5,2
Garissa,2022-11-01,2022-11,3,2023-02-01,2023-02,1.0,-51.6,-67.0,-68.1,16.766666666666666,19.433333333333334,24,-48.6,-62.1,-63.6,0.028,28.900000000000006,3.9133797370456302,0.5688622754491018,2.243139292191872,1.455514677514249,3.0,3.0,3.0,11,4,0,1,1,-66.5,-43.6,0.647,3.5,2
Garissa,2022-12-01,2022-12,1,2023-01-01,2023-01,1.0,-61.8,-51.6,-67.0,23.83333333333333,27.266666666666662,25,-42.5,-48.6,-62.1,-0.0209999999999999,4.0,-3.7660017862459063,0.3726129482999534,-5.858279466898765,1.092984351875368,3.0,3.0,3.0,12,4,0,1,1,-64.55,-51.3,-0.557,3.5,2
Garissa,2022-12-01,2022-12,2,2023-02-01,2023-02,1.0,-61.8,-51.6,-67.0,23.83333333333333,27.266666666666662,25,-42.5,-48.6,-62.1,-0.0209999999999999,4.0,-3.7660017862459063,0.3726129482999534,-5.858279466898765,1.092984351875368,3.0,3.0,3.0,12,4,0,1,1,-64.55,-51.3,-0.557,3.5,2
Garissa,2022-12-01,2022-12,3,2023-03-01,2023-03,1.0,-61.8,-51.6,-67.0,23.83333333333333,27.266666666666662,25,-42.5,-48.6,-62.1,-0.0209999999999999,4.0,-3.7660017862459063,0.3726129482999534,-5.858279466898765,1.092984351875368,3.0,3.0,3.0,12,4,0,1,1,-64.55,-51.3,-0.557,3.5,2
Garissa,2023-01-01,2023-01,1,2023-02-01,2023-02,1.0,-61.3,-61.8,-51.6,18.23333333333333,28.299999999999997,26,-52.1,-42.5,-48.6,0.0239999999999999,9.600000000000001,-3.0781129156999225,-3.0781129156999225,-4.012835563569981,0.8078320404044694,3.0,3.0,3.0,1,1,0,0,1,-64.4,-43.4,-2.368,3.5,2
Garissa,2023-01-01,2023-01,2,2023-03-01,2023-03,1.0,-61.3,-61.8,-51.6,18.23333333333333,28.299999999999997,26,-52.1,-42.5,-48.6,0.0239999999999999,9.600000000000001,-3.0781129156999225,-3.0781129156999225,-4.012835563569981,0.8078320404044694,3.0,3.0,3.0,1,1,0,0,1,-64.4,-43.4,-2.368,3.5,2
Garissa,2023-01-01,2023-01,3,2023-04-01,2023-04,1.0,-61.3,-61.8,-51.6,18.23333333333333,28.299999999999997,26,-52.1,-42.5,-48.6,0.0239999999999999,9.600000000000001,-3.0781129156999225,-3.0781129156999225,-4.012835563569981,0.8078320404044694,3.0,3.0,3.0,1,1,0,0,1,-64.4,-43.4,-2.368,3.5,2
Garissa,2023-02-01,2023-02,1,2023-03-01,2023-03,1.0,-57.1,-61.3,-61.8,12.666666666666666,29.43333333333333,27,-56.1,-52.1,-42.5,0.0769999999999999,29.700000000000003,-2.393871688477498,-8.96100029770765,-8.39213802225855,0.5928931121600736,3.0,3.0,3.0,2,1,0,0,1,-58.2,-42.25,-3.111,2.5,1
Garissa,2023-02-01,2023-02,2,2023-04-01,2023-04,1.0,-57.1,-61.3,-61.8,12.666666666666666,29.43333333333333,27,-56.1,-52.1,-42.5,0.0769999999999999,29.700000000000003,-2.393871688477498,-8.96100029770765,-8.39213802225855,0.5928931121600736,3.0,3.0,3.0,2,1,0,0,1,-58.2,-42.25,-3.111,2.5,1
Garissa,2023-02-01,2023-02,3,2023-05-01,2023-05,1.0,-57.1,-61.3,-61.8,12.666666666666666,29.43333333333333,27,-56.1,-52.1,-42.5,0.0769999999999999,29.700000000000003,-2.393871688477498,-8.96100029770765,-8.39213802225855,0.5928931121600736,3.0,3.0,3.0,2,1,0,0,1,-58.2,-42.25,-3.111,2.5,1
Garissa,2023-03-01,2023-03,1,2023-04-01,2023-04,1.0,-34.1,-57.1,-61.3,21.33333333333333,45.16666666666666,28,-33.9,-56.1,-52.1,0.099,37.5,-3.499018966644866,-8.708430007733952,-8.335817059434,0.2862469078647354,3.0,3.0,3.0,3,1,1,0,1,-36.15,-20.3,1.824,2.5,1
Garissa,2023-03-01,2023-03,2,2023-05-01,2023-05,1.0,-34.1,-57.1,-61.3,21.33333333333333,45.16666666666666,28,-33.9,-56.1,-52.1,0.099,37.5,-3.499018966644866,-8.708430007733952,-8.335817059434,0.2862469078647354,3.0,3.0,3.0,3,1,1,0,1,-36.15,-20.3,1.824,2.5,1
Garissa,2023-03-01,2023-03,3,2023-06-01,2023-06,1.0,-34.1,-57.1,-61.3,21.33333333333333,45.16666666666666,28,-33.9,-56.1,-52.1,0.099,37.5,-3.499018966644866,-8.708430007733952,-8.335817059434,0.2862469078647354,3.0,3.0,3.0,3,1,1,0,1,-36.15,-20.3,1.824,2.5,1
Garissa,2023-04-01,2023-04,1,2023-05-01,2023-05,1.0,-29.7,-34.1,-57.1,37.36666666666667,55.599999999999994,29,-24.6,-33.9,-56.1,0.018,27.900000000000002,-0.4235852253473398,-6.208107245451644,-9.286220161151567,0.2504237531573361,3.0,3.0,3.0,4,2,1,0,1,-35.1,-30.35,-2.118,2.5,1
Garissa,2023-04-01,2023-04,2,2023-06-01,2023-06,1.0,-29.7,-34.1,-57.1,37.36666666666667,55.599999999999994,29,-24.6,-33.9,-56.1,0.018,27.900000000000002,-0.4235852253473398,-6.208107245451644,-9.286220161151567,0.2504237531573361,3.0,3.0,3.0,4,2,1,0,1,-35.1,-30.35,-2.118,2.5,1
Garissa,2023-04-01,2023-04,3,2023-07-01,2023-07,1.0,-29.7,-34.1,-57.1,37.36666666666667,55.599999999999994,29,-24.6,-33.9,-56.1,0.018,27.900000000000002,-0.4235852253473398,-6.208107245451644,-9.286220161151567,0.2504237531573361,3.0,3.0,3.0,4,2,1,0,1,-35.1,-30.35,-2.118,2.5,1
Garissa,2023-05-01,2023-05,1,2023-06-01,2023-06,1.0,-26.5,-29.7,-34.1,51.46666666666667,64.13333333333334,30,-20.7,-24.6,-33.9,-0.006,15.0,3.3690658499234303,-0.6703727926749509,-9.631373090382601,0.5341431384399387,3.0,3.0,3.0,5,2,1,0,1,-35.85,-33.05,3.543,2.5,1
Garissa,2023-05-01,2023-05,2,2023-07-01,2023-07,1.0,-26.5,-29.7,-34.1,51.46666666666667,64.13333333333334,30,-20.7,-24.6,-33.9,-0.006,15.0,3.3690658499234303,-0.6703727926749509,-9.631373090382601,0.5341431384399387,3.0,3.0,3.0,5,2,1,0,1,-35.85,-33.05,3.543,2.5,1
Garissa,2023-05-01,2023-05,3,2023-08-01,2023-08,1.0,-26.5,-29.7,-34.1,51.46666666666667,64.13333333333334,30,-20.7,-24.6,-33.9,-0.006,15.0,3.3690658499234303,-0.6703727926749509,-9.631373090382601,0.5341431384399387,3.0,3.0,3.0,5,2,1,0,1,-35.85,-33.05,3.543,2.5,1
Garissa,2023-06-01,2023-06,1,2023-07-01,2023-07,1.0,-22.9,-26.5,-29.7,36.66666666666666,57.999999999999986,31,-27.5,-20.7,-24.6,-0.0209999999999999,25.3,-2.4855967078189303,0.3727549983056591,-8.335675009428293,0.3177712840072468,3.0,3.0,3.0,6,2,0,0,1,-19.75,-15.85,-0.079,2.5,1
Garissa,2023-06-01,2023-06,2,2023-08-01,2023-08,1.0,-22.9,-26.5,-29.7,36.66666666666666,57.999999999999986,31,-27.5,-20.7,-24.6,-0.0209999999999999,25.3,-2.4855967078189303,0.3727549983056591,-8.335675009428293,0.3177712840072468,3.0,3.0,3.0,6,2,0,0,1,-19.75,-15.85,-0.079,2.5,1
Garissa,2023-06-01,2023-06,3,2023-09-01,2023-09,1.0,-22.9,-26.5,-29.7,36.66666666666666,57.999999999999986,31,-27.5,-20.7,-24.6,-0.0209999999999999,25.3,-2.4855967078189303,0.3727549983056591,-8.335675009428293,0.3177712840072468,3.0,3.0,3.0,6,2,0,0,1,-19.75,-15.85,-0.079,2.5,1
Garissa,2023-07-01,2023-07,1,2023-08-01,2023-08,1.0,-30.6,-22.9,-26.5,20.566666666666663,57.93333333333333,32,-26.8,-27.5,-20.7,-0.015,27.900000000000002,5.604321404456448,6.448868470307981,0.2407612248563371,0.7935027785215096,3.0,3.0,3.0,7,3,0,0,1,-38.55,-24.95,-3.258,2.5,1
Garissa,2023-07-01,2023-07,2,2023-09-01,2023-09,1.0,-30.6,-22.9,-26.5,20.566666666666663,57.93333333333333,32,-26.8,-27.5,-20.7,-0.015,27.900000000000002,5.604321404456448,6.448868470307981,0.2407612248563371,0.7935027785215096,3.0,3.0,3.0,7,3,0,0,1,-38.55,-24.95,-3.258,2.5,1
Garissa,2023-07-01,2023-07,3,2023-10-01,2023-10,1.0,-30.6,-22.9,-26.5,20.566666666666663,57.93333333333333,32,-26.8,-27.5,-20.7,-0.015,27.900000000000002,5.604321404456448,6.448868470307981,0.2407612248563371,0.7935027785215096,3.0,3.0,3.0,7,3,0,0,1,-38.55,-24.95,-3.258,2.5,1
Garissa,2023-08-01,2023-08,1,2023-09-01,2023-09,1.0,-20.9,-30.6,-22.9,6.133333333333333,57.6,33,-28.2,-26.8,-27.5,-0.0119999999999999,1.0,0.9910485933503836,4.0,3.329627207325049,0.88234420219586,3.0,3.0,3.0,8,3,0,0,1,-40.1,-27.75,2.741,2.5,1
Garissa,2023-08-01,2023-08,2,2023-10-01,2023-10,1.0,-20.9,-30.6,-22.9,6.133333333333333,57.6,33,-28.2,-26.8,-27.5,-0.0119999999999999,1.0,0.9910485933503836,4.0,3.329627207325049,0.88234420219586,3.0,3.0,3.0,8,3,0,0,1,-40.1,-27.75,2.741,2.5,1
Garissa,2023-08-01,2023-08,3,2023-11-01,2023-11,1.0,-20.9,-30.6,-22.9,6.133333333333333,57.6,33,-28.2,-26.8,-27.5,-0.0119999999999999,1.0,0.9910485933503836,4.0,3.329627207325049,0.88234420219586,3.0,3.0,3.0,8,3,0,0,1,-40.1,-27.75,2.741,2.5,1
Garissa,2023-09-01,2023-09,1,2023-10-01,2023-10,1.0,-36.3,-20.9,-30.6,5.266666666666667,41.93333333333332,34,-32.9,-28.2,-26.8,-0.084,-6.5,2.40582462804685,9.216745442268737,9.589500440574396,1.1001489828168478,3.0,3.0,3.0,9,3,0,0,1,-32.25,-30.45,-1.046,2.5,1
Garissa,2023-09-01,2023-09,2,2023-11-01,2023-11,1.0,-36.3,-20.9,-30.6,5.266666666666667,41.93333333333332,34,-32.9,-28.2,-26.8,-0.084,-6.5,2.40582462804685,9.216745442268737,9.589500440574396,1.1001489828168478,3.0,3.0,3.0,9,3,0,0,1,-32.25,-30.45,-1.046,2.5,1
Garissa,2023-09-01,2023-09,3,2023-12-01,2023-12,1.0,-36.3,-20.9,-30.6,5.266666666666667,41.93333333333332,34,-32.9,-28.2,-26.8,-0.084,-6.5,2.40582462804685,9.216745442268737,9.589500440574396,1.1001489828168478,3.0,3.0,3.0,9,3,0,0,1,-32.25,-30.45,-1.046,2.5,1
Garissa,2023-10-01,2023-10,1,2023-11-01,2023-11,1.0,-40.7,-36.3,-20.9,35.06666666666667,55.63333333333333,35,-31.1,-32.9,-28.2,0.239,-37.5,-13.786707882534778,-10.837595907928389,-4.388727437620408,-0.1780211771431596,3.0,3.0,3.0,10,4,0,1,1,-35.5,-24.3,-9.092,2.5,1
Garissa,2023-10-01,2023-10,2,2023-12-01,2023-12,1.0,-40.7,-36.3,-20.9,35.06666666666667,55.63333333333333,35,-31.1,-32.9,-28.2,0.239,-37.5,-13.786707882534778,-10.837595907928389,-4.388727437620408,-0.1780211771431596,3.0,3.0,3.0,10,4,0,1,1,-35.5,-24.3,-9.092,2.5,1
Garissa,2023-10-01,2023-10,3,2024-01-01,2024-01,0.0,-40.7,-36.3,-20.9,35.06666666666667,55.63333333333333,35,-31.1,-32.9,-28.2,0.239,-37.5,-13.786707882534778,-10.837595907928389,-4.388727437620408,-0.1780211771431596,3.0,3.0,3.0,10,4,0,1,1,-35.5,-24.3,-9.092,2.5,1
Garissa,2023-11-01,2023-11,1,2023-12-01,2023-12,1.0,-49.5,-40.7,-36.3,67.2,73.33333333333334,0,-58.2,-31.1,-32.9,0.282,80.0,-1.559698816780208,-13.089585311807534,-9.089585311807534,-0.3026857555249092,3.0,3.0,3.0,11,4,0,1,1,-31.15,-17.75,-0.045,2.5,1
Garissa,2023-11-01,2023-11,2,2024-01-01,2024-01,0.0,-49.5,-40.7,-36.3,67.2,73.33333333333334,0,-58.2,-31.1,-32.9,0.282,80.0,-1.559698816780208,-13.089585311807534,-9.089585311807534,-0.3026857555249092,3.0,3.0,3.0,11,4,0,1,1,-31.15,-17.75,-0.045,2.5,1
Garissa,2023-11-01,2023-11,3,2024-02-01,2024-02,0.0,-49.5,-40.7,-36.3,67.2,73.33333333333334,0,-58.2,-31.1,-32.9,0.282,80.0,-1.559698816780208,-13.089585311807534,-9.089585311807534,-0.3026857555249092,3.0,3.0,3.0,11,4,0,1,1,-31.15,-17.75,-0.045,2.5,1
Garissa,2023-12-01,2023-12,1,2024-01-01,2024-01,0.0,59.5,-49.5,-40.7,92.7,97.96666666666667,0,52.5,-58.2,-31.1,0.2309999999999999,96.39999999999999,2.039701329448188,-13.40030911901082,-4.183563676742084,-0.1421980224357603,3.0,3.0,3.0,12,4,0,1,1,48.95,36.0,1.244,2.5,1
Garissa,2023-12-01,2023-12,2,2024-02-01,2024-02,0.0,59.5,-49.5,-40.7,92.7,97.96666666666667,0,52.5,-58.2,-31.1,0.2309999999999999,96.39999999999999,2.039701329448188,-13.40030911901082,-4.183563676742084,-0.1421980224357603,3.0,3.0,3.0,12,4,0,1,1,48.95,36.0,1.244,2.5,1
Garissa,2023-12-01,2023-12,3,2024-03-01,2024-03,0.0,59.5,-49.5,-40.7,92.7,97.96666666666667,0,52.5,-58.2,-31.1,0.2309999999999999,96.39999999999999,2.039701329448188,-13.40030911901082,-4.183563676742084,-0.1421980224357603,3.0,3.0,3.0,12,4,0,1,1,48.95,36.0,1.244,2.5,1
Garissa,2024-01-01,2024-01,1,2024-02-01,2024-02,0.0,70.6,59.5,-49.5,65.46666666666667,100.53333333333333,0,69.6,52.5,-58.2,-0.0349999999999999,52.5,-0.0535427449580581,0.3944065973467192,-10.443189310581669,-0.1464968010006482,3.0,3.0,3.0,1,1,0,0,1,98.3,76.65,1.986,2.5,1
Garissa,2024-01-01,2024-01,2,2024-03-01,2024-03,0.0,70.6,59.5,-49.5,65.46666666666667,100.53333333333333,0,69.6,52.5,-58.2,-0.0349999999999999,52.5,-0.0535427449580581,0.3944065973467192,-10.443189310581669,-0.1464968010006482,3.0,3.0,3.0,1,1,0,0,1,98.3,76.65,1.986,2.5,1
Garissa,2024-01-01,2024-01,3,2024-04-01,2024-04,0.0,70.6,59.5,-49.5,65.46666666666667,100.53333333333333,0,69.6,52.5,-58.2,-0.0349999999999999,52.5,-0.0535427449580581,0.3944065973467192,-10.443189310581669,-0.1464968010006482,3.0,3.0,3.0,1,1,0,0,1,98.3,76.65,1.986,2.5,1
Garissa,2024-02-01,2024-02,1,2024-03-01,2024-03,0.0,35.9,70.6,59.5,34.36666666666667,101.56666666666666,0,24.3,69.6,52.5,-0.2279999999999999,72.9,2.767857142857143,4.807867419413586,-8.281717892393948,0.0756067581852274,2.0,3.0,3.0,2,1,0,0,1,84.65,72.65,-0.493,2.5,1
Garissa,2024-02-01,2024-02,2,2024-04-01,2024-04,0.0,35.9,70.6,59.5,34.36666666666667,101.56666666666666,0,24.3,69.6,52.5,-0.2279999999999999,72.9,2.767857142857143,4.807867419413586,-8.281717892393948,0.0756067581852274,2.0,3.0,3.0,2,1,0,0,1,84.65,72.65,-0.493,2.5,1
Garissa,2024-02-01,2024-02,3,2024-05-01,2024-05,0.0,35.9,70.6,59.5,34.36666666666667,101.56666666666666,0,24.3,69.6,52.5,-0.2279999999999999,72.9,2.767857142857143,4.807867419413586,-8.281717892393948,0.0756067581852274,2.0,3.0,3.0,2,1,0,0,1,84.65,72.65,-0.493,2.5,1
Garissa,2024-03-01,2024-03,1,2024-04-01,2024-04,0.0,48.4,35.9,70.6,34.800000000000004,127.5,1,40.0,24.3,69.6,-0.0239999999999999,19.3,0.3475238922675934,3.0697840442620024,-10.330525074748818,0.1042652819511469,2.0,2.0,3.0,3,1,1,0,1,31.15,24.75,0.706,2.5,1
Garissa,2024-03-01,2024-03,2,2024-05-01,2024-05,0.0,48.4,35.9,70.6,34.800000000000004,127.5,1,40.0,24.3,69.6,-0.0239999999999999,19.3,0.3475238922675934,3.0697840442620024,-10.330525074748818,0.1042652819511469,2.0,2.0,3.0,3,1,1,0,1,31.15,24.75,0.706,2.5,1
Garissa,2024-03-01,2024-03,3,2024-06-01,2024-06,0.0,48.4,35.9,70.6,34.800000000000004,127.5,1,40.0,24.3,69.6,-0.0239999999999999,19.3,0.3475238922675934,3.0697840442620024,-10.330525074748818,0.1042652819511469,2.0,2.0,3.0,3,1,1,0,1,31.15,24.75,0.706,2.5,1
Garissa,2024-04-01,2024-04,1,2024-05-01,2024-05,0.0,-6.6,48.4,35.9,64.16666666666667,129.63333333333333,0,-11.8,40.0,24.3,-0.014,73.9,-0.7619047619047619,2.3392857142857144,2.7336923116324336,0.0412165296661241,2.0,2.0,2.0,4,2,1,0,1,23.85,13.5,-0.507,2.5,1
Garissa,2024-04-01,2024-04,2,2024-06-01,2024-06,0.0,-6.6,48.4,35.9,64.16666666666667,129.63333333333333,0,-11.8,40.0,24.3,-0.014,73.9,-0.7619047619047619,2.3392857142857144,2.7336923116324336,0.0412165296661241,2.0,2.0,2.0,4,2,1,0,1,23.85,13.5,-0.507,2.5,1
Garissa,2024-04-01,2024-04,3,2024-07-01,2024-07,0.0,-6.6,48.4,35.9,64.16666666666667,129.63333333333333,0,-11.8,40.0,24.3,-0.014,73.9,-0.7619047619047619,2.3392857142857144,2.7336923116324336,0.0412165296661241,2.0,2.0,2.0,4,2,1,0,1,23.85,13.5,-0.507,2.5,1
Garissa,2024-05-01,2024-05,1,2024-06-01,2024-06,0.0,17.4,-6.6,48.4,92.7,127.06666666666666,0,15.7,-11.8,40.0,0.087,-17.5,1.744896178677369,1.320590790616855,6.128458210030441,0.1845091484957214,2.0,2.0,2.0,5,2,1,0,1,40.15,27.65,2.09,2.5,1
Garissa,2024-05-01,2024-05,2,2024-07-01,2024-07,0.0,17.4,-6.6,48.4,92.7,127.06666666666666,0,15.7,-11.8,40.0,0.087,-17.5,1.744896178677369,1.320590790616855,6.128458210030441,0.1845091484957214,2.0,2.0,2.0,5,2,1,0,1,40.15,27.65,2.09,2.5,1
Garissa,2024-05-01,2024-05,3,2024-08-01,2024-08,0.0,17.4,-6.6,48.4,92.7,127.06666666666666,0,15.7,-11.8,40.0,0.087,-17.5,1.744896178677369,1.320590790616855,6.128458210030441,0.1845091484957214,2.0,2.0,2.0,5,2,1,0,1,40.15,27.65,2.09,2.5,1
Garissa,2024-06-01,2024-06,1,2024-07-01,2024-07,0.0,44.7,17.4,-6.6,69.06666666666666,103.86666666666667,0,35.0,15.7,-11.8,0.019,-50.3,1.646372834848225,2.632034632034632,5.701818676296634,0.3220700625721347,2.0,2.0,2.0,6,2,0,0,1,3.0,-7.9,-2.57,2.5,1
Garissa,2024-06-01,2024-06,2,2024-08-01,2024-08,0.0,44.7,17.4,-6.6,69.06666666666666,103.86666666666667,0,35.0,15.7,-11.8,0.019,-50.3,1.646372834848225,2.632034632034632,5.701818676296634,0.3220700625721347,2.0,2.0,2.0,6,2,0,0,1,3.0,-7.9,-2.57,2.5,1
Garissa,2024-06-01,2024-06,3,2024-09-01,2024-09,0.0,44.7,17.4,-6.6,69.06666666666666,103.86666666666667,0,35.0,15.7,-11.8,0.019,-50.3,1.646372834848225,2.632034632034632,5.701818676296634,0.3220700625721347,2.0,2.0,2.0,6,2,0,0,1,3.0,-7.9,-2.57,2.5,1
Garissa,2024-07-01,2024-07,1,2024-08-01,2024-08,0.0,34.0,44.7,17.4,38.63333333333333,102.80000000000001,0,19.3,35.0,15.7,-0.024,-1.8000000000000007,-2.44643158427535,0.8898970511254581,3.2291827654111724,0.1142957652692187,2.0,2.0,2.0,7,3,0,0,1,23.25,24.75,0.877,2.5,1
Garissa,2024-07-01,2024-07,2,2024-09-01,2024-09,0.0,34.0,44.7,17.4,38.63333333333333,102.80000000000001,0,19.3,35.0,15.7,-0.024,-1.8000000000000007,-2.44643158427535,0.8898970511254581,3.2291827654111724,0.1142957652692187,2.0,2.0,2.0,7,3,0,0,1,23.25,24.75,0.877,2.5,1
Garissa,2024-07-01,2024-07,3,2024-10-01,2024-10,0.0,34.0,44.7,17.4,38.63333333333333,102.80000000000001,0,19.3,35.0,15.7,-0.024,-1.8000000000000007,-2.44643158427535,0.8898970511254581,3.2291827654111724,0.1142957652692187,2.0,2.0,2.0,7,3,0,0,1,23.25,24.75,0.877,2.5,1
Garissa,2024-08-01,2024-08,1,2024-09-01,2024-09,0.0,26.4,34.0,44.7,10.333333333333334,103.03333333333333,0,22.5,19.3,35.0,-0.05,-13.600000000000001,-1.176063645797302,-2.006516892471274,-0.6859261018544192,0.0168567844650926,2.0,2.0,2.0,8,3,0,0,1,12.75,10.8,-0.803,2.0,0
Garissa,2024-08-01,2024-08,2,2024-10-01,2024-10,0.0,26.4,34.0,44.7,10.333333333333334,103.03333333333333,0,22.5,19.3,35.0,-0.05,-13.600000000000001,-1.176063645797302,-2.006516892471274,-0.6859261018544192,0.0168567844650926,2.0,2.0,2.0,8,3,0,0,1,12.75,10.8,-0.803,2.0,0
Garissa,2024-08-01,2024-08,3,2024-11-01,2024-11,0.0,26.4,34.0,44.7,10.333333333333334,103.03333333333333,0,22.5,19.3,35.0,-0.05,-13.600000000000001,-1.176063645797302,-2.006516892471274,-0.6859261018544192,0.0168567844650926,2.0,2.0,2.0,8,3,0,0,1,12.75,10.8,-0.803,2.0,0
Garissa,2024-09-01,2024-09,1,2024-10-01,2024-10,0.0,13.2,26.4,34.0,9.866666666666667,78.93333333333334,0,26.4,22.5,19.3,-0.028,13.200000000000001,2.2751137556877845,-1.4003711827231315,1.2316634493115006,0.203137188943569,2.0,2.0,2.0,9,3,0,0,1,26.85,19.95,0.941,2.0,0
Garissa,2024-09-01,2024-09,2,2024-11-01,2024-11,0.0,13.2,26.4,34.0,9.866666666666667,78.93333333333334,0,26.4,22.5,19.3,-0.028,13.200000000000001,2.2751137556877845,-1.4003711827231315,1.2316634493115006,0.203137188943569,2.0,2.0,2.0,9,3,0,0,1,26.85,19.95,0.941,2.0,0
Garissa,2024-09-01,2024-09,3,2024-12-01,2024-12,0.0,13.2,26.4,34.0,9.866666666666667,78.93333333333334,0,26.4,22.5,19.3,-0.028,13.200000000000001,2.2751137556877845,-1.4003711827231315,1.2316634493115006,0.203137188943569,2.0,2.0,2.0,9,3,0,0,1,26.85,19.95,0.941,2.0,0
Garissa,2024-10-01,2024-10,1,2024-11-01,2024-11,0.0,1.1,13.2,26.4,28.966666666666665,67.6,0,1.4,26.4,22.5,-0.0209999999999999,-3.1999999999999993,0.838466803559206,1.9197509512279487,2.809648002353407,0.2733505721700717,2.0,2.0,2.0,10,4,0,1,1,19.75,18.7,0.223,2.0,0
Garissa,2024-10-01,2024-10,2,2024-12-01,2024-12,0.0,1.1,13.2,26.4,28.966666666666665,67.6,0,1.4,26.4,22.5,-0.0209999999999999,-3.1999999999999993,0.838466803559206,1.9197509512279487,2.809648002353407,0.2733505721700717,2.0,2.0,2.0,10,4,0,1,1,19.75,18.7,0.223,2.0,0
Garissa,2024-10-01,2024-10,3,2025-01-01,2025-01,,1.1,13.2,26.4,28.966666666666665,67.6,0,1.4,26.4,22.5,-0.0209999999999999,-3.1999999999999993,0.838466803559206,1.9197509512279487,2.809648002353407,0.2733505721700717,2.0,2.0,2.0,10,4,0,1,1,19.75,18.7,0.223,2.0,0
Garissa,2024-11-01,2024-11,1,2024-12-01,2024-12,0.0,11.0,1.1,13.2,56.133333333333326,66.46666666666665,0,12.5,1.4,26.4,0.137,-16.1,0.2715085694892245,3.4126706335316768,1.4061537410604026,0.2962773911828072,2.0,2.0,2.0,11,4,0,1,1,41.7,38.25,-0.817,2.0,0
Garissa,2024-11-01,2024-11,2,2025-01-01,2025-01,,11.0,1.1,13.2,56.133333333333326,66.46666666666665,0,12.5,1.4,26.4,0.137,-16.1,0.2715085694892245,3.4126706335316768,1.4061537410604026,0.2962773911828072,2.0,2.0,2.0,11,4,0,1,1,41.7,38.25,-0.817,2.0,0
Garissa,2024-11-01,2024-11,3,2025-02-01,2025-02,,11.0,1.1,13.2,56.133333333333326,66.46666666666665,0,12.5,1.4,26.4,0.137,-16.1,0.2715085694892245,3.4126706335316768,1.4061537410604026,0.2962773911828072,2.0,2.0,2.0,11,4,0,1,1,41.7,38.25,-0.817,2.0,0
Garissa,2024-12-01,2024-12,1,2025-01-01,2025-01,,13.3,11.0,1.1,70.60000000000001,80.46666666666667,0,18.9,12.5,1.4,-0.067,31.099999999999998,-3.0123540362159416,-1.9336071184120465,-3.3339783011351782,0.0412165296661241,2.0,2.0,2.0,12,4,0,1,1,18.85,19.25,1.12,2.0,0
Garissa,2024-12-01,2024-12,2,2025-02-01,2025-02,,13.3,11.0,1.1,70.60000000000001,80.46666666666667,0,18.9,12.5,1.4,-0.067,31.099999999999998,-3.0123540362159416,-1.9336071184120465,-3.3339783011351782,0.0412165296661241,2.0,2.0,2.0,12,4,0,1,1,18.85,19.25,1.12,2.0,0
Garissa,2024-12-01,2024-12,3,2025-03-01,2025-03,,13.3,11.0,1.1,70.60000000000001,80.46666666666667,0,18.9,12.5,1.4,-0.067,31.099999999999998,-3.0123540362159416,-1.9336071184120465,-3.3339783011351782,0.0412165296661241,2.0,2.0,2.0,12,4,0,1,1,18.85,19.25,1.12,2.0,0
Mandera,2019-01-01,2019-01,1,2019-02-01,2019-02,0.0,,,,11.0,,0,,,,,,,,,-1.443453484723428,,,,1,1,0,0,1,0.0,0.0,0.0,2.0,0
Mandera,2019-01-01,2019-01,2,2019-03-01,2019-03,0.0,,,,11.0,,0,,,,,,,,,-1.443453484723428,,,,1,1,0,0,1,0.0,0.0,0.0,2.0,0
Mandera,2019-01-01,2019-01,3,2019-04-01,2019-04,0.0,,,,11.0,,0,,,,,,,,,-1.443453484723428,,,,1,1,0,0,1,0.0,0.0,0.0,2.0,0
Mandera,2019-02-01,2019-02,1,2019-03-01,2019-03,0.0,,,,10.55,,0,,,,,,1.9302737837305497,,,-1.3010038310470338,2.0,,,2,1,0,0,1,0.0,0.0,1.695,2.0,0
Mandera,2019-02-01,2019-02,2,2019-04-01,2019-04,0.0,,,,10.55,,0,,,,,,1.9302737837305497,,,-1.3010038310470338,2.0,,,2,1,0,0,1,0.0,0.0,1.695,2.0,0
Mandera,2019-02-01,2019-02,3,2019-05-01,2019-05,0.0,,,,10.55,,0,,,,,,1.9302737837305497,,,-1.3010038310470338,2.0,,,2,1,0,0,1,0.0,0.0,1.695,2.0,0
Mandera,2019-03-01,2019-03,1,2019-04-01,2019-04,0.0,57.1,,,25.3,,0,68.2,,,,,-4.521739130434783,,,-1.6411387183967914,2.0,2.0,,3,1,1,0,1,66.7,66.9,1.077,2.0,0
Mandera,2019-03-01,2019-03,2,2019-05-01,2019-05,0.0,57.1,,,25.3,,0,68.2,,,,,-4.521739130434783,,,-1.6411387183967914,2.0,2.0,,3,1,1,0,1,66.7,66.9,1.077,2.0,0
Mandera,2019-03-01,2019-03,3,2019-06-01,2019-06,0.0,57.1,,,25.3,,0,68.2,,,,,-4.521739130434783,,,-1.6411387183967914,2.0,2.0,,3,1,1,0,1,66.7,66.9,1.077,2.0,0
Mandera,2019-04-01,2019-04,1,2019-05-01,2019-05,0.0,44.3,57.1,,41.16666666666666,52.16666666666666,1,47.7,68.2,,-0.1109999999999999,,4.675166970248937,1.87118376994288,,-1.305364534731005,2.0,2.0,2.0,4,2,1,0,1,11.9,20.8,-2.252,2.0,0
Mandera,2019-04-01,2019-04,2,2019-06-01,2019-06,0.0,44.3,57.1,,41.16666666666666,52.16666666666666,1,47.7,68.2,,-0.1109999999999999,,4.675166970248937,1.87118376994288,,-1.305364534731005,2.0,2.0,2.0,4,2,1,0,1,11.9,20.8,-2.252,2.0,0
Mandera,2019-04-01,2019-04,3,2019-07-01,2019-07,0.0,44.3,57.1,,41.16666666666666,52.16666666666666,1,47.7,68.2,,-0.1109999999999999,,4.675166970248937,1.87118376994288,,-1.305364534731005,2.0,2.0,2.0,4,2,1,0,1,11.9,20.8,-2.252,2.0,0
Mandera,2019-05-01,2019-05,1,2019-06-01,2019-06,0.0,-2.1,44.3,57.1,60.26666666666667,70.81666666666668,0,-5.5,47.7,68.2,-0.084,,-5.974477958236659,-6.028985507246377,,-1.7545170141800437,2.0,2.0,2.0,5,2,1,0,1,44.7,29.6,0.309,2.0,0
Mandera,2019-05-01,2019-05,2,2019-07-01,2019-07,0.0,-2.1,44.3,57.1,60.26666666666667,70.81666666666668,0,-5.5,47.7,68.2,-0.084,,-5.974477958236659,-6.028985507246377,,-1.7545170141800437,2.0,2.0,2.0,5,2,1,0,1,44.7,29.6,0.309,2.0,0
Mandera,2019-05-01,2019-05,3,2019-08-01,2019-08,0.0,-2.1,44.3,57.1,60.26666666666667,70.81666666666668,0,-5.5,47.7,68.2,-0.084,,-5.974477958236659,-6.028985507246377,,-1.7545170141800437,2.0,2.0,2.0,5,2,1,0,1,44.7,29.6,0.309,2.0,0
Mandera,2019-06-01,2019-06,1,2019-07-01,2019-07,0.0,4.6,-2.1,44.3,44.9,70.2,0,17.7,-5.5,47.7,0.121,,5.593255192268147,3.9263307022869856,,-1.3591465468333173,2.0,2.0,2.0,6,2,0,0,1,44.2,33.8,0.718,2.0,0
Mandera,2019-06-01,2019-06,2,2019-08-01,2019-08,0.0,4.6,-2.1,44.3,44.9,70.2,0,17.7,-5.5,47.7,0.121,,5.593255192268147,3.9263307022869856,,-1.3591465468333173,2.0,2.0,2.0,6,2,0,0,1,44.2,33.8,0.718,2.0,0
Mandera,2019-06-01,2019-06,3,2019-09-01,2019-09,0.0,4.6,-2.1,44.3,44.9,70.2,0,17.7,-5.5,47.7,0.121,,5.593255192268147,3.9263307022869856,,-1.3591465468333173,2.0,2.0,2.0,6,2,0,0,1,44.2,33.8,0.718,2.0,0
Mandera,2019-07-01,2019-07,1,2019-08-01,2019-08,0.0,20.4,4.6,-2.1,28.26666666666667,69.43333333333332,0,9.5,17.7,-5.5,0.0309999999999999,,-3.11587147030185,-3.8089713843774167,-1.9377876144345367,-1.5917174099784503,2.0,2.0,2.0,7,3,0,0,1,40.4,39.2,-0.631,2.0,0
Mandera,2019-07-01,2019-07,2,2019-09-01,2019-09,0.0,20.4,4.6,-2.1,28.26666666666667,69.43333333333332,0,9.5,17.7,-5.5,0.0309999999999999,,-3.11587147030185,-3.8089713843774167,-1.9377876144345367,-1.5917174099784503,2.0,2.0,2.0,7,3,0,0,1,40.4,39.2,-0.631,2.0,0
Mandera,2019-07-01,2019-07,3,2019-10-01,2019-10,0.0,20.4,4.6,-2.1,28.26666666666667,69.43333333333332,0,9.5,17.7,-5.5,0.0309999999999999,,-3.11587147030185,-3.8089713843774167,-1.9377876144345367,-1.5917174099784503,2.0,2.0,2.0,7,3,0,0,1,40.4,39.2,-0.631,2.0,0
Mandera,2019-08-01,2019-08,1,2019-09-01,2019-09,0.0,24.3,20.4,4.6,8.799999999999999,69.06666666666668,0,49.5,9.5,17.7,0.0519999999999999,-36.400000000000006,2.371859296482412,4.729590787579683,-1.2993947196666937,-1.4201963984089143,2.0,2.0,2.0,8,3,0,0,1,33.3,30.0,-0.225,2.0,0
Mandera,2019-08-01,2019-08,2,2019-10-01,2019-10,0.0,24.3,20.4,4.6,8.799999999999999,69.06666666666668,0,49.5,9.5,17.7,0.0519999999999999,-36.400000000000006,2.371859296482412,4.729590787579683,-1.2993947196666937,-1.4201963984089143,2.0,2.0,2.0,8,3,0,0,1,33.3,30.0,-0.225,2.0,0
Mandera,2019-08-01,2019-08,3,2019-11-01,2019-11,0.0,24.3,20.4,4.6,8.799999999999999,69.06666666666668,0,49.5,9.5,17.7,0.0519999999999999,-36.400000000000006,2.371859296482412,4.729590787579683,-1.2993947196666937,-1.4201963984089143,2.0,2.0,2.0,8,3,0,0,1,33.3,30.0,-0.225,2.0,0
Mandera,2019-09-01,2019-09,1,2019-10-01,2019-10,0.0,24.3,24.3,20.4,9.433333333333332,54.33333333333333,0,31.8,49.5,9.5,0.0259999999999999,-14.5,1.178087571176124,0.3505355404089581,4.276866242695943,-1.3329823247294896,2.0,2.0,2.0,9,3,0,0,1,64.3,41.9,3.45,2.0,0
Mandera,2019-09-01,2019-09,2,2019-11-01,2019-11,0.0,24.3,24.3,20.4,9.433333333333332,54.33333333333333,0,31.8,49.5,9.5,0.0259999999999999,-14.5,1.178087571176124,0.3505355404089581,4.276866242695943,-1.3329823247294896,2.0,2.0,2.0,9,3,0,0,1,64.3,41.9,3.45,2.0,0
Mandera,2019-09-01,2019-09,3,2019-12-01,2019-12,0.0,24.3,24.3,20.4,9.433333333333332,54.33333333333333,0,31.8,49.5,9.5,0.0259999999999999,-14.5,1.178087571176124,0.3505355404089581,4.276866242695943,-1.3329823247294896,2.0,2.0,2.0,9,3,0,0,1,64.3,41.9,3.45,2.0,0
Mandera,2019-10-01,2019-10,1,2019-11-01,2019-11,0.0,28.6,24.3,24.3,25.73333333333333,54.0,0,33.2,31.8,49.5,0.0,66.9,1.4942751795070832,5.125628140703518,1.3166567563261014,-1.2210575968408943,2.0,2.0,2.0,10,4,0,1,1,38.1,38.8,-3.255,2.0,0
Mandera,2019-10-01,2019-10,2,2019-12-01,2019-12,0.0,28.6,24.3,24.3,25.73333333333333,54.0,0,33.2,31.8,49.5,0.0,66.9,1.4942751795070832,5.125628140703518,1.3166567563261014,-1.2210575968408943,2.0,2.0,2.0,10,4,0,1,1,38.1,38.8,-3.255,2.0,0
Mandera,2019-10-01,2019-10,3,2020-01-01,2020-01,0.0,28.6,24.3,24.3,25.73333333333333,54.0,0,33.2,31.8,49.5,0.0,66.9,1.4942751795070832,5.125628140703518,1.3166567563261014,-1.2210575968408943,2.0,2.0,2.0,10,4,0,1,1,38.1,38.8,-3.255,2.0,0
Mandera,2019-11-01,2019-11,1,2019-12-01,2019-12,0.0,51.4,28.6,24.3,41.03333333333333,49.83333333333333,0,61.4,33.2,31.8,-0.0529999999999999,14.100000000000001,-0.4397705544933079,2.238366385234636,6.9679571728143195,-1.2544896584180072,2.0,2.0,2.0,11,4,0,1,1,0.0,2.7,-0.021,2.0,0
Mandera,2019-11-01,2019-11,2,2020-01-01,2020-01,0.0,51.4,28.6,24.3,41.03333333333333,49.83333333333333,0,61.4,33.2,31.8,-0.0529999999999999,14.100000000000001,-0.4397705544933079,2.238366385234636,6.9679571728143195,-1.2544896584180072,2.0,2.0,2.0,11,4,0,1,1,0.0,2.7,-0.021,2.0,0
Mandera,2019-11-01,2019-11,3,2020-02-01,2020-02,0.0,51.4,28.6,24.3,41.03333333333333,49.83333333333333,0,61.4,33.2,31.8,-0.0529999999999999,14.100000000000001,-0.4397705544933079,2.238366385234636,6.9679571728143195,-1.2544896584180072,2.0,2.0,2.0,11,4,0,1,1,0.0,2.7,-0.021,2.0,0
Mandera,2019-12-01,2019-12,1,2020-01-01,2020-01,0.0,21.0,51.4,28.6,58.3,67.73333333333333,0,31.8,61.4,33.2,-0.0289999999999999,-0.40000000000000036,-2.727098137123104,-1.7077430622938097,-1.3572075218848516,-1.4608962994593129,2.0,2.0,2.0,12,4,0,1,1,3.9,10.4,3.407,2.0,0
Mandera,2019-12-01,2019-12,2,2020-02-01,2020-02,0.0,21.0,51.4,28.6,58.3,67.73333333333333,0,31.8,61.4,33.2,-0.0289999999999999,-0.40000000000000036,-2.727098137123104,-1.7077430622938097,-1.3572075218848516,-1.4608962994593129,2.0,2.0,2.0,12,4,0,1,1,3.9,10.4,3.407,2.0,0
Mandera,2019-12-01,2019-12,3,2020-03-01,2020-03,0.0,21.0,51.4,28.6,58.3,67.73333333333333,0,31.8,61.4,33.2,-0.0289999999999999,-0.40000000000000036,-2.727098137123104,-1.7077430622938097,-1.3572075218848516,-1.4608962994593129,2.0,2.0,2.0,12,4,0,1,1,3.9,10.4,3.407,2.0,0
Mandera,2020-01-01,2020-01,1,2020-02-01,2020-02,0.0,15.3,21.0,51.4,41.66666666666666,67.39999999999999,0,9.1,31.8,61.4,-0.0419999999999999,-1.2999999999999972,5.449160908193484,2.122370936902485,7.2479990776060035,-1.059711560533958,2.0,2.0,2.0,1,1,0,0,1,33.7,24.2,4.386,2.0,0
Mandera,2020-01-01,2020-01,2,2020-03-01,2020-03,0.0,15.3,21.0,51.4,41.66666666666666,67.39999999999999,0,9.1,31.8,61.4,-0.0419999999999999,-1.2999999999999972,5.449160908193484,2.122370936902485,7.2479990776060035,-1.059711560533958,2.0,2.0,2.0,1,1,0,0,1,33.7,24.2,4.386,2.0,0
Mandera,2020-01-01,2020-01,3,2020-04-01,2020-04,0.0,15.3,21.0,51.4,41.66666666666666,67.39999999999999,0,9.1,31.8,61.4,-0.0419999999999999,-1.2999999999999972,5.449160908193484,2.122370936902485,7.2479990776060035,-1.059711560533958,2.0,2.0,2.0,1,1,0,0,1,33.7,24.2,4.386,2.0,0
Mandera,2020-02-01,2020-02,1,2020-03-01,2020-03,0.0,31.1,15.3,21.0,25.96666666666667,67.0,0,48.2,9.1,31.8,0.001,-19.1,-1.7974162141920986,0.7297868254273093,2.9681532106619453,-1.199254078421038,2.0,2.0,2.0,2,1,0,0,1,61.4,63.5,-3.118,2.0,0
Mandera,2020-02-01,2020-02,2,2020-04-01,2020-04,0.0,31.1,15.3,21.0,25.96666666666667,67.0,0,48.2,9.1,31.8,0.001,-19.1,-1.7974162141920986,0.7297868254273093,2.9681532106619453,-1.199254078421038,2.0,2.0,2.0,2,1,0,0,1,61.4,63.5,-3.118,2.0,0
Mandera,2020-02-01,2020-02,3,2020-05-01,2020-05,0.0,31.1,15.3,21.0,25.96666666666667,67.0,0,48.2,9.1,31.8,0.001,-19.1,-1.7974162141920986,0.7297868254273093,2.9681532106619453,-1.199254078421038,2.0,2.0,2.0,2,1,0,0,1,61.4,63.5,-3.118,2.0,0
Mandera,2020-03-01,2020-03,1,2020-04-01,2020-04,0.0,10.0,31.1,15.3,20.83333333333333,79.13333333333333,0,12.7,48.2,9.1,-0.137,-23.700000000000003,-0.9532888465204956,2.566633761105627,0.8588906988118172,-1.271932473153892,2.0,2.0,2.0,3,1,1,0,1,6.0,9.2,2.021,2.0,0
Mandera,2020-03-01,2020-03,2,2020-05-01,2020-05,0.0,10.0,31.1,15.3,20.83333333333333,79.13333333333333,0,12.7,48.2,9.1,-0.137,-23.700000000000003,-0.9532888465204956,2.566633761105627,0.8588906988118172,-1.271932473153892,2.0,2.0,2.0,3,1,1,0,1,6.0,9.2,2.021,2.0,0
Mandera,2020-03-01,2020-03,3,2020-06-01,2020-06,0.0,10.0,31.1,15.3,20.83333333333333,79.13333333333333,0,12.7,48.2,9.1,-0.137,-23.700000000000003,-0.9532888465204956,2.566633761105627,0.8588906988118172,-1.271932473153892,2.0,2.0,2.0,3,1,1,0,1,6.0,9.2,2.021,2.0,0
Mandera,2020-04-01,2020-04,1,2020-05-01,2020-05,0.0,11.4,10.0,31.1,36.66666666666666,78.33333333333331,1,9.5,12.7,48.2,-0.042,-75.5,4.177093358999037,1.329339075079573,3.4517100119820583,-0.9565082400133053,2.0,2.0,2.0,4,2,1,0,1,-3.6,3.1,-1.808,2.0,0
Mandera,2020-04-01,2020-04,2,2020-06-01,2020-06,0.0,11.4,10.0,31.1,36.66666666666666,78.33333333333331,1,9.5,12.7,48.2,-0.042,-75.5,4.177093358999037,1.329339075079573,3.4517100119820583,-0.9565082400133053,2.0,2.0,2.0,4,2,1,0,1,-3.6,3.1,-1.808,2.0,0
Mandera,2020-04-01,2020-04,3,2020-07-01,2020-07,0.0,11.4,10.0,31.1,36.66666666666666,78.33333333333331,1,9.5,12.7,48.2,-0.042,-75.5,4.177093358999037,1.329339075079573,3.4517100119820583,-0.9565082400133053,2.0,2.0,2.0,4,2,1,0,1,-3.6,3.1,-1.808,2.0,0
Mandera,2020-05-01,2020-05,1,2020-06-01,2020-06,0.0,-16.1,11.4,10.0,44.833333333333336,70.80000000000001,2,-14.1,9.5,12.7,-0.142,-38.2,-4.194382852919438,-1.1439466158245948,-0.41415979039728545,-1.286468152100463,2.0,2.0,2.0,5,2,1,0,1,-9.1,-14.2,3.154,2.0,0
Mandera,2020-05-01,2020-05,2,2020-07-01,2020-07,0.0,-16.1,11.4,10.0,44.833333333333336,70.80000000000001,2,-14.1,9.5,12.7,-0.142,-38.2,-4.194382852919438,-1.1439466158245948,-0.41415979039728545,-1.286468152100463,2.0,2.0,2.0,5,2,1,0,1,-9.1,-14.2,3.154,2.0,0
Mandera,2020-05-01,2020-05,3,2020-08-01,2020-08,0.0,-16.1,11.4,10.0,44.833333333333336,70.80000000000001,2,-14.1,9.5,12.7,-0.142,-38.2,-4.194382852919438,-1.1439466158245948,-0.41415979039728545,-1.286468152100463,2.0,2.0,2.0,5,2,1,0,1,-9.1,-14.2,3.154,2.0,0
Mandera,2020-06-01,2020-06,1,2020-07-01,2020-07,0.0,-1.4,-16.1,11.4,31.0,51.83333333333333,3,-6.4,-14.1,9.5,-0.0179999999999999,-64.1,2.333654773384764,2.136669874879692,4.7033036359853195,-1.110586436846956,2.0,2.0,2.0,6,2,0,0,1,-26.0,-18.8,-2.867,2.0,0
Mandera,2020-06-01,2020-06,2,2020-08-01,2020-08,0.0,-1.4,-16.1,11.4,31.0,51.83333333333333,3,-6.4,-14.1,9.5,-0.0179999999999999,-64.1,2.333654773384764,2.136669874879692,4.7033036359853195,-1.110586436846956,2.0,2.0,2.0,6,2,0,0,1,-26.0,-18.8,-2.867,2.0,0
Mandera,2020-06-01,2020-06,3,2020-09-01,2020-09,0.0,-1.4,-16.1,11.4,31.0,51.83333333333333,3,-6.4,-14.1,9.5,-0.0179999999999999,-64.1,2.333654773384764,2.136669874879692,4.7033036359853195,-1.110586436846956,2.0,2.0,2.0,6,2,0,0,1,-26.0,-18.8,-2.867,2.0,0
Mandera,2020-07-01,2020-07,1,2020-08-01,2020-08,0.0,-42.3,-1.4,-16.1,14.633333333333333,51.29999999999999,4,-55.0,-6.4,-14.1,-0.0209999999999999,-70.5,0.5653976630229929,-1.404286770140429,-0.07494769506085586,-1.0669794000072437,2.0,2.0,2.0,7,3,0,0,1,5.8,11.5,2.463,2.0,0
Mandera,2020-07-01,2020-07,2,2020-09-01,2020-09,0.0,-42.3,-1.4,-16.1,14.633333333333333,51.29999999999999,4,-55.0,-6.4,-14.1,-0.0209999999999999,-70.5,0.5653976630229929,-1.404286770140429,-0.07494769506085586,-1.0669794000072437,2.0,2.0,2.0,7,3,0,0,1,5.8,11.5,2.463,2.0,0
Mandera,2020-07-01,2020-07,3,2020-10-01,2020-10,0.0,-42.3,-1.4,-16.1,14.633333333333333,51.29999999999999,4,-55.0,-6.4,-14.1,-0.0209999999999999,-70.5,0.5653976630229929,-1.404286770140429,-0.07494769506085586,-1.0669794000072437,2.0,2.0,2.0,7,3,0,0,1,5.8,11.5,2.463,2.0,0
Mandera,2020-08-01,2020-08,1,2020-09-01,2020-09,0.0,-21.4,-42.3,-1.4,5.63333333333333,50.46666666666667,5,-22.3,-55.0,-6.4,0.0739999999999999,-28.6,0.6934032983508246,3.6258437801350047,2.4818971643104097,-1.0131973879049314,2.0,2.0,2.0,8,3,0,0,1,0.0,-11.9,-3.854,2.0,0
Mandera,2020-08-01,2020-08,2,2020-10-01,2020-10,0.0,-21.4,-42.3,-1.4,5.63333333333333,50.46666666666667,5,-22.3,-55.0,-6.4,0.0739999999999999,-28.6,0.6934032983508246,3.6258437801350047,2.4818971643104097,-1.0131973879049314,2.0,2.0,2.0,8,3,0,0,1,0.0,-11.9,-3.854,2.0,0
Mandera,2020-08-01,2020-08,3,2020-11-01,2020-11,0.0,-21.4,-42.3,-1.4,5.63333333333333,50.46666666666667,5,-22.3,-55.0,-6.4,0.0739999999999999,-28.6,0.6934032983508246,3.6258437801350047,2.4818971643104097,-1.0131973879049314,2.0,2.0,2.0,8,3,0,0,1,0.0,-11.9,-3.854,2.0,0
Mandera,2020-09-01,2020-09,1,2020-10-01,2020-10,0.0,-12.9,-21.4,-42.3,6.033333333333331,37.03333333333333,6,-15.9,-22.3,-55.0,0.0489999999999999,-30.9,-0.5397357156151126,0.7161703731624576,2.85284024804215,-1.0553508568499868,2.0,2.0,2.0,9,3,0,0,1,-26.2,-29.2,0.536,2.0,0
Mandera,2020-09-01,2020-09,2,2020-11-01,2020-11,0.0,-12.9,-21.4,-42.3,6.033333333333331,37.03333333333333,6,-15.9,-22.3,-55.0,0.0489999999999999,-30.9,-0.5397357156151126,0.7161703731624576,2.85284024804215,-1.0553508568499868,2.0,2.0,2.0,9,3,0,0,1,-26.2,-29.2,0.536,2.0,0
Mandera,2020-09-01,2020-09,3,2020-12-01,2020-12,0.0,-12.9,-21.4,-42.3,6.033333333333331,37.03333333333333,6,-15.9,-22.3,-55.0,0.0489999999999999,-30.9,-0.5397357156151126,0.7161703731624576,2.85284024804215,-1.0553508568499868,2.0,2.0,2.0,9,3,0,0,1,-26.2,-29.2,0.536,2.0,0
Mandera,2020-10-01,2020-10,1,2020-11-01,2020-11,0.0,-24.3,-12.9,-21.4,22.63333333333333,37.266666666666666,7,-21.4,-15.9,-22.3,0.077,14.1,-0.9169161676646708,-0.7683658170914542,-2.172652587231883,-1.126575683688184,2.0,2.0,2.0,10,4,0,1,1,-1.2,-6.5,2.033,2.0,0
Mandera,2020-10-01,2020-10,2,2020-12-01,2020-12,0.0,-24.3,-12.9,-21.4,22.63333333333333,37.266666666666666,7,-21.4,-15.9,-22.3,0.077,14.1,-0.9169161676646708,-0.7683658170914542,-2.172652587231883,-1.126575683688184,2.0,2.0,2.0,10,4,0,1,1,-1.2,-6.5,2.033,2.0,0
Mandera,2020-10-01,2020-10,3,2021-01-01,2021-01,1.0,-24.3,-12.9,-21.4,22.63333333333333,37.266666666666666,7,-21.4,-15.9,-22.3,0.077,14.1,-0.9169161676646708,-0.7683658170914542,-2.172652587231883,-1.126575683688184,2.0,2.0,2.0,10,4,0,1,1,-1.2,-6.5,2.033,2.0,0
Mandera,2020-11-01,2020-11,1,2020-12-01,2020-12,0.0,-4.3,-24.3,-12.9,33.53333333333333,39.166666666666664,0,0.0,-21.4,-15.9,-0.0239999999999999,25.5,-1.41643059490085,-2.847571189279732,0.7782725908552726,-1.235593275787465,2.0,2.0,2.0,11,4,0,1,1,-9.5,-18.5,-0.832,2.0,0
Mandera,2020-11-01,2020-11,2,2021-01-01,2021-01,1.0,-4.3,-24.3,-12.9,33.53333333333333,39.166666666666664,0,0.0,-21.4,-15.9,-0.0239999999999999,25.5,-1.41643059490085,-2.847571189279732,0.7782725908552726,-1.235593275787465,2.0,2.0,2.0,11,4,0,1,1,-9.5,-18.5,-0.832,2.0,0
Mandera,2020-11-01,2020-11,3,2021-02-01,2021-02,1.0,-4.3,-24.3,-12.9,33.53333333333333,39.166666666666664,0,0.0,-21.4,-15.9,-0.0239999999999999,25.5,-1.41643059490085,-2.847571189279732,0.7782725908552726,-1.235593275787465,2.0,2.0,2.0,11,4,0,1,1,-9.5,-18.5,-0.832,2.0,0
Mandera,2020-12-01,2020-12,1,2021-01-01,2021-01,1.0,17.4,-4.3,-24.3,43.66666666666666,49.69999999999999,1,19.1,0.0,-21.4,-0.0569999999999999,22.700000000000003,2.432950191570881,0.0561377245508982,0.7723080977133557,-1.0509901531660155,2.0,2.0,2.0,12,4,0,1,1,-5.7,3.5,-3.336,2.0,0
Mandera,2020-12-01,2020-12,2,2021-02-01,2021-02,1.0,17.4,-4.3,-24.3,43.66666666666666,49.69999999999999,1,19.1,0.0,-21.4,-0.0569999999999999,22.700000000000003,2.432950191570881,0.0561377245508982,0.7723080977133557,-1.0509901531660155,2.0,2.0,2.0,12,4,0,1,1,-5.7,3.5,-3.336,2.0,0
Mandera,2020-12-01,2020-12,3,2021-03-01,2021-03,1.0,17.4,-4.3,-24.3,43.66666666666666,49.69999999999999,1,19.1,0.0,-21.4,-0.0569999999999999,22.700000000000003,2.432950191570881,0.0561377245508982,0.7723080977133557,-1.0509901531660155,2.0,2.0,2.0,12,4,0,1,1,-5.7,3.5,-3.336,2.0,0
Mandera,2021-01-01,2021-01,1,2021-02-01,2021-02,1.0,-20.2,17.4,-4.3,25.933333333333326,48.566666666666656,2,-32.3,19.1,0.0,-0.182,-3.599999999999998,25.62184402468674,26.85552407932012,26.087158262228666,0.9403978625141882,2.0,2.0,2.0,1,1,0,0,1,-41.0,-36.9,29.001,2.0,0
Mandera,2021-01-01,2021-01,2,2021-03-01,2021-03,1.0,-20.2,17.4,-4.3,25.933333333333326,48.566666666666656,2,-32.3,19.1,0.0,-0.182,-3.599999999999998,25.62184402468674,26.85552407932012,26.087158262228666,0.9403978625141882,2.0,2.0,2.0,1,1,0,0,1,-41.0,-36.9,29.001,2.0,0
Mandera,2021-01-01,2021-01,3,2021-04-01,2021-04,1.0,-20.2,17.4,-4.3,25.933333333333326,48.566666666666656,2,-32.3,19.1,0.0,-0.182,-3.599999999999998,25.62184402468674,26.85552407932012,26.087158262228666,0.9403978625141882,2.0,2.0,2.0,1,1,0,0,1,-41.0,-36.9,29.001,2.0,0
Mandera,2021-02-01,2021-02,1,2021-03-01,2021-03,1.0,-22.1,-20.2,17.4,14.266666666666666,47.8,3,-25.9,-32.3,19.1,-0.0689999999999999,-47.7,-2.992407324698526,24.82758620689655,21.980015017616818,0.6482307156881145,3.0,2.0,2.0,2,1,0,0,1,-4.4,8.1,-0.297,3.0,1
Mandera,2021-02-01,2021-02,2,2021-04-01,2021-04,1.0,-22.1,-20.2,17.4,14.266666666666666,47.8,3,-25.9,-32.3,19.1,-0.0689999999999999,-47.7,-2.992407324698526,24.82758620689655,21.980015017616818,0.6482307156881145,3.0,2.0,2.0,2,1,0,0,1,-4.4,8.1,-0.297,3.0,1
Mandera,2021-02-01,2021-02,3,2021-05-01,2021-05,1.0,-22.1,-20.2,17.4,14.266666666666666,47.8,3,-25.9,-32.3,19.1,-0.0689999999999999,-47.7,-2.992407324698526,24.82758620689655,21.980015017616818,0.6482307156881145,3.0,2.0,2.0,2,1,0,0,1,-4.4,8.1,-0.297,3.0,1
Mandera,2021-03-01,2021-03,1,2021-04-01,2021-04,1.0,-61.4,-22.1,-20.2,9.566666666666665,53.23333333333332,4,-63.6,-25.9,-32.3,-0.083,-42.2,-0.49109883364027,21.26426033289695,21.320398057447846,0.601716543059088,3.0,3.0,2.0,3,1,1,0,1,-65.5,-58.5,3.546,3.0,1
Mandera,2021-03-01,2021-03,2,2021-05-01,2021-05,1.0,-61.4,-22.1,-20.2,9.566666666666665,53.23333333333332,4,-63.6,-25.9,-32.3,-0.083,-42.2,-0.49109883364027,21.26426033289695,21.320398057447846,0.601716543059088,3.0,3.0,2.0,3,1,1,0,1,-65.5,-58.5,3.546,3.0,1
Mandera,2021-03-01,2021-03,3,2021-06-01,2021-06,1.0,-61.4,-22.1,-20.2,9.566666666666665,53.23333333333332,4,-63.6,-25.9,-32.3,-0.083,-42.2,-0.49109883364027,21.26426033289695,21.320398057447846,0.601716543059088,3.0,3.0,2.0,3,1,1,0,1,-65.5,-58.5,3.546,3.0,1
Mandera,2021-04-01,2021-04,1,2021-05-01,2021-05,1.0,-57.1,-61.4,-22.1,15.699999999999998,41.633333333333326,5,-63.6,-63.6,-25.9,0.0,-63.6,1.61937075879087,-1.9056126246836385,24.94991145463648,0.7543411719980816,3.0,3.0,3.0,4,2,1,0,1,-53.6,-48.8,-2.197,3.0,1
Mandera,2021-04-01,2021-04,2,2021-06-01,2021-06,1.0,-57.1,-61.4,-22.1,15.699999999999998,41.633333333333326,5,-63.6,-63.6,-25.9,0.0,-63.6,1.61937075879087,-1.9056126246836385,24.94991145463648,0.7543411719980816,3.0,3.0,3.0,4,2,1,0,1,-53.6,-48.8,-2.197,3.0,1
Mandera,2021-04-01,2021-04,3,2021-07-01,2021-07,1.0,-57.1,-61.4,-22.1,15.699999999999998,41.633333333333326,5,-63.6,-63.6,-25.9,0.0,-63.6,1.61937075879087,-1.9056126246836385,24.94991145463648,0.7543411719980816,3.0,3.0,3.0,4,2,1,0,1,-53.6,-48.8,-2.197,3.0,1
Mandera,2021-05-01,2021-05,1,2021-06-01,2021-06,1.0,-58.9,-57.1,-61.4,22.0,36.266666666666666,6,-63.6,-63.6,-63.6,0.0,-82.7,2.337228714524207,3.483732351135666,28.31131855803222,0.9781906277752724,3.0,3.0,3.0,5,2,1,0,1,-65.2,-56.5,1.24,3.0,1
Mandera,2021-05-01,2021-05,2,2021-07-01,2021-07,1.0,-58.9,-57.1,-61.4,22.0,36.266666666666666,6,-63.6,-63.6,-63.6,0.0,-82.7,2.337228714524207,3.483732351135666,28.31131855803222,0.9781906277752724,3.0,3.0,3.0,5,2,1,0,1,-65.2,-56.5,1.24,3.0,1
Mandera,2021-05-01,2021-05,3,2021-08-01,2021-08,1.0,-58.9,-57.1,-61.4,22.0,36.266666666666666,6,-63.6,-63.6,-63.6,0.0,-82.7,2.337228714524207,3.483732351135666,28.31131855803222,0.9781906277752724,3.0,3.0,3.0,5,2,1,0,1,-65.2,-56.5,1.24,3.0,1
Mandera,2021-06-01,2021-06,1,2021-07-01,2021-07,1.0,-62.3,-58.9,-57.1,15.4,24.966666666666665,7,-63.6,-63.6,-63.6,0.0,-31.300000000000004,-2.921548272282367,0.9561998766193708,22.22046020951632,0.6918377525278271,3.0,3.0,3.0,6,2,0,0,1,-60.7,-56.5,-3.183,3.0,1
Mandera,2021-06-01,2021-06,2,2021-08-01,2021-08,1.0,-62.3,-58.9,-57.1,15.4,24.966666666666665,7,-63.6,-63.6,-63.6,0.0,-31.300000000000004,-2.921548272282367,0.9561998766193708,22.22046020951632,0.6918377525278271,3.0,3.0,3.0,6,2,0,0,1,-60.7,-56.5,-3.183,3.0,1
Mandera,2021-06-01,2021-06,3,2021-09-01,2021-09,1.0,-62.3,-58.9,-57.1,15.4,24.966666666666665,7,-63.6,-63.6,-63.6,0.0,-31.300000000000004,-2.921548272282367,0.9561998766193708,22.22046020951632,0.6918377525278271,3.0,3.0,3.0,6,2,0,0,1,-60.7,-56.5,-3.183,3.0,1
Mandera,2021-07-01,2021-07,1,2021-08-01,2021-08,1.0,-60.9,-62.3,-58.9,8.93333333333333,24.633333333333326,8,-63.6,-63.6,-63.6,0.0,-37.7,5.087076076993584,4.401274852026104,2.495662227342465,1.1758758614486358,3.0,3.0,3.0,7,3,0,0,1,-67.0,-65.4,1.423,3.0,1
Mandera,2021-07-01,2021-07,2,2021-09-01,2021-09,1.0,-60.9,-62.3,-58.9,8.93333333333333,24.633333333333326,8,-63.6,-63.6,-63.6,0.0,-37.7,5.087076076993584,4.401274852026104,2.495662227342465,1.1758758614486358,3.0,3.0,3.0,7,3,0,0,1,-67.0,-65.4,1.423,3.0,1
Mandera,2021-07-01,2021-07,3,2021-10-01,2021-10,1.0,-60.9,-62.3,-58.9,8.93333333333333,24.633333333333326,8,-63.6,-63.6,-63.6,0.0,-37.7,5.087076076993584,4.401274852026104,2.495662227342465,1.1758758614486358,3.0,3.0,3.0,7,3,0,0,1,-67.0,-65.4,1.423,3.0,1
Mandera,2021-08-01,2021-08,1,2021-09-01,2021-09,1.0,-54.3,-60.9,-62.3,2.3666666666666645,24.366666666666664,9,-63.6,-63.6,-63.6,0.0,0.0,0.8140718127634832,2.847397300904642,6.331129652040309,1.2572756635494324,3.0,3.0,3.0,8,3,0,0,1,-59.5,-49.6,2.993,3.0,1
Mandera,2021-08-01,2021-08,2,2021-10-01,2021-10,1.0,-54.3,-60.9,-62.3,2.3666666666666645,24.366666666666664,9,-63.6,-63.6,-63.6,0.0,0.0,0.8140718127634832,2.847397300904642,6.331129652040309,1.2572756635494324,3.0,3.0,3.0,8,3,0,0,1,-59.5,-49.6,2.993,3.0,1
Mandera,2021-08-01,2021-08,3,2021-11-01,2021-11,1.0,-54.3,-60.9,-62.3,2.3666666666666645,24.366666666666664,9,-63.6,-63.6,-63.6,0.0,0.0,0.8140718127634832,2.847397300904642,6.331129652040309,1.2572756635494324,3.0,3.0,3.0,8,3,0,0,1,-59.5,-49.6,2.993,3.0,1
Mandera,2021-09-01,2021-09,1,2021-10-01,2021-10,1.0,-75.7,-54.3,-60.9,2.033333333333331,17.43333333333333,10,-63.6,-63.6,-63.6,0.0,0.0,-2.033165104542177,3.788573174457684,4.744773051077055,1.0523225904027838,3.0,3.0,3.0,9,3,0,0,1,-63.1,-49.2,-1.286,3.0,1
Mandera,2021-09-01,2021-09,2,2021-11-01,2021-11,1.0,-75.7,-54.3,-60.9,2.033333333333331,17.43333333333333,10,-63.6,-63.6,-63.6,0.0,0.0,-2.033165104542177,3.788573174457684,4.744773051077055,1.0523225904027838,3.0,3.0,3.0,9,3,0,0,1,-63.1,-49.2,-1.286,3.0,1
Mandera,2021-09-01,2021-09,3,2021-12-01,2021-12,1.0,-75.7,-54.3,-60.9,2.033333333333331,17.43333333333333,10,-63.6,-63.6,-63.6,0.0,0.0,-2.033165104542177,3.788573174457684,4.744773051077055,1.0523225904027838,3.0,3.0,3.0,9,3,0,0,1,-63.1,-49.2,-1.286,3.0,1
Mandera,2021-10-01,2021-10,1,2021-11-01,2021-11,1.0,-68.6,-75.7,-54.3,8.966666666666663,17.89999999999999,11,-63.6,-63.6,-63.6,0.0,0.0,-4.194877833382396,-5.378688762901584,-0.9774139108754802,0.6380557404255149,3.0,3.0,3.0,10,4,0,1,1,-66.7,-62.7,0.506,3.0,1
Mandera,2021-10-01,2021-10,2,2021-12-01,2021-12,1.0,-68.6,-75.7,-54.3,8.966666666666663,17.89999999999999,11,-63.6,-63.6,-63.6,0.0,0.0,-4.194877833382396,-5.378688762901584,-0.9774139108754802,0.6380557404255149,3.0,3.0,3.0,10,4,0,1,1,-66.7,-62.7,0.506,3.0,1
Mandera,2021-10-01,2021-10,3,2022-01-01,2022-01,1.0,-68.6,-75.7,-54.3,8.966666666666663,17.89999999999999,11,-63.6,-63.6,-63.6,0.0,0.0,-4.194877833382396,-5.378688762901584,-0.9774139108754802,0.6380557404255149,3.0,3.0,3.0,10,4,0,1,1,-66.7,-62.7,0.506,3.0,1
Mandera,2021-11-01,2021-11,1,2021-12-01,2021-12,1.0,-68.6,-68.6,-75.7,15.899999999999997,18.266666666666662,12,-63.6,-63.6,-63.6,0.0,0.0,-2.166231371946536,-8.175919250180245,-5.328521949275602,0.4331026672788662,3.0,3.0,3.0,11,4,0,1,1,-61.9,-49.2,0.763,3.0,1
Mandera,2021-11-01,2021-11,2,2022-01-01,2022-01,1.0,-68.6,-68.6,-75.7,15.899999999999997,18.266666666666662,12,-63.6,-63.6,-63.6,0.0,0.0,-2.166231371946536,-8.175919250180245,-5.328521949275602,0.4331026672788662,3.0,3.0,3.0,11,4,0,1,1,-61.9,-49.2,0.763,3.0,1
Mandera,2021-11-01,2021-11,3,2022-02-01,2022-02,1.0,-68.6,-68.6,-75.7,15.899999999999997,18.266666666666662,12,-63.6,-63.6,-63.6,0.0,0.0,-2.166231371946536,-8.175919250180245,-5.328521949275602,0.4331026672788662,3.0,3.0,3.0,11,4,0,1,1,-61.9,-49.2,0.763,3.0,1
Mandera,2021-12-01,2021-12,1,2022-01-01,2022-01,1.0,-52.7,-68.6,-68.6,20.8,22.833333333333332,13,-63.6,-63.6,-63.6,0.0,0.0,6.25,-0.4121283485428318,3.376444825914852,1.0116226893523854,3.0,3.0,3.0,12,4,0,1,1,-57.2,-50.8,0.03,3.0,1
Mandera,2021-12-01,2021-12,2,2022-02-01,2022-02,1.0,-52.7,-68.6,-68.6,20.8,22.833333333333332,13,-63.6,-63.6,-63.6,0.0,0.0,6.25,-0.4121283485428318,3.376444825914852,1.0116226893523854,3.0,3.0,3.0,12,4,0,1,1,-57.2,-50.8,0.03,3.0,1
Mandera,2021-12-01,2021-12,3,2022-03-01,2022-03,1.0,-52.7,-68.6,-68.6,20.8,22.833333333333332,13,-63.6,-63.6,-63.6,0.0,0.0,6.25,-0.4121283485428318,3.376444825914852,1.0116226893523854,3.0,3.0,3.0,12,4,0,1,1,-57.2,-50.8,0.03,3.0,1
Mandera,2022-01-01,2022-01,1,2022-02-01,2022-02,1.0,-51.7,-52.7,-68.6,14.233333333333327,23.19999999999999,14,-63.6,-63.6,-63.6,0.0,0.0,1.699674844812297,5.715163619603626,0.3364748567020417,1.1787829972379498,3.0,3.0,3.0,1,1,0,0,1,-63.2,-69.2,1.65,3.0,1
Mandera,2022-01-01,2022-01,2,2022-03-01,2022-03,1.0,-51.7,-52.7,-68.6,14.233333333333327,23.19999999999999,14,-63.6,-63.6,-63.6,0.0,0.0,1.699674844812297,5.715163619603626,0.3364748567020417,1.1787829972379498,3.0,3.0,3.0,1,1,0,0,1,-63.2,-69.2,1.65,3.0,1
Mandera,2022-01-01,2022-01,3,2022-04-01,2022-04,1.0,-51.7,-52.7,-68.6,14.233333333333327,23.19999999999999,14,-63.6,-63.6,-63.6,0.0,0.0,1.699674844812297,5.715163619603626,0.3364748567020417,1.1787829972379498,3.0,3.0,3.0,1,1,0,0,1,-63.2,-69.2,1.65,3.0,1
Mandera,2022-02-01,2022-02,1,2022-03-01,2022-03,1.0,-64.5,-51.7,-52.7,7.366666666666663,23.26666666666666,15,-63.6,-63.6,-63.6,0.001,0.0,0.1598604853945647,8.228643216080402,0.0527239659001566,1.1947722440791777,4.0,3.0,3.0,2,1,0,0,1,-64.6,-61.2,1.28,4.0,1
Mandera,2022-02-01,2022-02,2,2022-04-01,2022-04,1.0,-64.5,-51.7,-52.7,7.366666666666663,23.26666666666666,15,-63.6,-63.6,-63.6,0.001,0.0,0.1598604853945647,8.228643216080402,0.0527239659001566,1.1947722440791777,4.0,3.0,3.0,2,1,0,0,1,-64.6,-61.2,1.28,4.0,1
Mandera,2022-02-01,2022-02,3,2022-05-01,2022-05,1.0,-64.5,-51.7,-52.7,7.366666666666663,23.26666666666666,15,-63.6,-63.6,-63.6,0.001,0.0,0.1598604853945647,8.228643216080402,0.0527239659001566,1.1947722440791777,4.0,3.0,3.0,2,1,0,0,1,-64.6,-61.2,1.28,4.0,1
Mandera,2022-03-01,2022-03,1,2022-04-01,2022-04,1.0,-60.0,-64.5,-51.7,8.13333333333333,28.93333333333333,16,-63.6,-63.6,-63.6,0.0,0.3999999999999986,1.625072547881602,3.5175879396984926,3.1054595911556606,1.357571848280771,4.0,4.0,3.0,3,1,1,0,1,-71.4,-69.2,-5.012,4.0,1
Mandera,2022-03-01,2022-03,2,2022-05-01,2022-05,1.0,-60.0,-64.5,-51.7,8.13333333333333,28.93333333333333,16,-63.6,-63.6,-63.6,0.0,0.3999999999999986,1.625072547881602,3.5175879396984926,3.1054595911556606,1.357571848280771,4.0,4.0,3.0,3,1,1,0,1,-71.4,-69.2,-5.012,4.0,1
Mandera,2022-03-01,2022-03,3,2022-06-01,2022-06,1.0,-60.0,-64.5,-51.7,8.13333333333333,28.93333333333333,16,-63.6,-63.6,-63.6,0.0,0.3999999999999986,1.625072547881602,3.5175879396984926,3.1054595911556606,1.357571848280771,4.0,4.0,3.0,3,1,1,0,1,-71.4,-69.2,-5.012,4.0,1
Mandera,2022-04-01,2022-04,1,2022-05-01,2022-05,1.0,-65.7,-60.0,-64.5,14.76666666666666,28.999999999999986,17,-63.2,-63.6,-63.6,0.0,0.0,-1.856082238720731,-0.1017293997965411,5.613434219807084,1.1686080219753503,4.0,4.0,4.0,4,2,1,0,1,-66.7,-60.8,3.791,4.0,1
Mandera,2022-04-01,2022-04,2,2022-06-01,2022-06,1.0,-65.7,-60.0,-64.5,14.76666666666666,28.999999999999986,17,-63.2,-63.6,-63.6,0.0,0.0,-1.856082238720731,-0.1017293997965411,5.613434219807084,1.1686080219753503,4.0,4.0,4.0,4,2,1,0,1,-66.7,-60.8,3.791,4.0,1
Mandera,2022-04-01,2022-04,3,2022-07-01,2022-07,1.0,-65.7,-60.0,-64.5,14.76666666666666,28.999999999999986,17,-63.2,-63.6,-63.6,0.0,0.0,-1.856082238720731,-0.1017293997965411,5.613434219807084,1.1686080219753503,4.0,4.0,4.0,4,2,1,0,1,-66.7,-60.8,3.791,4.0,1
Mandera,2022-05-01,2022-05,1,2022-06-01,2022-06,1.0,-65.7,-65.7,-60.0,19.966666666666665,27.33333333333333,18,-63.6,-63.2,-63.6,-0.001,0.0,-0.0872854233343031,-0.3482298316889147,7.8804133843914865,1.1598866146074078,4.0,4.0,4.0,5,2,1,0,1,-60.4,-68.8,-0.626,4.0,1
Mandera,2022-05-01,2022-05,2,2022-07-01,2022-07,1.0,-65.7,-65.7,-60.0,19.966666666666665,27.33333333333333,18,-63.6,-63.2,-63.6,-0.001,0.0,-0.0872854233343031,-0.3482298316889147,7.8804133843914865,1.1598866146074078,4.0,4.0,4.0,5,2,1,0,1,-60.4,-68.8,-0.626,4.0,1
Mandera,2022-05-01,2022-05,3,2022-08-01,2022-08,1.0,-65.7,-65.7,-60.0,19.966666666666665,27.33333333333333,18,-63.6,-63.2,-63.6,-0.001,0.0,-0.0872854233343031,-0.3482298316889147,7.8804133843914865,1.1598866146074078,4.0,4.0,4.0,5,2,1,0,1,-60.4,-68.8,-0.626,4.0,1
Mandera,2022-06-01,2022-06,1,2022-07-01,2022-07,1.0,-59.5,-65.7,-65.7,14.499999999999996,22.633333333333326,19,-63.6,-63.6,-63.2,0.0,0.0,-1.9073966220151424,-3.812107367218732,-0.2945194275202394,0.96946922040733,4.0,4.0,4.0,6,2,0,0,1,-61.7,-63.1,-1.035,4.0,1
Mandera,2022-06-01,2022-06,2,2022-08-01,2022-08,1.0,-59.5,-65.7,-65.7,14.499999999999996,22.633333333333326,19,-63.6,-63.6,-63.2,0.0,0.0,-1.9073966220151424,-3.812107367218732,-0.2945194275202394,0.96946922040733,4.0,4.0,4.0,6,2,0,0,1,-61.7,-63.1,-1.035,4.0,1
Mandera,2022-06-01,2022-06,3,2022-09-01,2022-09,1.0,-59.5,-65.7,-65.7,14.499999999999996,22.633333333333326,19,-63.6,-63.6,-63.2,0.0,0.0,-1.9073966220151424,-3.812107367218732,-0.2945194275202394,0.96946922040733,4.0,4.0,4.0,6,2,0,0,1,-61.7,-63.1,-1.035,4.0,1
Mandera,2022-07-01,2022-07,1,2022-08-01,2022-08,1.0,-67.9,-59.5,-65.7,7.899999999999996,22.666666666666657,20,-63.6,-63.6,-63.6,0.0,0.0,0.4304586611251298,-1.5711376200174572,-1.6728670198139983,1.0116226893523854,4.0,4.0,4.0,7,3,0,0,1,-58.0,-54.6,2.502,4.0,1
Mandera,2022-07-01,2022-07,2,2022-09-01,2022-09,1.0,-67.9,-59.5,-65.7,7.899999999999996,22.666666666666657,20,-63.6,-63.6,-63.6,0.0,0.0,0.4304586611251298,-1.5711376200174572,-1.6728670198139983,1.0116226893523854,4.0,4.0,4.0,7,3,0,0,1,-58.0,-54.6,2.502,4.0,1
Mandera,2022-07-01,2022-07,3,2022-10-01,2022-10,1.0,-67.9,-59.5,-65.7,7.899999999999996,22.666666666666657,20,-63.6,-63.6,-63.6,0.0,0.0,0.4304586611251298,-1.5711376200174572,-1.6728670198139983,1.0116226893523854,4.0,4.0,4.0,7,3,0,0,1,-58.0,-54.6,2.502,4.0,1
Mandera,2022-08-01,2022-08,1,2022-09-01,2022-09,1.0,-60.0,-67.9,-59.5,2.9666666666666632,22.93333333333333,21,-63.6,-63.6,-63.6,0.0,0.0,-0.3842743127401715,-1.86371578334304,-2.2119456150319547,0.9738299240913012,4.0,4.0,4.0,8,3,0,0,1,-60.7,-54.2,-0.961,4.0,1
Mandera,2022-08-01,2022-08,2,2022-10-01,2022-10,1.0,-60.0,-67.9,-59.5,2.9666666666666632,22.93333333333333,21,-63.6,-63.6,-63.6,0.0,0.0,-0.3842743127401715,-1.86371578334304,-2.2119456150319547,0.9738299240913012,4.0,4.0,4.0,8,3,0,0,1,-60.7,-54.2,-0.961,4.0,1
Mandera,2022-08-01,2022-08,3,2022-11-01,2022-11,1.0,-60.0,-67.9,-59.5,2.9666666666666632,22.93333333333333,21,-63.6,-63.6,-63.6,0.0,0.0,-0.3842743127401715,-1.86371578334304,-2.2119456150319547,0.9738299240913012,4.0,4.0,4.0,8,3,0,0,1,-60.7,-54.2,-0.961,4.0,1
Mandera,2022-09-01,2022-09,1,2022-10-01,2022-10,1.0,-58.6,-60.0,-67.9,2.9666666666666632,17.46666666666666,22,-63.6,-63.6,-63.6,0.0,-0.3999999999999986,2.047477744807121,2.092919697194597,-1.719187670024135,1.1744222935539783,4.0,4.0,4.0,9,3,0,0,1,-63.1,-59.2,-2.389,4.0,1
Mandera,2022-09-01,2022-09,2,2022-11-01,2022-11,1.0,-58.6,-60.0,-67.9,2.9666666666666632,17.46666666666666,22,-63.6,-63.6,-63.6,0.0,-0.3999999999999986,2.047477744807121,2.092919697194597,-1.719187670024135,1.1744222935539783,4.0,4.0,4.0,9,3,0,0,1,-63.1,-59.2,-2.389,4.0,1
Mandera,2022-09-01,2022-09,3,2022-12-01,2022-12,1.0,-58.6,-60.0,-67.9,2.9666666666666632,17.46666666666666,22,-63.6,-63.6,-63.6,0.0,-0.3999999999999986,2.047477744807121,2.092919697194597,-1.719187670024135,1.1744222935539783,4.0,4.0,4.0,9,3,0,0,1,-63.1,-59.2,-2.389,4.0,1
Mandera,2022-10-01,2022-10,1,2022-11-01,2022-11,1.0,-54.3,-58.6,-60.0,7.53333333333333,15.433333333333326,23,-63.6,-63.6,-63.6,0.0,0.0,2.3698749636522245,4.064439846290275,2.493302226272818,1.411353860383083,4.0,4.0,4.0,10,4,0,1,1,-64.3,-57.7,1.346,4.0,1
Mandera,2022-10-01,2022-10,2,2022-12-01,2022-12,1.0,-54.3,-58.6,-60.0,7.53333333333333,15.433333333333326,23,-63.6,-63.6,-63.6,0.0,0.0,2.3698749636522245,4.064439846290275,2.493302226272818,1.411353860383083,4.0,4.0,4.0,10,4,0,1,1,-64.3,-57.7,1.346,4.0,1
Mandera,2022-10-01,2022-10,3,2023-01-01,2023-01,1.0,-54.3,-58.6,-60.0,7.53333333333333,15.433333333333326,23,-63.6,-63.6,-63.6,0.0,0.0,2.3698749636522245,4.064439846290275,2.493302226272818,1.411353860383083,4.0,4.0,4.0,10,4,0,1,1,-64.3,-57.7,1.346,4.0,1
Mandera,2022-11-01,2022-11,1,2022-12-01,2022-12,1.0,-60.0,-54.3,-58.6,11.566666666666665,14.533333333333328,24,-63.6,-63.6,-63.6,0.0,0.0,0.9941769634995028,5.504451038575668,3.640735255232628,1.513103613009079,4.0,4.0,4.0,11,4,0,1,1,-63.1,-54.2,1.495,4.0,1
Mandera,2022-11-01,2022-11,2,2023-01-01,2023-01,1.0,-60.0,-54.3,-58.6,11.566666666666665,14.533333333333328,24,-63.6,-63.6,-63.6,0.0,0.0,0.9941769634995028,5.504451038575668,3.640735255232628,1.513103613009079,4.0,4.0,4.0,11,4,0,1,1,-63.1,-54.2,1.495,4.0,1
Mandera,2022-11-01,2022-11,3,2023-02-01,2023-02,1.0,-60.0,-54.3,-58.6,11.566666666666665,14.533333333333328,24,-63.6,-63.6,-63.6,0.0,0.0,0.9941769634995028,5.504451038575668,3.640735255232628,1.513103613009079,4.0,4.0,4.0,11,4,0,1,1,-63.1,-54.2,1.495,4.0,1
Mandera,2022-12-01,2022-12,1,2023-01-01,2023-01,1.0,-65.1,-60.0,-54.3,18.966666666666665,21.93333333333333,25,-63.6,-63.6,-63.6,0.0129999999999999,0.0,-9.154830544227254,-6.077348066298343,-3.9844283691037456,0.566830913587318,4.0,4.0,4.0,12,4,0,1,1,-69.5,-69.2,0.565,4.0,1
Mandera,2022-12-01,2022-12,2,2023-02-01,2023-02,1.0,-65.1,-60.0,-54.3,18.966666666666665,21.93333333333333,25,-63.6,-63.6,-63.6,0.0129999999999999,0.0,-9.154830544227254,-6.077348066298343,-3.9844283691037456,0.566830913587318,4.0,4.0,4.0,12,4,0,1,1,-69.5,-69.2,0.565,4.0,1
Mandera,2022-12-01,2022-12,3,2023-03-01,2023-03,1.0,-65.1,-60.0,-54.3,18.966666666666665,21.93333333333333,25,-63.6,-63.6,-63.6,0.0129999999999999,0.0,-9.154830544227254,-6.077348066298343,-3.9844283691037456,0.566830913587318,4.0,4.0,4.0,12,4,0,1,1,-69.5,-69.2,0.565,4.0,1
Mandera,2023-01-01,2023-01,1,2023-02-01,2023-02,1.0,-67.9,-65.1,-60.0,14.999999999999998,22.533333333333328,26,-63.6,-63.6,-63.6,0.052,5.899999999999999,1.501547987616099,-6.874023576196563,-2.8095837299062874,0.707826999369055,4.0,4.0,4.0,1,1,0,0,1,-65.9,-57.7,-6.153,4.0,1
Mandera,2023-01-01,2023-01,2,2023-03-01,2023-03,1.0,-67.9,-65.1,-60.0,14.999999999999998,22.533333333333328,26,-63.6,-63.6,-63.6,0.052,5.899999999999999,1.501547987616099,-6.874023576196563,-2.8095837299062874,0.707826999369055,4.0,4.0,4.0,1,1,0,0,1,-65.9,-57.7,-6.153,4.0,1
Mandera,2023-01-01,2023-01,3,2023-04-01,2023-04,1.0,-67.9,-65.1,-60.0,14.999999999999998,22.533333333333328,26,-63.6,-63.6,-63.6,0.052,5.899999999999999,1.501547987616099,-6.874023576196563,-2.8095837299062874,0.707826999369055,4.0,4.0,4.0,1,1,0,0,1,-65.9,-57.7,-6.153,4.0,1
Mandera,2023-02-01,2023-02,1,2023-03-01,2023-03,1.0,-47.5,-67.9,-65.1,11.266666666666664,22.83333333333333,27,-57.7,-63.6,-63.6,0.048,23.6,3.202684154338874,-4.837575587118549,0.6668754514571198,1.0130762572470424,3.0,4.0,4.0,2,1,0,0,1,-60.8,-50.0,0.378,3.0,1
Mandera,2023-02-01,2023-02,2,2023-04-01,2023-04,1.0,-47.5,-67.9,-65.1,11.266666666666664,22.83333333333333,27,-57.7,-63.6,-63.6,0.048,23.6,3.202684154338874,-4.837575587118549,0.6668754514571198,1.0130762572470424,3.0,4.0,4.0,2,1,0,0,1,-60.8,-50.0,0.378,3.0,1
Mandera,2023-02-01,2023-02,3,2023-05-01,2023-05,1.0,-47.5,-67.9,-65.1,11.266666666666664,22.83333333333333,27,-57.7,-63.6,-63.6,0.048,23.6,3.202684154338874,-4.837575587118549,0.6668754514571198,1.0130762572470424,3.0,4.0,4.0,2,1,0,0,1,-60.8,-50.0,0.378,3.0,1
Mandera,2023-03-01,2023-03,1,2023-04-01,2023-04,1.0,-32.9,-47.5,-67.9,13.066666666666665,32.03333333333333,28,-40.0,-57.7,-63.6,0.0269999999999999,21.800000000000004,2.955519432540269,7.84829721362229,1.7709491473239476,1.303789836178459,3.0,3.0,4.0,3,1,1,0,1,-31.0,-19.2,2.873,3.0,1
Mandera,2023-03-01,2023-03,2,2023-05-01,2023-05,1.0,-32.9,-47.5,-67.9,13.066666666666665,32.03333333333333,28,-40.0,-57.7,-63.6,0.0269999999999999,21.800000000000004,2.955519432540269,7.84829721362229,1.7709491473239476,1.303789836178459,3.0,3.0,4.0,3,1,1,0,1,-31.0,-19.2,2.873,3.0,1
Mandera,2023-03-01,2023-03,3,2023-06-01,2023-06,1.0,-32.9,-47.5,-67.9,13.066666666666665,32.03333333333333,28,-40.0,-57.7,-63.6,0.0269999999999999,21.800000000000004,2.955519432540269,7.84829721362229,1.7709491473239476,1.303789836178459,3.0,3.0,4.0,3,1,1,0,1,-31.0,-19.2,2.873,3.0,1
Mandera,2023-04-01,2023-04,1,2023-05-01,2023-05,1.0,-41.4,-32.9,-47.5,24.899999999999995,39.89999999999999,29,-41.8,-40.0,-57.7,0.0109999999999999,18.1,-7.047509688531648,-1.23532103095928,-8.109344607155842,0.5900879999018313,3.0,3.0,3.0,4,2,1,0,1,-39.3,-42.3,-8.028,3.0,1
Mandera,2023-04-01,2023-04,2,2023-06-01,2023-06,1.0,-41.4,-32.9,-47.5,24.899999999999995,39.89999999999999,29,-41.8,-40.0,-57.7,0.0109999999999999,18.1,-7.047509688531648,-1.23532103095928,-8.109344607155842,0.5900879999018313,3.0,3.0,3.0,4,2,1,0,1,-39.3,-42.3,-8.028,3.0,1
Mandera,2023-04-01,2023-04,3,2023-07-01,2023-07,1.0,-41.4,-32.9,-47.5,24.899999999999995,39.89999999999999,29,-41.8,-40.0,-57.7,0.0109999999999999,18.1,-7.047509688531648,-1.23532103095928,-8.109344607155842,0.5900879999018313,3.0,3.0,3.0,4,2,1,0,1,-39.3,-42.3,-8.028,3.0,1
Mandera,2023-05-01,2023-05,1,2023-06-01,2023-06,1.0,-45.7,-41.4,-32.9,37.8,49.06666666666666,30,-45.5,-41.8,-40.0,-0.002,28.6,-0.8956145768993207,-5.1573814097827695,-9.994956996901319,0.5057810620117205,3.0,3.0,3.0,5,2,1,0,1,-39.3,-40.4,7.965,3.0,1
Mandera,2023-05-01,2023-05,2,2023-07-01,2023-07,1.0,-45.7,-41.4,-32.9,37.8,49.06666666666666,30,-45.5,-41.8,-40.0,-0.002,28.6,-0.8956145768993207,-5.1573814097827695,-9.994956996901319,0.5057810620117205,3.0,3.0,3.0,5,2,1,0,1,-39.3,-40.4,7.965,3.0,1
Mandera,2023-05-01,2023-05,3,2023-08-01,2023-08,1.0,-45.7,-41.4,-32.9,37.8,49.06666666666666,30,-45.5,-41.8,-40.0,-0.002,28.6,-0.8956145768993207,-5.1573814097827695,-9.994956996901319,0.5057810620117205,3.0,3.0,3.0,5,2,1,0,1,-39.3,-40.4,7.965,3.0,1
Mandera,2023-06-01,2023-06,1,2023-07-01,2023-07,1.0,-28.2,-45.7,-41.4,29.199999999999992,42.26666666666666,31,-35.0,-45.5,-41.8,0.051,20.9,2.570894359613587,-5.51169800488015,2.3365992087421406,0.7456197646301391,3.0,3.0,3.0,6,2,0,0,1,-11.9,-21.9,1.599,3.0,1
Mandera,2023-06-01,2023-06,2,2023-08-01,2023-08,1.0,-28.2,-45.7,-41.4,29.199999999999992,42.26666666666666,31,-35.0,-45.5,-41.8,0.051,20.9,2.570894359613587,-5.51169800488015,2.3365992087421406,0.7456197646301391,3.0,3.0,3.0,6,2,0,0,1,-11.9,-21.9,1.599,3.0,1
Mandera,2023-06-01,2023-06,3,2023-09-01,2023-09,1.0,-28.2,-45.7,-41.4,29.199999999999992,42.26666666666666,31,-35.0,-45.5,-41.8,0.051,20.9,2.570894359613587,-5.51169800488015,2.3365992087421406,0.7456197646301391,3.0,3.0,3.0,6,2,0,0,1,-11.9,-21.9,1.599,3.0,1
Mandera,2023-07-01,2023-07,1,2023-08-01,2023-08,1.0,-23.6,-28.2,-45.7,17.83333333333333,42.73333333333332,32,-42.7,-35.0,-45.5,0.023,35.400000000000006,-4.92176819079447,-3.350833848054355,-4.586154879013635,0.2746637667612442,3.0,3.0,3.0,7,3,0,0,1,-40.9,-35.8,-3.631,3.0,1
Mandera,2023-07-01,2023-07,2,2023-09-01,2023-09,1.0,-23.6,-28.2,-45.7,17.83333333333333,42.73333333333332,32,-42.7,-35.0,-45.5,0.023,35.400000000000006,-4.92176819079447,-3.350833848054355,-4.586154879013635,0.2746637667612442,3.0,3.0,3.0,7,3,0,0,1,-40.9,-35.8,-3.631,3.0,1
Mandera,2023-07-01,2023-07,3,2023-10-01,2023-10,1.0,-23.6,-28.2,-45.7,17.83333333333333,42.73333333333332,32,-42.7,-35.0,-45.5,0.023,35.400000000000006,-4.92176819079447,-3.350833848054355,-4.586154879013635,0.2746637667612442,3.0,3.0,3.0,7,3,0,0,1,-40.9,-35.8,-3.631,3.0,1
Mandera,2023-08-01,2023-08,1,2023-09-01,2023-09,1.0,-34.3,-23.6,-28.2,5.266666666666661,43.066666666666656,33,-22.3,-42.7,-35.0,0.009,15.5,3.562869467966129,0.9971953879713306,-4.160186021811439,0.5988094072697737,3.0,3.0,3.0,8,3,0,0,1,-48.8,-39.6,-1.79,3.0,1
Mandera,2023-08-01,2023-08,2,2023-10-01,2023-10,1.0,-34.3,-23.6,-28.2,5.266666666666661,43.066666666666656,33,-22.3,-42.7,-35.0,0.009,15.5,3.562869467966129,0.9971953879713306,-4.160186021811439,0.5988094072697737,3.0,3.0,3.0,8,3,0,0,1,-48.8,-39.6,-1.79,3.0,1
Mandera,2023-08-01,2023-08,3,2023-11-01,2023-11,1.0,-34.3,-23.6,-28.2,5.266666666666661,43.066666666666656,33,-22.3,-42.7,-35.0,0.009,15.5,3.562869467966129,0.9971953879713306,-4.160186021811439,0.5988094072697737,3.0,3.0,3.0,8,3,0,0,1,-48.8,-39.6,-1.79,3.0,1
Mandera,2023-09-01,2023-09,1,2023-10-01,2023-10,1.0,-12.9,-34.3,-23.6,5.666666666666662,34.86666666666665,34,-24.5,-22.3,-42.7,0.0,3.1999999999999957,-5.0910212897253935,-6.547166945161781,-12.05886495004193,0.1191320020329363,3.0,3.0,3.0,9,3,0,0,1,-35.7,-42.7,-0.512,3.0,1
Mandera,2023-09-01,2023-09,2,2023-11-01,2023-11,1.0,-12.9,-34.3,-23.6,5.666666666666662,34.86666666666665,34,-24.5,-22.3,-42.7,0.0,3.1999999999999957,-5.0910212897253935,-6.547166945161781,-12.05886495004193,0.1191320020329363,3.0,3.0,3.0,9,3,0,0,1,-35.7,-42.7,-0.512,3.0,1
Mandera,2023-09-01,2023-09,3,2023-12-01,2023-12,1.0,-12.9,-34.3,-23.6,5.666666666666662,34.86666666666665,34,-24.5,-22.3,-42.7,0.0,3.1999999999999957,-5.0910212897253935,-6.547166945161781,-12.05886495004193,0.1191320020329363,3.0,3.0,3.0,9,3,0,0,1,-35.7,-42.7,-0.512,3.0,1
Mandera,2023-10-01,2023-10,1,2023-11-01,2023-11,1.0,-27.1,-12.9,-34.3,29.73333333333333,47.56666666666666,35,-38.6,-24.5,-22.3,0.1969999999999999,23.2,-3.234720416124837,-4.888959897747244,-8.239793745801599,-0.1701280090038232,3.0,3.0,3.0,10,4,0,1,1,-25.0,-25.4,-7.567,3.0,1
Mandera,2023-10-01,2023-10,2,2023-12-01,2023-12,1.0,-27.1,-12.9,-34.3,29.73333333333333,47.56666666666666,35,-38.6,-24.5,-22.3,0.1969999999999999,23.2,-3.234720416124837,-4.888959897747244,-8.239793745801599,-0.1701280090038232,3.0,3.0,3.0,10,4,0,1,1,-25.0,-25.4,-7.567,3.0,1
Mandera,2023-10-01,2023-10,3,2024-01-01,2024-01,0.0,-27.1,-12.9,-34.3,29.73333333333333,47.56666666666666,35,-38.6,-24.5,-22.3,0.1969999999999999,23.2,-3.234720416124837,-4.888959897747244,-8.239793745801599,-0.1701280090038232,3.0,3.0,3.0,10,4,0,1,1,-25.0,-25.4,-7.567,3.0,1
Mandera,2023-11-01,2023-11,1,2023-12-01,2023-12,1.0,-17.1,-27.1,-12.9,53.9,59.16666666666666,0,-22.3,-38.6,-24.5,0.208,100.0,-1.71342180413237,-9.734649799444616,-8.737454411473285,-0.3183919342588456,3.0,3.0,3.0,11,4,0,1,1,-26.2,-15.0,0.295,3.0,1
Mandera,2023-11-01,2023-11,2,2024-01-01,2024-01,0.0,-17.1,-27.1,-12.9,53.9,59.16666666666666,0,-22.3,-38.6,-24.5,0.208,100.0,-1.71342180413237,-9.734649799444616,-8.737454411473285,-0.3183919342588456,3.0,3.0,3.0,11,4,0,1,1,-26.2,-15.0,0.295,3.0,1
Mandera,2023-11-01,2023-11,3,2024-02-01,2024-02,0.0,-17.1,-27.1,-12.9,53.9,59.16666666666666,0,-22.3,-38.6,-24.5,0.208,100.0,-1.71342180413237,-9.734649799444616,-8.737454411473285,-0.3183919342588456,3.0,3.0,3.0,11,4,0,1,1,-26.2,-15.0,0.295,3.0,1
Mandera,2023-12-01,2023-12,1,2024-01-01,2024-01,0.0,64.5,-17.1,-27.1,80.03333333333332,85.69999999999997,0,65.0,-22.3,-38.6,0.231,98.6,-1.2989232609810288,-6.128088426527959,-12.67525537168974,-0.428863094252784,3.0,3.0,3.0,12,4,0,1,1,28.4,35.4,3.05,3.0,1
Mandera,2023-12-01,2023-12,2,2024-02-01,2024-02,0.0,64.5,-17.1,-27.1,80.03333333333332,85.69999999999997,0,65.0,-22.3,-38.6,0.231,98.6,-1.2989232609810288,-6.128088426527959,-12.67525537168974,-0.428863094252784,3.0,3.0,3.0,12,4,0,1,1,28.4,35.4,3.05,3.0,1
Mandera,2023-12-01,2023-12,3,2024-03-01,2024-03,0.0,64.5,-17.1,-27.1,80.03333333333332,85.69999999999997,0,65.0,-22.3,-38.6,0.231,98.6,-1.2989232609810288,-6.128088426527959,-12.67525537168974,-0.428863094252784,3.0,3.0,3.0,12,4,0,1,1,28.4,35.4,3.05,3.0,1
Mandera,2024-01-01,2024-01,1,2024-02-01,2024-02,0.0,63.0,64.5,-17.1,57.19999999999999,86.93333333333332,0,55.9,65.0,-22.3,-0.0379999999999999,105.0,6.372294372294372,3.191668066521082,-1.6972918312261625,0.1060498909810225,3.0,3.0,3.0,1,1,0,0,1,92.5,91.9,2.355,3.0,1
Mandera,2024-01-01,2024-01,2,2024-03-01,2024-03,0.0,63.0,64.5,-17.1,57.19999999999999,86.93333333333332,0,55.9,65.0,-22.3,-0.0379999999999999,105.0,6.372294372294372,3.191668066521082,-1.6972918312261625,0.1060498909810225,3.0,3.0,3.0,1,1,0,0,1,92.5,91.9,2.355,3.0,1
Mandera,2024-01-01,2024-01,3,2024-04-01,2024-04,0.0,63.0,64.5,-17.1,57.19999999999999,86.93333333333332,0,55.9,65.0,-22.3,-0.0379999999999999,105.0,6.372294372294372,3.191668066521082,-1.6972918312261625,0.1060498909810225,3.0,3.0,3.0,1,1,0,0,1,92.5,91.9,2.355,3.0,1
Mandera,2024-02-01,2024-02,1,2024-03-01,2024-03,0.0,76.9,63.0,64.5,33.666666666666664,87.56666666666666,0,82.7,55.9,65.0,-0.106,72.2,1.3836887514243854,6.443343018287473,-3.291306781157143,0.2296031620268746,2.0,3.0,3.0,2,1,0,0,1,73.6,85.8,-1.446,3.0,1
Mandera,2024-02-01,2024-02,2,2024-04-01,2024-04,0.0,76.9,63.0,64.5,33.666666666666664,87.56666666666666,0,82.7,55.9,65.0,-0.106,72.2,1.3836887514243854,6.443343018287473,-3.291306781157143,0.2296031620268746,2.0,3.0,3.0,2,1,0,0,1,73.6,85.8,-1.446,3.0,1
Mandera,2024-02-01,2024-02,3,2024-05-01,2024-05,0.0,76.9,63.0,64.5,33.666666666666664,87.56666666666666,0,82.7,55.9,65.0,-0.106,72.2,1.3836887514243854,6.443343018287473,-3.291306781157143,0.2296031620268746,2.0,3.0,3.0,2,1,0,0,1,73.6,85.8,-1.446,3.0,1
Mandera,2024-03-01,2024-03,1,2024-04-01,2024-04,0.0,40.0,76.9,63.0,37.26666666666666,117.29999999999998,0,47.7,82.7,55.9,0.0,46.300000000000004,0.048169556840077,7.896103896103897,1.7680154695759382,0.2339638657108458,2.0,2.0,3.0,3,1,1,0,1,26.2,26.5,-2.084,3.0,1
Mandera,2024-03-01,2024-03,2,2024-05-01,2024-05,0.0,40.0,76.9,63.0,37.26666666666666,117.29999999999998,0,47.7,82.7,55.9,0.0,46.300000000000004,0.048169556840077,7.896103896103897,1.7680154695759382,0.2339638657108458,2.0,2.0,3.0,3,1,1,0,1,26.2,26.5,-2.084,3.0,1
Mandera,2024-03-01,2024-03,3,2024-06-01,2024-06,0.0,40.0,76.9,63.0,37.26666666666666,117.29999999999998,0,47.7,82.7,55.9,0.0,46.300000000000004,0.048169556840077,7.896103896103897,1.7680154695759382,0.2339638657108458,2.0,2.0,3.0,3,1,1,0,1,26.2,26.5,-2.084,3.0,1
Mandera,2024-04-01,2024-04,1,2024-05-01,2024-05,0.0,0.0,40.0,76.9,56.73333333333333,113.93333333333331,0,7.7,47.7,82.7,-0.034,105.0,0.30492697801316,1.741819957675403,4.933488024196485,0.2615816557093304,2.0,2.0,2.0,4,2,1,0,1,9.5,11.5,1.532,3.0,1
Mandera,2024-04-01,2024-04,2,2024-06-01,2024-06,0.0,0.0,40.0,76.9,56.73333333333333,113.93333333333331,0,7.7,47.7,82.7,-0.034,105.0,0.30492697801316,1.741819957675403,4.933488024196485,0.2615816557093304,2.0,2.0,2.0,4,2,1,0,1,9.5,11.5,1.532,3.0,1
Mandera,2024-04-01,2024-04,3,2024-07-01,2024-07,0.0,0.0,40.0,76.9,56.73333333333333,113.93333333333331,0,7.7,47.7,82.7,-0.034,105.0,0.30492697801316,1.741819957675403,4.933488024196485,0.2615816557093304,2.0,2.0,2.0,4,2,1,0,1,9.5,11.5,1.532,3.0,1
Mandera,2024-05-01,2024-05,1,2024-06-01,2024-06,0.0,69.6,0.0,40.0,82.1,115.76666666666665,0,82.7,7.7,47.7,0.094,-32.7,-1.36,-1.0115606936416186,5.431782324645855,0.1380283846634784,2.0,2.0,2.0,5,2,1,0,1,30.9,23.5,2.096,3.0,1
Mandera,2024-05-01,2024-05,2,2024-07-01,2024-07,0.0,69.6,0.0,40.0,82.1,115.76666666666665,0,82.7,7.7,47.7,0.094,-32.7,-1.36,-1.0115606936416186,5.431782324645855,0.1380283846634784,2.0,2.0,2.0,5,2,1,0,1,30.9,23.5,2.096,3.0,1
Mandera,2024-05-01,2024-05,3,2024-08-01,2024-08,0.0,69.6,0.0,40.0,82.1,115.76666666666665,0,82.7,7.7,47.7,0.094,-32.7,-1.36,-1.0115606936416186,5.431782324645855,0.1380283846634784,2.0,2.0,2.0,5,2,1,0,1,30.9,23.5,2.096,3.0,1
Mandera,2024-06-01,2024-06,1,2024-07-01,2024-07,0.0,21.8,69.6,0.0,53.133333333333326,90.39999999999998,0,32.3,82.7,7.7,-0.127,-5.399999999999999,2.51419302514193,1.4283421601669073,9.324446056270805,0.3633314083353263,2.0,2.0,2.0,6,2,0,0,1,-13.9,-21.9,-1.988,3.0,1
Mandera,2024-06-01,2024-06,2,2024-08-01,2024-08,0.0,21.8,69.6,0.0,53.133333333333326,90.39999999999998,0,32.3,82.7,7.7,-0.127,-5.399999999999999,2.51419302514193,1.4283421601669073,9.324446056270805,0.3633314083353263,2.0,2.0,2.0,6,2,0,0,1,-13.9,-21.9,-1.988,3.0,1
Mandera,2024-06-01,2024-06,3,2024-09-01,2024-09,0.0,21.8,69.6,0.0,53.133333333333326,90.39999999999998,0,32.3,82.7,7.7,-0.127,-5.399999999999999,2.51419302514193,1.4283421601669073,9.324446056270805,0.3633314083353263,2.0,2.0,2.0,6,2,0,0,1,-13.9,-21.9,-1.988,3.0,1
Mandera,2024-07-01,2024-07,1,2024-08-01,2024-08,0.0,48.4,21.8,69.6,33.099999999999994,89.83333333333331,0,50.5,32.3,82.7,-0.0399999999999999,-57.7,-1.5031645569620251,-0.4,1.341819957675403,0.2252424583429033,2.0,2.0,2.0,7,3,0,0,1,19.6,33.8,1.391,3.0,1
Mandera,2024-07-01,2024-07,2,2024-09-01,2024-09,0.0,48.4,21.8,69.6,33.099999999999994,89.83333333333331,0,50.5,32.3,82.7,-0.0399999999999999,-57.7,-1.5031645569620251,-0.4,1.341819957675403,0.2252424583429033,2.0,2.0,2.0,7,3,0,0,1,19.6,33.8,1.391,3.0,1
Mandera,2024-07-01,2024-07,3,2024-10-01,2024-10,0.0,48.4,21.8,69.6,33.099999999999994,89.83333333333331,0,50.5,32.3,82.7,-0.0399999999999999,-57.7,-1.5031645569620251,-0.4,1.341819957675403,0.2252424583429033,2.0,2.0,2.0,7,3,0,0,1,19.6,33.8,1.391,3.0,1
Mandera,2024-08-01,2024-08,1,2024-09-01,2024-09,0.0,15.7,48.4,21.8,8.199999999999996,90.29999999999998,0,25.0,50.5,32.3,-0.042,-33.6,-3.2931726907630523,-2.3519870235198703,-3.363547717161489,-0.0727389600617986,2.0,2.0,2.0,8,3,0,0,1,7.1,9.6,-2.331,2.0,0
Mandera,2024-08-01,2024-08,2,2024-10-01,2024-10,0.0,15.7,48.4,21.8,8.199999999999996,90.29999999999998,0,25.0,50.5,32.3,-0.042,-33.6,-3.2931726907630523,-2.3519870235198703,-3.363547717161489,-0.0727389600617986,2.0,2.0,2.0,8,3,0,0,1,7.1,9.6,-2.331,2.0,0
Mandera,2024-08-01,2024-08,3,2024-11-01,2024-11,0.0,15.7,48.4,21.8,8.199999999999996,90.29999999999998,0,25.0,50.5,32.3,-0.042,-33.6,-3.2931726907630523,-2.3519870235198703,-3.363547717161489,-0.0727389600617986,2.0,2.0,2.0,8,3,0,0,1,7.1,9.6,-2.331,2.0,0
Mandera,2024-09-01,2024-09,1,2024-10-01,2024-10,0.0,15.7,15.7,48.4,8.066666666666661,61.19999999999999,0,14.1,25.0,50.5,-0.046,23.7,-0.0996677740863787,-4.841772151898734,-3.413429991731827,-0.0814603674297411,2.0,2.0,2.0,9,3,0,0,1,20.2,20.8,1.845,2.0,0
Mandera,2024-09-01,2024-09,2,2024-11-01,2024-11,0.0,15.7,15.7,48.4,8.066666666666661,61.19999999999999,0,14.1,25.0,50.5,-0.046,23.7,-0.0996677740863787,-4.841772151898734,-3.413429991731827,-0.0814603674297411,2.0,2.0,2.0,9,3,0,0,1,20.2,20.8,1.845,2.0,0
Mandera,2024-09-01,2024-09,3,2024-12-01,2024-12,0.0,15.7,15.7,48.4,8.066666666666661,61.19999999999999,0,14.1,25.0,50.5,-0.046,23.7,-0.0996677740863787,-4.841772151898734,-3.413429991731827,-0.0814603674297411,2.0,2.0,2.0,9,3,0,0,1,20.2,20.8,1.845,2.0,0
Mandera,2024-10-01,2024-10,1,2024-11-01,2024-11,0.0,20.0,15.7,15.7,22.33333333333333,55.43333333333332,0,31.4,14.1,25.0,-0.032,-78.60000000000001,2.826737612238111,-0.6586345381526104,-1.0586345381526105,0.165646174661963,2.0,2.0,2.0,10,4,0,1,1,19.0,26.5,0.465,2.0,0
Mandera,2024-10-01,2024-10,2,2024-12-01,2024-12,0.0,20.0,15.7,15.7,22.33333333333333,55.43333333333332,0,31.4,14.1,25.0,-0.032,-78.60000000000001,2.826737612238111,-0.6586345381526104,-1.0586345381526105,0.165646174661963,2.0,2.0,2.0,10,4,0,1,1,19.0,26.5,0.465,2.0,0
Mandera,2024-10-01,2024-10,3,2025-01-01,2025-01,,20.0,15.7,15.7,22.33333333333333,55.43333333333332,0,31.4,14.1,25.0,-0.032,-78.60000000000001,2.826737612238111,-0.6586345381526104,-1.0586345381526105,0.165646174661963,2.0,2.0,2.0,10,4,0,1,1,19.0,26.5,0.465,2.0,0
Mandera,2024-11-01,2024-11,1,2024-12-01,2024-12,0.0,10.0,20.0,15.7,42.66666666666666,50.86666666666665,0,4.1,31.4,14.1,0.041,-32.8,-1.0672703751617076,1.627906976744186,-0.7240800467756843,0.0697106936145955,2.0,2.0,2.0,11,4,0,1,1,25.0,43.8,-1.786,2.0,0
Mandera,2024-11-01,2024-11,2,2025-01-01,2025-01,,10.0,20.0,15.7,42.66666666666666,50.86666666666665,0,4.1,31.4,14.1,0.041,-32.8,-1.0672703751617076,1.627906976744186,-0.7240800467756843,0.0697106936145955,2.0,2.0,2.0,11,4,0,1,1,25.0,43.8,-1.786,2.0,0
Mandera,2024-11-01,2024-11,3,2025-02-01,2025-02,,10.0,20.0,15.7,42.66666666666666,50.86666666666665,0,4.1,31.4,14.1,0.041,-32.8,-1.0672703751617076,1.627906976744186,-0.7240800467756843,0.0697106936145955,2.0,2.0,2.0,11,4,0,1,1,25.0,43.8,-1.786,2.0,0
Mandera,2024-12-01,2024-12,1,2025-01-01,2025-01,,6.9,10.0,20.0,59.76666666666667,67.83333333333333,0,-0.5,4.1,31.4,0.0719999999999999,-0.5,0.06538084341288,1.7958097771865646,-3.0459623747121696,0.0755249651932238,2.0,2.0,2.0,12,4,0,1,1,52.0,50.8,1.937,2.0,0
Mandera,2024-12-01,2024-12,2,2025-02-01,2025-02,,6.9,10.0,20.0,59.76666666666667,67.83333333333333,0,-0.5,4.1,31.4,0.0719999999999999,-0.5,0.06538084341288,1.7958097771865646,-3.0459623747121696,0.0755249651932238,2.0,2.0,2.0,12,4,0,1,1,52.0,50.8,1.937,2.0,0
Mandera,2024-12-01,2024-12,3,2025-03-01,2025-03,,6.9,10.0,20.0,59.76666666666667,67.83333333333333,0,-0.5,4.1,31.4,0.0719999999999999,-0.5,0.06538084341288,1.7958097771865646,-3.0459623747121696,0.0755249651932238,2.0,2.0,2.0,12,4,0,1,1,52.0,50.8,1.937,2.0,0
Marsabit,2019-01-01,2019-01,1,2019-02-01,2019-02,0.0,,,,14.0,,0,,,,,,,,,-1.5702642042978057,,,,1,1,0,0,1,0.0,0.0,0.0,2.0,0
Marsabit,2019-01-01,2019-01,2,2019-03-01,2019-03,0.0,,,,14.0,,0,,,,,,,,,-1.5702642042978057,,,,1,1,0,0,1,0.0,0.0,0.0,2.0,0
Marsabit,2019-01-01,2019-01,3,2019-04-01,2019-04,0.0,,,,14.0,,0,,,,,,,,,-1.5702642042978057,,,,1,1,0,0,1,0.0,0.0,0.0,2.0,0
Marsabit,2019-02-01,2019-02,1,2019-03-01,2019-03,0.0,,,,11.7,,0,,,,,,1.6945649927671007,,,-1.4497870193076918,2.0,,,2,1,0,0,1,0.0,0.0,2.916,2.0,0
Marsabit,2019-02-01,2019-02,2,2019-04-01,2019-04,0.0,,,,11.7,,0,,,,,,1.6945649927671007,,,-1.4497870193076918,2.0,,,2,1,0,0,1,0.0,0.0,2.916,2.0,0
Marsabit,2019-02-01,2019-02,3,2019-05-01,2019-05,0.0,,,,11.7,,0,,,,,,1.6945649927671007,,,-1.4497870193076918,2.0,,,2,1,0,0,1,0.0,0.0,2.916,2.0,0
Marsabit,2019-03-01,2019-03,1,2019-04-01,2019-04,0.0,66.7,,,37.9,,0,66.9,,,,,1.0770168664905508,,,-1.3719176192531062,2.0,2.0,,3,1,1,0,1,37.0,47.0,-3.035,2.0,0
Marsabit,2019-03-01,2019-03,2,2019-05-01,2019-05,0.0,66.7,,,37.9,,0,66.9,,,,,1.0770168664905508,,,-1.3719176192531062,2.0,2.0,,3,1,1,0,1,37.0,47.0,-3.035,2.0,0
Marsabit,2019-03-01,2019-03,3,2019-06-01,2019-06,0.0,66.7,,,37.9,,0,66.9,,,,,1.0770168664905508,,,-1.3719176192531062,2.0,2.0,,3,1,1,0,1,37.0,47.0,-3.035,2.0,0
Marsabit,2019-04-01,2019-04,1,2019-05-01,2019-05,0.0,11.9,66.7,,63.23333333333333,77.23333333333332,0,20.8,66.9,,-0.086,,-2.251708886208283,0.4753048150444307,,-1.536471823142042,2.0,2.0,2.0,4,2,1,0,1,36.45,39.5,2.474,2.0,0
Marsabit,2019-04-01,2019-04,2,2019-06-01,2019-06,0.0,11.9,66.7,,63.23333333333333,77.23333333333332,0,20.8,66.9,,-0.086,,-2.251708886208283,0.4753048150444307,,-1.536471823142042,2.0,2.0,2.0,4,2,1,0,1,36.45,39.5,2.474,2.0,0
Marsabit,2019-04-01,2019-04,3,2019-07-01,2019-07,0.0,11.9,66.7,,63.23333333333333,77.23333333333332,0,20.8,66.9,,-0.086,,-2.251708886208283,0.4753048150444307,,-1.536471823142042,2.0,2.0,2.0,4,2,1,0,1,36.45,39.5,2.474,2.0,0
Marsabit,2019-05-01,2019-05,1,2019-06-01,2019-06,0.0,44.7,11.9,66.7,89.3,101.0,0,29.6,20.8,66.9,0.0479999999999999,,0.3085150143973673,-0.8941272099166836,,-1.514433313692631,2.0,2.0,2.0,5,2,1,0,1,23.7,26.4,-3.604,2.0,0
Marsabit,2019-05-01,2019-05,2,2019-07-01,2019-07,0.0,44.7,11.9,66.7,89.3,101.0,0,29.6,20.8,66.9,0.0479999999999999,,0.3085150143973673,-0.8941272099166836,,-1.514433313692631,2.0,2.0,2.0,5,2,1,0,1,23.7,26.4,-3.604,2.0,0
Marsabit,2019-05-01,2019-05,3,2019-08-01,2019-08,0.0,44.7,11.9,66.7,89.3,101.0,0,29.6,20.8,66.9,0.0479999999999999,,0.3085150143973673,-0.8941272099166836,,-1.514433313692631,2.0,2.0,2.0,5,2,1,0,1,23.7,26.4,-3.604,2.0,0
Marsabit,2019-06-01,2019-06,1,2019-07-01,2019-07,0.0,44.2,44.7,11.9,62.93333333333333,100.83333333333333,0,33.8,29.6,20.8,0.001,,0.7176542956735698,-1.2464817048652996,,-1.4630101249773386,2.0,2.0,2.0,6,2,0,0,1,15.1,25.75,4.161,2.0,0
Marsabit,2019-06-01,2019-06,2,2019-08-01,2019-08,0.0,44.2,44.7,11.9,62.93333333333333,100.83333333333333,0,33.8,29.6,20.8,0.001,,0.7176542956735698,-1.2464817048652996,,-1.4630101249773386,2.0,2.0,2.0,6,2,0,0,1,15.1,25.75,4.161,2.0,0
Marsabit,2019-06-01,2019-06,3,2019-09-01,2019-09,0.0,44.2,44.7,11.9,62.93333333333333,100.83333333333333,0,33.8,29.6,20.8,0.001,,0.7176542956735698,-1.2464817048652996,,-1.4630101249773386,2.0,2.0,2.0,6,2,0,0,1,15.1,25.75,4.161,2.0,0
Marsabit,2019-07-01,2019-07,1,2019-08-01,2019-08,0.0,40.4,44.2,44.7,37.53333333333333,100.76666666666665,0,39.2,33.8,29.6,0.021,,-0.6311074918566776,0.390785684903332,0.8660904999477627,-1.5085563778394546,2.0,2.0,2.0,7,3,0,0,1,14.75,4.75,-1.609,2.0,0
Marsabit,2019-07-01,2019-07,2,2019-09-01,2019-09,0.0,40.4,44.2,44.7,37.53333333333333,100.76666666666665,0,39.2,33.8,29.6,0.021,,-0.6311074918566776,0.390785684903332,0.8660904999477627,-1.5085563778394546,2.0,2.0,2.0,7,3,0,0,1,14.75,4.75,-1.609,2.0,0
Marsabit,2019-07-01,2019-07,3,2019-10-01,2019-10,0.0,40.4,44.2,44.7,37.53333333333333,100.76666666666665,0,39.2,33.8,29.6,0.021,,-0.6311074918566776,0.390785684903332,0.8660904999477627,-1.5085563778394546,2.0,2.0,2.0,7,3,0,0,1,14.75,4.75,-1.609,2.0,0
Marsabit,2019-08-01,2019-08,1,2019-09-01,2019-09,0.0,33.3,40.4,44.2,12.2,101.5,0,30.0,39.2,33.8,-0.001,-25.000000000000007,-0.2253636549887318,-0.1435308591347139,-1.0376580690513975,-1.5247179514356894,2.0,2.0,2.0,8,3,0,0,1,34.9,49.15,0.124,2.0,0
Marsabit,2019-08-01,2019-08,2,2019-10-01,2019-10,0.0,33.3,40.4,44.2,12.2,101.5,0,30.0,39.2,33.8,-0.001,-25.000000000000007,-0.2253636549887318,-0.1435308591347139,-1.0376580690513975,-1.5247179514356894,2.0,2.0,2.0,8,3,0,0,1,34.9,49.15,0.124,2.0,0
Marsabit,2019-08-01,2019-08,3,2019-11-01,2019-11,0.0,33.3,40.4,44.2,12.2,101.5,0,30.0,39.2,33.8,-0.001,-25.000000000000007,-0.2253636549887318,-0.1435308591347139,-1.0376580690513975,-1.5247179514356894,2.0,2.0,2.0,8,3,0,0,1,34.9,49.15,0.124,2.0,0
Marsabit,2019-09-01,2019-09,1,2019-10-01,2019-10,0.0,64.3,33.3,40.4,11.266666666666666,74.19999999999999,0,41.9,30.0,39.2,-0.071,17.999999999999996,3.449691991786448,2.5651465798045603,1.3186648749392607,-1.2778866456022857,2.0,2.0,2.0,9,3,0,0,1,25.15,30.05,0.136,2.0,0
Marsabit,2019-09-01,2019-09,2,2019-11-01,2019-11,0.0,64.3,33.3,40.4,11.266666666666666,74.19999999999999,0,41.9,30.0,39.2,-0.071,17.999999999999996,3.449691991786448,2.5651465798045603,1.3186648749392607,-1.2778866456022857,2.0,2.0,2.0,9,3,0,0,1,25.15,30.05,0.136,2.0,0
Marsabit,2019-09-01,2019-09,3,2019-12-01,2019-12,0.0,64.3,33.3,40.4,11.266666666666666,74.19999999999999,0,41.9,30.0,39.2,-0.071,17.999999999999996,3.449691991786448,2.5651465798045603,1.3186648749392607,-1.2778866456022857,2.0,2.0,2.0,9,3,0,0,1,25.15,30.05,0.136,2.0,0
Marsabit,2019-10-01,2019-10,1,2019-11-01,2019-11,0.0,38.1,64.3,33.3,25.03333333333333,62.56666666666666,0,38.8,41.9,30.0,-0.082,-26.900000000000002,-3.255260023818976,-0.1434132349928293,0.2473724499105027,-1.5188410155825132,2.0,2.0,2.0,10,4,0,1,1,28.6,33.5,1.778,2.0,0
Marsabit,2019-10-01,2019-10,2,2019-12-01,2019-12,0.0,38.1,64.3,33.3,25.03333333333333,62.56666666666666,0,38.8,41.9,30.0,-0.082,-26.900000000000002,-3.255260023818976,-0.1434132349928293,0.2473724499105027,-1.5188410155825132,2.0,2.0,2.0,10,4,0,1,1,28.6,33.5,1.778,2.0,0
Marsabit,2019-10-01,2019-10,3,2020-01-01,2020-01,0.0,38.1,64.3,33.3,25.03333333333333,62.56666666666666,0,38.8,41.9,30.0,-0.082,-26.900000000000002,-3.255260023818976,-0.1434132349928293,0.2473724499105027,-1.5188410155825132,2.0,2.0,2.0,10,4,0,1,1,28.6,33.5,1.778,2.0,0
Marsabit,2019-11-01,2019-11,1,2019-12-01,2019-12,0.0,0.0,38.1,64.3,44.8,57.0,0,2.7,38.8,41.9,-0.0379999999999999,-23.4,-0.0205170291341813,0.0616016427104722,-0.0819292164242417,-1.5203102495458074,2.0,2.0,2.0,11,4,0,1,1,39.35,43.4,0.322,2.0,0
Marsabit,2019-11-01,2019-11,2,2020-01-01,2020-01,0.0,0.0,38.1,64.3,44.8,57.0,0,2.7,38.8,41.9,-0.0379999999999999,-23.4,-0.0205170291341813,0.0616016427104722,-0.0819292164242417,-1.5203102495458074,2.0,2.0,2.0,11,4,0,1,1,39.35,43.4,0.322,2.0,0
Marsabit,2019-11-01,2019-11,3,2020-02-01,2020-02,0.0,0.0,38.1,64.3,44.8,57.0,0,2.7,38.8,41.9,-0.0379999999999999,-23.4,-0.0205170291341813,0.0616016427104722,-0.0819292164242417,-1.5203102495458074,2.0,2.0,2.0,11,4,0,1,1,39.35,43.4,0.322,2.0,0
Marsabit,2019-12-01,2019-12,1,2020-01-01,2020-01,0.0,3.9,0.0,38.1,70.53333333333333,81.8,0,10.4,2.7,38.8,0.1579999999999999,-15.000000000000004,3.406525754155551,0.019849146486701,2.5849957262912615,-1.2764174116389917,2.0,2.0,2.0,12,4,0,1,1,32.9,37.35,-1.971,2.0,0
Marsabit,2019-12-01,2019-12,2,2020-02-01,2020-02,0.0,3.9,0.0,38.1,70.53333333333333,81.8,0,10.4,2.7,38.8,0.1579999999999999,-15.000000000000004,3.406525754155551,0.019849146486701,2.5849957262912615,-1.2764174116389917,2.0,2.0,2.0,12,4,0,1,1,32.9,37.35,-1.971,2.0,0
Marsabit,2019-12-01,2019-12,3,2020-03-01,2020-03,0.0,3.9,0.0,38.1,70.53333333333333,81.8,0,10.4,2.7,38.8,0.1579999999999999,-15.000000000000004,3.406525754155551,0.019849146486701,2.5849957262912615,-1.2764174116389917,2.0,2.0,2.0,12,4,0,1,1,32.9,37.35,-1.971,2.0,0
Marsabit,2020-01-01,2020-01,1,2020-02-01,2020-02,0.0,33.7,3.9,0.0,55.13333333333333,80.16666666666666,0,24.2,10.4,2.7,-0.003,33.5,4.385790831514189,7.919573245794009,7.7761600108011795,-0.951716705751002,2.0,2.0,2.0,1,1,0,0,1,30.05,29.75,3.976,2.0,0
Marsabit,2020-01-01,2020-01,2,2020-03-01,2020-03,0.0,33.7,3.9,0.0,55.13333333333333,80.16666666666666,0,24.2,10.4,2.7,-0.003,33.5,4.385790831514189,7.919573245794009,7.7761600108011795,-0.951716705751002,2.0,2.0,2.0,1,1,0,0,1,30.05,29.75,3.976,2.0,0
Marsabit,2020-01-01,2020-01,3,2020-04-01,2020-04,0.0,33.7,3.9,0.0,55.13333333333333,80.16666666666666,0,24.2,10.4,2.7,-0.003,33.5,4.385790831514189,7.919573245794009,7.7761600108011795,-0.951716705751002,2.0,2.0,2.0,1,1,0,0,1,30.05,29.75,3.976,2.0,0
Marsabit,2020-02-01,2020-02,1,2020-03-01,2020-03,0.0,61.4,33.7,3.9,34.2,79.0,0,63.5,24.2,10.4,-0.0549999999999999,-32.7,-3.11787072243346,4.576236404678843,4.637838047389315,-1.1926710757312295,2.0,2.0,2.0,2,1,0,0,1,32.05,39.5,-0.553,2.0,0
Marsabit,2020-02-01,2020-02,2,2020-04-01,2020-04,0.0,61.4,33.7,3.9,34.2,79.0,0,63.5,24.2,10.4,-0.0549999999999999,-32.7,-3.11787072243346,4.576236404678843,4.637838047389315,-1.1926710757312295,2.0,2.0,2.0,2,1,0,0,1,32.05,39.5,-0.553,2.0,0
Marsabit,2020-02-01,2020-02,3,2020-05-01,2020-05,0.0,61.4,33.7,3.9,34.2,79.0,0,63.5,24.2,10.4,-0.0549999999999999,-32.7,-3.11787072243346,4.576236404678843,4.637838047389315,-1.1926710757312295,2.0,2.0,2.0,2,1,0,0,1,32.05,39.5,-0.553,2.0,0
Marsabit,2020-03-01,2020-03,1,2020-04-01,2020-04,0.0,6.0,61.4,33.7,24.566666666666663,95.1,1,9.2,63.5,24.2,-0.2019999999999999,-35.699999999999996,2.021193092621664,3.175233181186744,3.195082327673445,-1.0413399775119403,2.0,2.0,2.0,3,1,1,0,1,-11.25,-16.55,-0.042,2.0,0
Marsabit,2020-03-01,2020-03,2,2020-05-01,2020-05,0.0,6.0,61.4,33.7,24.566666666666663,95.1,1,9.2,63.5,24.2,-0.2019999999999999,-35.699999999999996,2.021193092621664,3.175233181186744,3.195082327673445,-1.0413399775119403,2.0,2.0,2.0,3,1,1,0,1,-11.25,-16.55,-0.042,2.0,0
Marsabit,2020-03-01,2020-03,3,2020-06-01,2020-06,0.0,6.0,61.4,33.7,24.566666666666663,95.1,1,9.2,63.5,24.2,-0.2019999999999999,-35.699999999999996,2.021193092621664,3.175233181186744,3.195082327673445,-1.0413399775119403,2.0,2.0,2.0,3,1,1,0,1,-11.25,-16.55,-0.042,2.0,0
Marsabit,2020-04-01,2020-04,1,2020-05-01,2020-05,0.0,-3.6,6.0,61.4,37.0,92.13333333333333,2,3.1,9.2,63.5,-0.0729999999999999,-16.9,-1.8080400076937877,-2.9467680608365017,4.972805184957507,-1.179447970061583,2.0,2.0,2.0,4,2,1,0,1,-6.0,-5.85,2.219,2.0,0
Marsabit,2020-04-01,2020-04,2,2020-06-01,2020-06,0.0,-3.6,6.0,61.4,37.0,92.13333333333333,2,3.1,9.2,63.5,-0.0729999999999999,-16.9,-1.8080400076937877,-2.9467680608365017,4.972805184957507,-1.179447970061583,2.0,2.0,2.0,4,2,1,0,1,-6.0,-5.85,2.219,2.0,0
Marsabit,2020-04-01,2020-04,3,2020-07-01,2020-07,0.0,-3.6,6.0,61.4,37.0,92.13333333333333,2,3.1,9.2,63.5,-0.0729999999999999,-16.9,-1.8080400076937877,-2.9467680608365017,4.972805184957507,-1.179447970061583,2.0,2.0,2.0,4,2,1,0,1,-6.0,-5.85,2.219,2.0,0
Marsabit,2020-05-01,2020-05,1,2020-06-01,2020-06,0.0,-9.1,-3.6,6.0,56.3,90.5,3,-14.2,3.1,9.2,0.0219999999999999,-29.200000000000003,3.1537708129285016,3.3359497645211933,7.912186169200036,-0.9429013019712376,2.0,2.0,2.0,5,2,1,0,1,-15.6,-9.55,-1.268,2.0,0
Marsabit,2020-05-01,2020-05,2,2020-07-01,2020-07,0.0,-9.1,-3.6,6.0,56.3,90.5,3,-14.2,3.1,9.2,0.0219999999999999,-29.200000000000003,3.1537708129285016,3.3359497645211933,7.912186169200036,-0.9429013019712376,2.0,2.0,2.0,5,2,1,0,1,-15.6,-9.55,-1.268,2.0,0
Marsabit,2020-05-01,2020-05,3,2020-08-01,2020-08,0.0,-9.1,-3.6,6.0,56.3,90.5,3,-14.2,3.1,9.2,0.0219999999999999,-29.200000000000003,3.1537708129285016,3.3359497645211933,7.912186169200036,-0.9429013019712376,2.0,2.0,2.0,5,2,1,0,1,-15.6,-9.55,-1.268,2.0,0
Marsabit,2020-06-01,2020-06,1,2020-07-01,2020-07,0.0,-26.0,-9.1,-3.6,40.2,64.76666666666667,0,-18.8,-14.2,3.1,0.006,-12.7,-2.86745157614888,-1.6156953260242353,1.5595378551625085,-1.1647556304286422,2.0,2.0,2.0,6,2,0,0,1,-0.7,-7.15,0.695,2.0,0
Marsabit,2020-06-01,2020-06,2,2020-08-01,2020-08,0.0,-26.0,-9.1,-3.6,40.2,64.76666666666667,0,-18.8,-14.2,3.1,0.006,-12.7,-2.86745157614888,-1.6156953260242353,1.5595378551625085,-1.1647556304286422,2.0,2.0,2.0,6,2,0,0,1,-0.7,-7.15,0.695,2.0,0
Marsabit,2020-06-01,2020-06,3,2020-09-01,2020-09,0.0,-26.0,-9.1,-3.6,40.2,64.76666666666667,0,-18.8,-14.2,3.1,0.006,-12.7,-2.86745157614888,-1.6156953260242353,1.5595378551625085,-1.1647556304286422,2.0,2.0,2.0,6,2,0,0,1,-0.7,-7.15,0.695,2.0,0
Marsabit,2020-07-01,2020-07,1,2020-08-01,2020-08,0.0,5.8,-26.0,-9.1,26.866666666666664,63.86666666666666,0,11.5,-18.8,-14.2,-0.0269999999999999,-75.4,2.463343108504399,2.6640548481880506,-0.28271321264845106,-0.9796321510535893,2.0,2.0,2.0,7,3,0,0,1,-32.6,-40.85,0.154,2.0,0
Marsabit,2020-07-01,2020-07,2,2020-09-01,2020-09,0.0,5.8,-26.0,-9.1,26.866666666666664,63.86666666666666,0,11.5,-18.8,-14.2,-0.0269999999999999,-75.4,2.463343108504399,2.6640548481880506,-0.28271321264845106,-0.9796321510535893,2.0,2.0,2.0,7,3,0,0,1,-32.6,-40.85,0.154,2.0,0
Marsabit,2020-07-01,2020-07,3,2020-10-01,2020-10,0.0,5.8,-26.0,-9.1,26.866666666666664,63.86666666666666,0,11.5,-18.8,-14.2,-0.0269999999999999,-75.4,2.463343108504399,2.6640548481880506,-0.28271321264845106,-0.9796321510535893,2.0,2.0,2.0,7,3,0,0,1,-32.6,-40.85,0.154,2.0,0
Marsabit,2020-08-01,2020-08,1,2020-09-01,2020-09,0.0,0.0,5.8,-26.0,7.633333333333334,63.93333333333333,1,-11.9,11.5,-18.8,-0.0469999999999999,-38.4,-3.8542262926922346,-4.310672236992024,-0.9747224724708303,-1.2764174116389917,2.0,2.0,2.0,8,3,0,0,1,-27.6,-27.0,0.307,2.0,0
Marsabit,2020-08-01,2020-08,2,2020-10-01,2020-10,0.0,0.0,5.8,-26.0,7.633333333333334,63.93333333333333,1,-11.9,11.5,-18.8,-0.0469999999999999,-38.4,-3.8542262926922346,-4.310672236992024,-0.9747224724708303,-1.2764174116389917,2.0,2.0,2.0,8,3,0,0,1,-27.6,-27.0,0.307,2.0,0
Marsabit,2020-08-01,2020-08,3,2020-11-01,2020-11,0.0,0.0,5.8,-26.0,7.633333333333334,63.93333333333333,1,-11.9,11.5,-18.8,-0.0469999999999999,-38.4,-3.8542262926922346,-4.310672236992024,-0.9747224724708303,-1.2764174116389917,2.0,2.0,2.0,8,3,0,0,1,-27.6,-27.0,0.307,2.0,0
Marsabit,2020-09-01,2020-09,1,2020-10-01,2020-10,0.0,-26.2,0.0,5.8,7.366666666666667,47.56666666666667,2,-29.2,-11.9,11.5,-0.017,-9.6,0.5358205993252629,-0.9579667644183774,-2.5736620904426126,-1.2367480946300518,2.0,2.0,2.0,9,3,0,0,1,-15.55,-23.35,-1.106,2.0,0
Marsabit,2020-09-01,2020-09,2,2020-11-01,2020-11,0.0,-26.2,0.0,5.8,7.366666666666667,47.56666666666667,2,-29.2,-11.9,11.5,-0.017,-9.6,0.5358205993252629,-0.9579667644183774,-2.5736620904426126,-1.2367480946300518,2.0,2.0,2.0,9,3,0,0,1,-15.55,-23.35,-1.106,2.0,0
Marsabit,2020-09-01,2020-09,3,2020-12-01,2020-12,0.0,-26.2,0.0,5.8,7.366666666666667,47.56666666666667,2,-29.2,-11.9,11.5,-0.017,-9.6,0.5358205993252629,-0.9579667644183774,-2.5736620904426126,-1.2367480946300518,2.0,2.0,2.0,9,3,0,0,1,-15.55,-23.35,-1.106,2.0,0
Marsabit,2020-10-01,2020-10,1,2020-11-01,2020-11,0.0,-1.2,-26.2,0.0,21.96666666666667,48.83333333333333,3,-6.5,-29.2,-11.9,0.085,-4.300000000000001,2.033162258191868,-1.3737836290784202,1.2902712191096304,-1.0854169964107625,2.0,2.0,2.0,10,4,0,1,1,-20.6,-18.6,1.476,2.0,0
Marsabit,2020-10-01,2020-10,2,2020-12-01,2020-12,0.0,-1.2,-26.2,0.0,21.96666666666667,48.83333333333333,3,-6.5,-29.2,-11.9,0.085,-4.300000000000001,2.033162258191868,-1.3737836290784202,1.2902712191096304,-1.0854169964107625,2.0,2.0,2.0,10,4,0,1,1,-20.6,-18.6,1.476,2.0,0
Marsabit,2020-10-01,2020-10,3,2021-01-01,2021-01,1.0,-1.2,-26.2,0.0,21.96666666666667,48.83333333333333,3,-6.5,-29.2,-11.9,0.085,-4.300000000000001,2.033162258191868,-1.3737836290784202,1.2902712191096304,-1.0854169964107625,2.0,2.0,2.0,10,4,0,1,1,-20.6,-18.6,1.476,2.0,0
Marsabit,2020-11-01,2020-11,1,2020-12-01,2020-12,0.0,-9.5,-1.2,-26.2,29.633333333333336,37.26666666666667,4,-18.5,-6.5,-29.2,-0.0789999999999999,22.3,-0.8318823757012962,1.7265330422702916,-2.584139194721732,-1.1485940568324071,2.0,2.0,2.0,11,4,0,1,1,3.7,5.0,-0.63,2.0,0
Marsabit,2020-11-01,2020-11,2,2021-01-01,2021-01,1.0,-9.5,-1.2,-26.2,29.633333333333336,37.26666666666667,4,-18.5,-6.5,-29.2,-0.0789999999999999,22.3,-0.8318823757012962,1.7265330422702916,-2.584139194721732,-1.1485940568324071,2.0,2.0,2.0,11,4,0,1,1,3.7,5.0,-0.63,2.0,0
Marsabit,2020-11-01,2020-11,3,2021-02-01,2021-02,1.0,-9.5,-1.2,-26.2,29.633333333333336,37.26666666666667,4,-18.5,-6.5,-29.2,-0.0789999999999999,22.3,-0.8318823757012962,1.7265330422702916,-2.584139194721732,-1.1485940568324071,2.0,2.0,2.0,11,4,0,1,1,3.7,5.0,-0.63,2.0,0
Marsabit,2020-12-01,2020-12,1,2021-01-01,2021-01,1.0,-5.7,-9.5,-1.2,44.0,51.36666666666667,5,3.5,-18.5,-6.5,0.069,-48.4,-3.33593445181428,-2.191077773391236,-3.1490445378096132,-1.3998330645556936,2.0,2.0,2.0,12,4,0,1,1,4.9,6.45,-0.643,2.0,0
Marsabit,2020-12-01,2020-12,2,2021-02-01,2021-02,1.0,-5.7,-9.5,-1.2,44.0,51.36666666666667,5,3.5,-18.5,-6.5,0.069,-48.4,-3.33593445181428,-2.191077773391236,-3.1490445378096132,-1.3998330645556936,2.0,2.0,2.0,12,4,0,1,1,4.9,6.45,-0.643,2.0,0
Marsabit,2020-12-01,2020-12,3,2021-03-01,2021-03,1.0,-5.7,-9.5,-1.2,44.0,51.36666666666667,5,3.5,-18.5,-6.5,0.069,-48.4,-3.33593445181428,-2.191077773391236,-3.1490445378096132,-1.3998330645556936,2.0,2.0,2.0,12,4,0,1,1,4.9,6.45,-0.643,2.0,0
Marsabit,2021-01-01,2021-01,1,2021-02-01,2021-02,1.0,-41.0,-5.7,-9.5,28.3,50.266666666666666,6,-36.9,3.5,-18.5,-0.161,20.0,29.001009081735617,23.660282453085703,22.286498824007282,0.711456140697886,2.0,2.0,2.0,1,1,0,0,1,-9.5,-14.05,27.874,2.0,0
Marsabit,2021-01-01,2021-01,2,2021-03-01,2021-03,1.0,-41.0,-5.7,-9.5,28.3,50.266666666666666,6,-36.9,3.5,-18.5,-0.161,20.0,29.001009081735617,23.660282453085703,22.286498824007282,0.711456140697886,2.0,2.0,2.0,1,1,0,0,1,-9.5,-14.05,27.874,2.0,0
Marsabit,2021-01-01,2021-01,3,2021-04-01,2021-04,1.0,-41.0,-5.7,-9.5,28.3,50.266666666666666,6,-36.9,3.5,-18.5,-0.161,20.0,29.001009081735617,23.660282453085703,22.286498824007282,0.711456140697886,2.0,2.0,2.0,1,1,0,0,1,-9.5,-14.05,27.874,2.0,0
Marsabit,2021-02-01,2021-02,1,2021-03-01,2021-03,1.0,-4.4,-41.0,-5.7,19.166666666666668,48.800000000000004,7,8.1,-36.9,3.5,-0.031,-29.3,-0.2972465581977472,24.326960593055013,26.053493635325303,0.6835406953952987,3.0,2.0,2.0,2,1,0,0,1,-24.05,-29.2,-2.522,3.0,2
Marsabit,2021-02-01,2021-02,2,2021-04-01,2021-04,1.0,-4.4,-41.0,-5.7,19.166666666666668,48.800000000000004,7,8.1,-36.9,3.5,-0.031,-29.3,-0.2972465581977472,24.326960593055013,26.053493635325303,0.6835406953952987,3.0,2.0,2.0,2,1,0,0,1,-24.05,-29.2,-2.522,3.0,2
Marsabit,2021-02-01,2021-02,3,2021-05-01,2021-05,1.0,-4.4,-41.0,-5.7,19.166666666666668,48.800000000000004,7,8.1,-36.9,3.5,-0.031,-29.3,-0.2972465581977472,24.326960593055013,26.053493635325303,0.6835406953952987,3.0,2.0,2.0,2,1,0,0,1,-24.05,-29.2,-2.522,3.0,2
Marsabit,2021-03-01,2021-03,1,2021-04-01,2021-04,1.0,-65.5,-4.4,-41.0,9.5,53.5,8,-58.5,8.1,-36.9,-0.168,-42.3,3.5462105758669384,33.17860746720485,30.987529693813613,1.0155875710997586,3.0,3.0,2.0,3,1,1,0,1,-62.5,-65.15,1.174,3.0,2
Marsabit,2021-03-01,2021-03,2,2021-05-01,2021-05,1.0,-65.5,-4.4,-41.0,9.5,53.5,8,-58.5,8.1,-36.9,-0.168,-42.3,3.5462105758669384,33.17860746720485,30.987529693813613,1.0155875710997586,3.0,3.0,2.0,3,1,1,0,1,-62.5,-65.15,1.174,3.0,2
Marsabit,2021-03-01,2021-03,3,2021-06-01,2021-06,1.0,-65.5,-4.4,-41.0,9.5,53.5,8,-58.5,8.1,-36.9,-0.168,-42.3,3.5462105758669384,33.17860746720485,30.987529693813613,1.0155875710997586,3.0,3.0,2.0,3,1,1,0,1,-62.5,-65.15,1.174,3.0,2
Marsabit,2021-04-01,2021-04,1,2021-05-01,2021-05,1.0,-53.6,-65.5,-4.4,16.7,45.0,9,-48.8,-58.5,8.1,0.005,-38.0,-2.1973026216093348,0.969962453066333,24.630244906152036,0.8025486464221184,3.0,3.0,3.0,4,2,1,0,1,-60.35,-65.15,-3.07,3.0,2
Marsabit,2021-04-01,2021-04,2,2021-06-01,2021-06,1.0,-53.6,-65.5,-4.4,16.7,45.0,9,-48.8,-58.5,8.1,0.005,-38.0,-2.1973026216093348,0.969962453066333,24.630244906152036,0.8025486464221184,3.0,3.0,3.0,4,2,1,0,1,-60.35,-65.15,-3.07,3.0,2
Marsabit,2021-04-01,2021-04,3,2021-07-01,2021-07,1.0,-53.6,-65.5,-4.4,16.7,45.0,9,-48.8,-58.5,8.1,0.005,-38.0,-2.1973026216093348,0.969962453066333,24.630244906152036,0.8025486464221184,3.0,3.0,3.0,4,2,1,0,1,-60.35,-65.15,-3.07,3.0,2
Marsabit,2021-05-01,2021-05,1,2021-06-01,2021-06,1.0,-65.2,-53.6,-65.5,22.26666666666667,41.43333333333334,10,-56.5,-48.8,-58.5,-0.043,-60.0,1.2395413696932134,2.5262827553742357,26.85324334842925,0.920087363485644,3.0,3.0,3.0,5,2,1,0,1,-59.55,-59.7,5.608,3.0,2
Marsabit,2021-05-01,2021-05,2,2021-07-01,2021-07,1.0,-65.2,-53.6,-65.5,22.26666666666667,41.43333333333334,10,-56.5,-48.8,-58.5,-0.043,-60.0,1.2395413696932134,2.5262827553742357,26.85324334842925,0.920087363485644,3.0,3.0,3.0,5,2,1,0,1,-59.55,-59.7,5.608,3.0,2
Marsabit,2021-05-01,2021-05,3,2021-08-01,2021-08,1.0,-65.2,-53.6,-65.5,22.26666666666667,41.43333333333334,10,-56.5,-48.8,-58.5,-0.043,-60.0,1.2395413696932134,2.5262827553742357,26.85324334842925,0.920087363485644,3.0,3.0,3.0,5,2,1,0,1,-59.55,-59.7,5.608,3.0,2
Marsabit,2021-06-01,2021-06,1,2021-07-01,2021-07,1.0,-60.7,-65.2,-53.6,16.166666666666668,25.666666666666668,11,-56.5,-56.5,-48.8,0.018,-28.500000000000007,-3.1833486378940923,-4.136990453098955,29.041617014105896,0.6144866991204774,3.0,3.0,3.0,6,2,0,0,1,-53.9,-53.65,-2.336,3.0,2
Marsabit,2021-06-01,2021-06,2,2021-08-01,2021-08,1.0,-60.7,-65.2,-53.6,16.166666666666668,25.666666666666668,11,-56.5,-56.5,-48.8,0.018,-28.500000000000007,-3.1833486378940923,-4.136990453098955,29.041617014105896,0.6144866991204774,3.0,3.0,3.0,6,2,0,0,1,-53.9,-53.65,-2.336,3.0,2
Marsabit,2021-06-01,2021-06,3,2021-09-01,2021-09,1.0,-60.7,-65.2,-53.6,16.166666666666668,25.666666666666668,11,-56.5,-56.5,-48.8,0.018,-28.500000000000007,-3.1833486378940923,-4.136990453098955,29.041617014105896,0.6144866991204774,3.0,3.0,3.0,6,2,0,0,1,-53.9,-53.65,-2.336,3.0,2
Marsabit,2021-07-01,2021-07,1,2021-08-01,2021-08,1.0,-67.0,-60.7,-65.2,9.033333333333331,25.73333333333333,12,-65.4,-56.5,-56.5,0.019,-57.7,1.4226999683844452,-0.5887821506042764,0.3811803024620566,0.7467177558169438,3.0,3.0,3.0,7,3,0,0,1,-67.55,-65.15,1.254,3.0,2
Marsabit,2021-07-01,2021-07,2,2021-09-01,2021-09,1.0,-67.0,-60.7,-65.2,9.033333333333331,25.73333333333333,12,-65.4,-56.5,-56.5,0.019,-57.7,1.4226999683844452,-0.5887821506042764,0.3811803024620566,0.7467177558169438,3.0,3.0,3.0,7,3,0,0,1,-67.55,-65.15,1.254,3.0,2
Marsabit,2021-07-01,2021-07,3,2021-10-01,2021-10,1.0,-67.0,-60.7,-65.2,9.033333333333331,25.73333333333333,12,-65.4,-56.5,-56.5,0.019,-57.7,1.4226999683844452,-0.5887821506042764,0.3811803024620566,0.7467177558169438,3.0,3.0,3.0,7,3,0,0,1,-67.55,-65.15,1.254,3.0,2
Marsabit,2021-08-01,2021-08,1,2021-09-01,2021-09,1.0,-59.5,-67.0,-60.7,3.1,25.36666666666667,13,-49.6,-65.4,-56.5,0.007,9.299999999999997,2.9925187032418954,1.1325374961738597,3.6588202515480956,1.0288106767694054,3.0,3.0,3.0,8,3,0,0,1,-59.6,-65.15,1.883,3.0,2
Marsabit,2021-08-01,2021-08,2,2021-10-01,2021-10,1.0,-59.5,-67.0,-60.7,3.1,25.36666666666667,13,-49.6,-65.4,-56.5,0.007,9.299999999999997,2.9925187032418954,1.1325374961738597,3.6588202515480956,1.0288106767694054,3.0,3.0,3.0,8,3,0,0,1,-59.6,-65.15,1.883,3.0,2
Marsabit,2021-08-01,2021-08,3,2021-11-01,2021-11,1.0,-59.5,-67.0,-60.7,3.1,25.36666666666667,13,-49.6,-65.4,-56.5,0.007,9.299999999999997,2.9925187032418954,1.1325374961738597,3.6588202515480956,1.0288106767694054,3.0,3.0,3.0,8,3,0,0,1,-59.6,-65.15,1.883,3.0,2
Marsabit,2021-09-01,2021-09,1,2021-10-01,2021-10,1.0,-63.1,-59.5,-67.0,3.033333333333333,19.200000000000003,14,-49.2,-49.6,-65.4,0.001,-13.900000000000006,-1.2863196125907992,3.1141321530192854,-1.0228583000796694,0.9039257898894092,3.0,3.0,3.0,9,3,0,0,1,-65.75,-60.15,-1.359,3.0,2
Marsabit,2021-09-01,2021-09,2,2021-11-01,2021-11,1.0,-63.1,-59.5,-67.0,3.033333333333333,19.200000000000003,14,-49.2,-49.6,-65.4,0.001,-13.900000000000006,-1.2863196125907992,3.1141321530192854,-1.0228583000796694,0.9039257898894092,3.0,3.0,3.0,9,3,0,0,1,-65.75,-60.15,-1.359,3.0,2
Marsabit,2021-09-01,2021-09,3,2021-12-01,2021-12,1.0,-63.1,-59.5,-67.0,3.033333333333333,19.200000000000003,14,-49.2,-49.6,-65.4,0.001,-13.900000000000006,-1.2863196125907992,3.1141321530192854,-1.0228583000796694,0.9039257898894092,3.0,3.0,3.0,9,3,0,0,1,-65.75,-60.15,-1.359,3.0,2
Marsabit,2021-10-01,2021-10,1,2021-11-01,2021-11,1.0,-66.7,-63.1,-59.5,9.566666666666666,18.599999999999998,15,-62.7,-49.2,-49.6,-0.004,7.299999999999997,0.5059021922428331,2.182044887780549,1.5932627371762726,0.9524105106781136,3.0,3.0,3.0,10,4,0,1,1,-68.05,-65.15,-3.761,3.0,2
Marsabit,2021-10-01,2021-10,2,2021-12-01,2021-12,1.0,-66.7,-63.1,-59.5,9.566666666666666,18.599999999999998,15,-62.7,-49.2,-49.6,-0.004,7.299999999999997,0.5059021922428331,2.182044887780549,1.5932627371762726,0.9524105106781136,3.0,3.0,3.0,10,4,0,1,1,-68.05,-65.15,-3.761,3.0,2
Marsabit,2021-10-01,2021-10,3,2022-01-01,2022-01,1.0,-66.7,-63.1,-59.5,9.566666666666666,18.599999999999998,15,-62.7,-49.2,-49.6,-0.004,7.299999999999997,0.5059021922428331,2.182044887780549,1.5932627371762726,0.9524105106781136,3.0,3.0,3.0,10,4,0,1,1,-68.05,-65.15,-3.761,3.0,2
Marsabit,2021-11-01,2021-11,1,2021-12-01,2021-12,1.0,-61.9,-66.7,-63.1,15.133333333333333,18.233333333333334,16,-49.2,-62.7,-49.2,-0.017,5.700000000000003,0.7626601586333129,-0.0302663438256658,1.1022711523481938,1.0258722088428172,3.0,3.0,3.0,11,4,0,1,1,-65.45,-56.8,2.691,3.0,2
Marsabit,2021-11-01,2021-11,2,2022-01-01,2022-01,1.0,-61.9,-66.7,-63.1,15.133333333333333,18.233333333333334,16,-49.2,-62.7,-49.2,-0.017,5.700000000000003,0.7626601586333129,-0.0302663438256658,1.1022711523481938,1.0258722088428172,3.0,3.0,3.0,11,4,0,1,1,-65.45,-56.8,2.691,3.0,2
Marsabit,2021-11-01,2021-11,3,2022-02-01,2022-02,1.0,-61.9,-66.7,-63.1,15.133333333333333,18.233333333333334,16,-49.2,-62.7,-49.2,-0.017,5.700000000000003,0.7626601586333129,-0.0302663438256658,1.1022711523481938,1.0258722088428172,3.0,3.0,3.0,11,4,0,1,1,-65.45,-56.8,2.691,3.0,2
Marsabit,2021-12-01,2021-12,1,2022-01-01,2022-01,1.0,-57.2,-61.9,-66.7,20.33333333333333,23.36666666666666,17,-50.8,-49.2,-62.7,-0.031,-3.799999999999997,0.0302755071147441,1.3030814042618428,4.417213557281128,1.0288106767694054,3.0,3.0,3.0,12,4,0,1,1,-54.55,-63.25,1.178,3.0,2
Marsabit,2021-12-01,2021-12,2,2022-02-01,2022-02,1.0,-57.2,-61.9,-66.7,20.33333333333333,23.36666666666666,17,-50.8,-49.2,-62.7,-0.031,-3.799999999999997,0.0302755071147441,1.3030814042618428,4.417213557281128,1.0288106767694054,3.0,3.0,3.0,12,4,0,1,1,-54.55,-63.25,1.178,3.0,2
Marsabit,2021-12-01,2021-12,3,2022-03-01,2022-03,1.0,-57.2,-61.9,-66.7,20.33333333333333,23.36666666666666,17,-50.8,-49.2,-62.7,-0.031,-3.799999999999997,0.0302755071147441,1.3030814042618428,4.417213557281128,1.0288106767694054,3.0,3.0,3.0,12,4,0,1,1,-54.55,-63.25,1.178,3.0,2
Marsabit,2022-01-01,2022-01,1,2022-02-01,2022-02,1.0,-63.2,-57.2,-61.9,13.566666666666668,23.133333333333333,18,-69.2,-50.8,-49.2,-0.048,-11.600000000000001,1.6495157384987893,2.455765710799268,4.637810598579817,1.188957178768459,3.0,3.0,3.0,1,1,0,0,1,-59.6,-65.15,1.698,3.0,2
Marsabit,2022-01-01,2022-01,2,2022-03-01,2022-03,1.0,-63.2,-57.2,-61.9,13.566666666666668,23.133333333333333,18,-69.2,-50.8,-49.2,-0.048,-11.600000000000001,1.6495157384987893,2.455765710799268,4.637810598579817,1.188957178768459,3.0,3.0,3.0,1,1,0,0,1,-59.6,-65.15,1.698,3.0,2
Marsabit,2022-01-01,2022-01,3,2022-04-01,2022-04,1.0,-63.2,-57.2,-61.9,13.566666666666668,23.133333333333333,18,-69.2,-50.8,-49.2,-0.048,-11.600000000000001,1.6495157384987893,2.455765710799268,4.637810598579817,1.188957178768459,3.0,3.0,3.0,1,1,0,0,1,-59.6,-65.15,1.698,3.0,2
Marsabit,2022-02-01,2022-02,1,2022-03-01,2022-03,1.0,-64.6,-63.2,-57.2,8.0,23.133333333333333,19,-61.2,-69.2,-50.8,0.0219999999999999,-20.0,1.2803334822093198,2.982137450802301,2.9518711069766352,1.315311299611749,4.0,3.0,3.0,2,1,0,0,1,-65.55,-63.05,1.176,4.0,2
Marsabit,2022-02-01,2022-02,2,2022-04-01,2022-04,1.0,-64.6,-63.2,-57.2,8.0,23.133333333333333,19,-61.2,-69.2,-50.8,0.0219999999999999,-20.0,1.2803334822093198,2.982137450802301,2.9518711069766352,1.315311299611749,4.0,3.0,3.0,2,1,0,0,1,-65.55,-63.05,1.176,4.0,2
Marsabit,2022-02-01,2022-02,3,2022-05-01,2022-05,1.0,-64.6,-63.2,-57.2,8.0,23.133333333333333,19,-61.2,-69.2,-50.8,0.0219999999999999,-20.0,1.2803334822093198,2.982137450802301,2.9518711069766352,1.315311299611749,4.0,3.0,3.0,2,1,0,0,1,-65.55,-63.05,1.176,4.0,2
Marsabit,2022-03-01,2022-03,1,2022-04-01,2022-04,1.0,-71.4,-64.6,-63.2,9.966666666666669,30.299999999999997,20,-69.2,-61.2,-69.2,-0.02,1.9000000000000057,-5.012494487726003,-2.209443099273608,-0.906361695011765,0.814302518128471,4.0,4.0,3.0,3,1,1,0,1,-58.55,-59.95,0.072,4.0,2
Marsabit,2022-03-01,2022-03,2,2022-05-01,2022-05,1.0,-71.4,-64.6,-63.2,9.966666666666669,30.299999999999997,20,-69.2,-61.2,-69.2,-0.02,1.9000000000000057,-5.012494487726003,-2.209443099273608,-0.906361695011765,0.814302518128471,4.0,4.0,3.0,3,1,1,0,1,-58.55,-59.95,0.072,4.0,2
Marsabit,2022-03-01,2022-03,3,2022-06-01,2022-06,1.0,-71.4,-64.6,-63.2,9.966666666666669,30.299999999999997,20,-69.2,-61.2,-69.2,-0.02,1.9000000000000057,-5.012494487726003,-2.209443099273608,-0.906361695011765,0.814302518128471,4.0,4.0,3.0,3,1,1,0,1,-58.55,-59.95,0.072,4.0,2
Marsabit,2022-04-01,2022-04,1,2022-05-01,2022-05,1.0,-66.7,-71.4,-64.6,17.133333333333333,30.700000000000003,21,-60.8,-69.2,-61.2,0.016,-19.599999999999994,3.791395852677189,-0.1488759863034092,2.306889724495859,1.1742648391355184,4.0,4.0,4.0,4,2,1,0,1,-64.0,-64.95,-0.514,4.0,2
Marsabit,2022-04-01,2022-04,2,2022-06-01,2022-06,1.0,-66.7,-71.4,-64.6,17.133333333333333,30.700000000000003,21,-60.8,-69.2,-61.2,0.016,-19.599999999999994,3.791395852677189,-0.1488759863034092,2.306889724495859,1.1742648391355184,4.0,4.0,4.0,4,2,1,0,1,-64.0,-64.95,-0.514,4.0,2
Marsabit,2022-04-01,2022-04,3,2022-07-01,2022-07,1.0,-66.7,-71.4,-64.6,17.133333333333333,30.700000000000003,21,-60.8,-69.2,-61.2,0.016,-19.599999999999994,3.791395852677189,-0.1488759863034092,2.306889724495859,1.1742648391355184,4.0,4.0,4.0,4,2,1,0,1,-64.0,-64.95,-0.514,4.0,2
Marsabit,2022-05-01,2022-05,1,2022-06-01,2022-06,1.0,-60.4,-66.7,-71.4,24.933333333333334,32.93333333333334,22,-68.8,-60.8,-69.2,0.016,-12.300000000000004,-0.6262114209035335,-2.0285168308099366,0.9536206199923645,1.1125570126771671,4.0,4.0,4.0,5,2,1,0,1,-65.1,-65.15,0.869,4.0,2
Marsabit,2022-05-01,2022-05,2,2022-07-01,2022-07,1.0,-60.4,-66.7,-71.4,24.933333333333334,32.93333333333334,22,-68.8,-60.8,-69.2,0.016,-12.300000000000004,-0.6262114209035335,-2.0285168308099366,0.9536206199923645,1.1125570126771671,4.0,4.0,4.0,5,2,1,0,1,-65.1,-65.15,0.869,4.0,2
Marsabit,2022-05-01,2022-05,3,2022-08-01,2022-08,1.0,-60.4,-66.7,-71.4,24.933333333333334,32.93333333333334,22,-68.8,-60.8,-69.2,0.016,-12.300000000000004,-0.6262114209035335,-2.0285168308099366,0.9536206199923645,1.1125570126771671,4.0,4.0,4.0,5,2,1,0,1,-65.1,-65.15,0.869,4.0,2
Marsabit,2022-06-01,2022-06,1,2022-07-01,2022-07,1.0,-61.7,-60.4,-66.7,17.8,27.76666666666667,23,-63.1,-68.8,-60.8,0.0379999999999999,14.600000000000001,-1.035258814703676,2.073661405137728,-0.13578169413588004,1.0111798692098763,4.0,4.0,4.0,6,2,0,0,1,-60.3,-57.0,-1.297,4.0,2
Marsabit,2022-06-01,2022-06,2,2022-08-01,2022-08,1.0,-61.7,-60.4,-66.7,17.8,27.76666666666667,23,-63.1,-68.8,-60.8,0.0379999999999999,14.600000000000001,-1.035258814703676,2.073661405137728,-0.13578169413588004,1.0111798692098763,4.0,4.0,4.0,6,2,0,0,1,-60.3,-57.0,-1.297,4.0,2
Marsabit,2022-06-01,2022-06,3,2022-09-01,2022-09,1.0,-61.7,-60.4,-66.7,17.8,27.76666666666667,23,-63.1,-68.8,-60.8,0.0379999999999999,14.600000000000001,-1.035258814703676,2.073661405137728,-0.13578169413588004,1.0111798692098763,4.0,4.0,4.0,6,2,0,0,1,-60.3,-57.0,-1.297,4.0,2
Marsabit,2022-07-01,2022-07,1,2022-08-01,2022-08,1.0,-58.0,-61.7,-60.4,10.866666666666667,28.0,24,-54.6,-63.1,-68.8,0.0099999999999999,7.0,2.501516070345664,0.8051289697331148,0.6562529834297055,1.253603473153398,4.0,4.0,4.0,7,3,0,0,1,-65.3,-63.25,-0.522,4.0,2
Marsabit,2022-07-01,2022-07,2,2022-09-01,2022-09,1.0,-58.0,-61.7,-60.4,10.866666666666667,28.0,24,-54.6,-63.1,-68.8,0.0099999999999999,7.0,2.501516070345664,0.8051289697331148,0.6562529834297055,1.253603473153398,4.0,4.0,4.0,7,3,0,0,1,-65.3,-63.25,-0.522,4.0,2
Marsabit,2022-07-01,2022-07,3,2022-10-01,2022-10,1.0,-58.0,-61.7,-60.4,10.866666666666667,28.0,24,-54.6,-63.1,-68.8,0.0099999999999999,7.0,2.501516070345664,0.8051289697331148,0.6562529834297055,1.253603473153398,4.0,4.0,4.0,7,3,0,0,1,-65.3,-63.25,-0.522,4.0,2
Marsabit,2022-08-01,2022-08,1,2022-09-01,2022-09,1.0,-60.7,-58.0,-61.7,3.1333333333333333,28.066666666666666,25,-54.2,-54.6,-63.1,-0.0079999999999999,10.0,-0.961396243159296,0.4651162790697674,-1.5634005517401692,1.1581032655392836,4.0,4.0,4.0,8,3,0,0,1,-60.5,-65.15,1.953,4.0,2
Marsabit,2022-08-01,2022-08,2,2022-10-01,2022-10,1.0,-60.7,-58.0,-61.7,3.1333333333333333,28.066666666666666,25,-54.2,-54.6,-63.1,-0.0079999999999999,10.0,-0.961396243159296,0.4651162790697674,-1.5634005517401692,1.1581032655392836,4.0,4.0,4.0,8,3,0,0,1,-60.5,-65.15,1.953,4.0,2
Marsabit,2022-08-01,2022-08,3,2022-11-01,2022-11,1.0,-60.7,-58.0,-61.7,3.1333333333333333,28.066666666666666,25,-54.2,-54.6,-63.1,-0.0079999999999999,10.0,-0.961396243159296,0.4651162790697674,-1.5634005517401692,1.1581032655392836,4.0,4.0,4.0,8,3,0,0,1,-60.5,-65.15,1.953,4.0,2
Marsabit,2022-09-01,2022-09,1,2022-10-01,2022-10,1.0,-63.1,-60.7,-58.0,3.0666666666666664,20.866666666666667,26,-59.2,-54.2,-54.6,0.0,3.0999999999999943,-2.3894862604540026,-0.9096422073984234,1.1640191977393044,0.9230258314122324,4.0,4.0,4.0,9,3,0,0,1,-59.15,-56.6,-2.388,4.0,2
Marsabit,2022-09-01,2022-09,2,2022-11-01,2022-11,1.0,-63.1,-60.7,-58.0,3.0666666666666664,20.866666666666667,26,-59.2,-54.2,-54.6,0.0,3.0999999999999943,-2.3894862604540026,-0.9096422073984234,1.1640191977393044,0.9230258314122324,4.0,4.0,4.0,9,3,0,0,1,-59.15,-56.6,-2.388,4.0,2
Marsabit,2022-09-01,2022-09,3,2022-12-01,2022-12,1.0,-63.1,-60.7,-58.0,3.0666666666666664,20.866666666666667,26,-59.2,-54.2,-54.6,0.0,3.0999999999999943,-2.3894862604540026,-0.9096422073984234,1.1640191977393044,0.9230258314122324,4.0,4.0,4.0,9,3,0,0,1,-59.15,-56.6,-2.388,4.0,2
Marsabit,2022-10-01,2022-10,1,2022-11-01,2022-11,1.0,-64.3,-63.1,-60.7,7.433333333333333,18.3,27,-57.7,-59.2,-54.2,-0.0259999999999999,14.599999999999994,1.346389228886169,-2.026327466351132,-1.2211984966180174,1.0523184201821103,4.0,4.0,4.0,10,4,0,1,1,-61.55,-65.15,1.099,4.0,2
Marsabit,2022-10-01,2022-10,2,2022-12-01,2022-12,1.0,-64.3,-63.1,-60.7,7.433333333333333,18.3,27,-57.7,-59.2,-54.2,-0.0259999999999999,14.599999999999994,1.346389228886169,-2.026327466351132,-1.2211984966180174,1.0523184201821103,4.0,4.0,4.0,10,4,0,1,1,-61.55,-65.15,1.099,4.0,2
Marsabit,2022-10-01,2022-10,3,2023-01-01,2023-01,1.0,-64.3,-63.1,-60.7,7.433333333333333,18.3,27,-57.7,-59.2,-54.2,-0.0259999999999999,14.599999999999994,1.346389228886169,-2.026327466351132,-1.2211984966180174,1.0523184201821103,4.0,4.0,4.0,10,4,0,1,1,-61.55,-65.15,1.099,4.0,2
Marsabit,2022-11-01,2022-11,1,2022-12-01,2022-12,1.0,-63.1,-64.3,-63.1,12.466666666666669,15.600000000000001,28,-54.2,-57.7,-59.2,0.0,-6.100000000000001,1.4945652173913044,0.4032258064516129,0.8683420855213803,1.1977725825482235,4.0,4.0,4.0,11,4,0,1,1,-55.95,-59.5,1.725,4.0,2
Marsabit,2022-11-01,2022-11,2,2023-01-01,2023-01,1.0,-63.1,-64.3,-63.1,12.466666666666669,15.600000000000001,28,-54.2,-57.7,-59.2,0.0,-6.100000000000001,1.4945652173913044,0.4032258064516129,0.8683420855213803,1.1977725825482235,4.0,4.0,4.0,11,4,0,1,1,-55.95,-59.5,1.725,4.0,2
Marsabit,2022-11-01,2022-11,3,2023-02-01,2023-02,1.0,-63.1,-64.3,-63.1,12.466666666666669,15.600000000000001,28,-54.2,-57.7,-59.2,0.0,-6.100000000000001,1.4945652173913044,0.4032258064516129,0.8683420855213803,1.1977725825482235,4.0,4.0,4.0,11,4,0,1,1,-55.95,-59.5,1.725,4.0,2
Marsabit,2022-12-01,2022-12,1,2023-01-01,2023-01,1.0,-69.5,-63.1,-64.3,18.366666666666667,21.433333333333334,29,-69.2,-54.2,-57.7,0.011,-3.1000000000000014,0.5652238583965492,3.442472460220318,2.5328302528218947,1.253603473153398,4.0,4.0,4.0,12,4,0,1,1,-59.35,-64.3,-3.056,4.0,2
Marsabit,2022-12-01,2022-12,2,2023-02-01,2023-02,1.0,-69.5,-63.1,-64.3,18.366666666666667,21.433333333333334,29,-69.2,-54.2,-57.7,0.011,-3.1000000000000014,0.5652238583965492,3.442472460220318,2.5328302528218947,1.253603473153398,4.0,4.0,4.0,12,4,0,1,1,-59.35,-64.3,-3.056,4.0,2
Marsabit,2022-12-01,2022-12,3,2023-03-01,2023-03,1.0,-69.5,-63.1,-64.3,18.366666666666667,21.433333333333334,29,-69.2,-54.2,-57.7,0.011,-3.1000000000000014,0.5652238583965492,3.442472460220318,2.5328302528218947,1.253603473153398,4.0,4.0,4.0,12,4,0,1,1,-59.35,-64.3,-3.056,4.0,2
Marsabit,2023-01-01,2023-01,1,2023-02-01,2023-02,1.0,-65.9,-69.5,-63.1,14.9,22.333333333333332,30,-57.7,-69.2,-54.2,0.13,4.200000000000003,-6.152935956219494,-4.211956521739131,-6.238283988090263,0.6424021444230648,4.0,4.0,4.0,1,1,0,0,1,-63.1,-63.9,-4.289,4.0,2
Marsabit,2023-01-01,2023-01,2,2023-03-01,2023-03,1.0,-65.9,-69.5,-63.1,14.9,22.333333333333332,30,-57.7,-69.2,-54.2,0.13,4.200000000000003,-6.152935956219494,-4.211956521739131,-6.238283988090263,0.6424021444230648,4.0,4.0,4.0,1,1,0,0,1,-63.1,-63.9,-4.289,4.0,2
Marsabit,2023-01-01,2023-01,3,2023-04-01,2023-04,1.0,-65.9,-69.5,-63.1,14.9,22.333333333333332,30,-57.7,-69.2,-54.2,0.13,4.200000000000003,-6.152935956219494,-4.211956521739131,-6.238283988090263,0.6424021444230648,4.0,4.0,4.0,1,1,0,0,1,-63.1,-63.9,-4.289,4.0,2
Marsabit,2023-02-01,2023-02,1,2023-03-01,2023-03,1.0,-60.8,-65.9,-69.5,10.566666666666666,23.033333333333335,31,-50.0,-57.7,-69.2,0.0399999999999999,40.0,0.3782505910165484,-5.265506470325748,-4.862280663874135,0.6776637595421224,3.0,4.0,4.0,2,1,0,0,1,-55.25,-60.3,2.347,3.0,2
Marsabit,2023-02-01,2023-02,2,2023-04-01,2023-04,1.0,-60.8,-65.9,-69.5,10.566666666666666,23.033333333333335,31,-50.0,-57.7,-69.2,0.0399999999999999,40.0,0.3782505910165484,-5.265506470325748,-4.862280663874135,0.6776637595421224,3.0,4.0,4.0,2,1,0,0,1,-55.25,-60.3,2.347,3.0,2
Marsabit,2023-02-01,2023-02,3,2023-05-01,2023-05,1.0,-60.8,-65.9,-69.5,10.566666666666666,23.033333333333335,31,-50.0,-57.7,-69.2,0.0399999999999999,40.0,0.3782505910165484,-5.265506470325748,-4.862280663874135,0.6776637595421224,3.0,4.0,4.0,2,1,0,0,1,-55.25,-60.3,2.347,3.0,2
Marsabit,2023-03-01,2023-03,1,2023-04-01,2023-04,1.0,-31.0,-60.8,-65.9,16.266666666666666,34.63333333333333,32,-19.2,-50.0,-57.7,0.0249999999999999,15.400000000000006,2.87329251059821,-3.091258689542967,0.3512137706773508,0.9465335748249374,3.0,3.0,4.0,3,1,1,0,1,-30.75,-32.3,4.255,3.0,2
Marsabit,2023-03-01,2023-03,2,2023-05-01,2023-05,1.0,-31.0,-60.8,-65.9,16.266666666666666,34.63333333333333,32,-19.2,-50.0,-57.7,0.0249999999999999,15.400000000000006,2.87329251059821,-3.091258689542967,0.3512137706773508,0.9465335748249374,3.0,3.0,4.0,3,1,1,0,1,-30.75,-32.3,4.255,3.0,2
Marsabit,2023-03-01,2023-03,3,2023-06-01,2023-06,1.0,-31.0,-60.8,-65.9,16.266666666666666,34.63333333333333,32,-19.2,-50.0,-57.7,0.0249999999999999,15.400000000000006,2.87329251059821,-3.091258689542967,0.3512137706773508,0.9465335748249374,3.0,3.0,4.0,3,1,1,0,1,-30.75,-32.3,4.255,3.0,2
Marsabit,2023-04-01,2023-04,1,2023-05-01,2023-05,1.0,-39.3,-31.0,-60.8,32.666666666666664,47.56666666666666,33,-42.3,-19.2,-50.0,-0.0069999999999999,13.800000000000004,-8.028083028083028,-5.027580772261624,-9.239537294000755,0.1737165101322561,3.0,3.0,3.0,4,2,1,0,1,-35.65,-40.05,-3.74,3.0,2
Marsabit,2023-04-01,2023-04,2,2023-06-01,2023-06,1.0,-39.3,-31.0,-60.8,32.666666666666664,47.56666666666666,33,-42.3,-19.2,-50.0,-0.0069999999999999,13.800000000000004,-8.028083028083028,-5.027580772261624,-9.239537294000755,0.1737165101322561,3.0,3.0,3.0,4,2,1,0,1,-35.65,-40.05,-3.74,3.0,2
Marsabit,2023-04-01,2023-04,3,2023-07-01,2023-07,1.0,-39.3,-31.0,-60.8,32.666666666666664,47.56666666666666,33,-42.3,-19.2,-50.0,-0.0069999999999999,13.800000000000004,-8.028083028083028,-5.027580772261624,-9.239537294000755,0.1737165101322561,3.0,3.0,3.0,4,2,1,0,1,-35.65,-40.05,-3.74,3.0,2
Marsabit,2023-05-01,2023-05,1,2023-06-01,2023-06,1.0,-39.3,-39.3,-31.0,43.26666666666666,53.83333333333333,34,-40.4,-42.3,-19.2,0.017,47.300000000000004,7.965482907401261,2.151044119956037,-3.1144623503697115,0.8789488125134101,3.0,3.0,3.0,5,2,1,0,1,-42.5,-44.6,-1.279,3.0,2
Marsabit,2023-05-01,2023-05,2,2023-07-01,2023-07,1.0,-39.3,-39.3,-31.0,43.26666666666666,53.83333333333333,34,-40.4,-42.3,-19.2,0.017,47.300000000000004,7.965482907401261,2.151044119956037,-3.1144623503697115,0.8789488125134101,3.0,3.0,3.0,5,2,1,0,1,-42.5,-44.6,-1.279,3.0,2
Marsabit,2023-05-01,2023-05,3,2023-08-01,2023-08,1.0,-39.3,-39.3,-31.0,43.26666666666666,53.83333333333333,34,-40.4,-42.3,-19.2,0.017,47.300000000000004,7.965482907401261,2.151044119956037,-3.1144623503697115,0.8789488125134101,3.0,3.0,3.0,5,2,1,0,1,-42.5,-44.6,-1.279,3.0,2
Marsabit,2023-06-01,2023-06,1,2023-07-01,2023-07,1.0,-11.9,-39.3,-39.3,32.06666666666667,48.333333333333336,35,-21.9,-40.4,-42.3,0.002,21.900000000000006,1.5985244389794036,0.8852258852258852,-2.206032804317082,1.0317491446959934,3.0,3.0,3.0,6,2,0,0,1,-36.1,-40.2,-2.042,3.0,2
Marsabit,2023-06-01,2023-06,2,2023-08-01,2023-08,1.0,-11.9,-39.3,-39.3,32.06666666666667,48.333333333333336,35,-21.9,-40.4,-42.3,0.002,21.900000000000006,1.5985244389794036,0.8852258852258852,-2.206032804317082,1.0317491446959934,3.0,3.0,3.0,6,2,0,0,1,-36.1,-40.2,-2.042,3.0,2
Marsabit,2023-06-01,2023-06,3,2023-09-01,2023-09,1.0,-11.9,-39.3,-39.3,32.06666666666667,48.333333333333336,35,-21.9,-40.4,-42.3,0.002,21.900000000000006,1.5985244389794036,0.8852258852258852,-2.206032804317082,1.0317491446959934,3.0,3.0,3.0,6,2,0,0,1,-36.1,-40.2,-2.042,3.0,2
Marsabit,2023-07-01,2023-07,1,2023-08-01,2023-08,1.0,-40.9,-11.9,-39.3,15.533333333333331,48.199999999999996,36,-35.8,-21.9,-40.4,-0.054,10.399999999999999,-3.630862329803328,5.708596083637571,0.6810153113759467,0.6791329935054164,3.0,3.0,3.0,7,3,0,0,1,-28.55,-34.7,0.706,3.0,2
Marsabit,2023-07-01,2023-07,2,2023-09-01,2023-09,1.0,-40.9,-11.9,-39.3,15.533333333333331,48.199999999999996,36,-35.8,-21.9,-40.4,-0.054,10.399999999999999,-3.630862329803328,5.708596083637571,0.6810153113759467,0.6791329935054164,3.0,3.0,3.0,7,3,0,0,1,-28.55,-34.7,0.706,3.0,2
Marsabit,2023-07-01,2023-07,3,2023-10-01,2023-10,1.0,-40.9,-11.9,-39.3,15.533333333333331,48.199999999999996,36,-35.8,-21.9,-40.4,-0.054,10.399999999999999,-3.630862329803328,5.708596083637571,0.6810153113759467,0.6791329935054164,3.0,3.0,3.0,7,3,0,0,1,-28.55,-34.7,0.706,3.0,2
Marsabit,2023-08-01,2023-08,1,2023-09-01,2023-09,1.0,-48.8,-40.9,-11.9,5.333333333333333,48.599999999999994,37,-39.6,-35.8,-21.9,0.0269999999999999,-23.500000000000004,-1.7896389324960755,-3.84260682446972,-1.6915627045136832,0.5116403216898925,3.0,3.0,3.0,8,3,0,0,1,-24.95,-19.9,3.119,3.0,2
Marsabit,2023-08-01,2023-08,2,2023-10-01,2023-10,1.0,-48.8,-40.9,-11.9,5.333333333333333,48.599999999999994,37,-39.6,-35.8,-21.9,0.0269999999999999,-23.500000000000004,-1.7896389324960755,-3.84260682446972,-1.6915627045136832,0.5116403216898925,3.0,3.0,3.0,8,3,0,0,1,-24.95,-19.9,3.119,3.0,2
Marsabit,2023-08-01,2023-08,3,2023-11-01,2023-11,1.0,-48.8,-40.9,-11.9,5.333333333333333,48.599999999999994,37,-39.6,-35.8,-21.9,0.0269999999999999,-23.500000000000004,-1.7896389324960755,-3.84260682446972,-1.6915627045136832,0.5116403216898925,3.0,3.0,3.0,8,3,0,0,1,-24.95,-19.9,3.119,3.0,2
Marsabit,2023-09-01,2023-09,1,2023-10-01,2023-10,1.0,-35.7,-48.8,-40.9,5.966666666666666,38.03333333333334,38,-42.7,-39.6,-35.8,0.064,16.9,-0.5115089514066496,-5.83963691376702,-4.954411028541134,0.4646248348644822,3.0,3.0,3.0,9,3,0,0,1,-22.7,-28.1,-8.479,3.0,2
Marsabit,2023-09-01,2023-09,2,2023-11-01,2023-11,1.0,-35.7,-48.8,-40.9,5.966666666666666,38.03333333333334,38,-42.7,-39.6,-35.8,0.064,16.9,-0.5115089514066496,-5.83963691376702,-4.954411028541134,0.4646248348644822,3.0,3.0,3.0,9,3,0,0,1,-22.7,-28.1,-8.479,3.0,2
Marsabit,2023-09-01,2023-09,3,2023-12-01,2023-12,1.0,-35.7,-48.8,-40.9,5.966666666666666,38.03333333333334,38,-42.7,-39.6,-35.8,0.064,16.9,-0.5115089514066496,-5.83963691376702,-4.954411028541134,0.4646248348644822,3.0,3.0,3.0,9,3,0,0,1,-22.7,-28.1,-8.479,3.0,2
Marsabit,2023-10-01,2023-10,1,2023-11-01,2023-11,1.0,-25.0,-35.7,-48.8,26.866666666666664,42.39999999999999,39,-25.4,-42.7,-39.6,0.2029999999999999,25.4,-7.567480719794345,-9.68602825745683,-3.977432173819259,-0.2273843618470251,3.0,3.0,3.0,10,4,0,1,1,-34.35,-40.55,-2.049,3.0,2
Marsabit,2023-10-01,2023-10,2,2023-12-01,2023-12,1.0,-25.0,-35.7,-48.8,26.866666666666664,42.39999999999999,39,-25.4,-42.7,-39.6,0.2029999999999999,25.4,-7.567480719794345,-9.68602825745683,-3.977432173819259,-0.2273843618470251,3.0,3.0,3.0,10,4,0,1,1,-34.35,-40.55,-2.049,3.0,2
Marsabit,2023-10-01,2023-10,3,2024-01-01,2024-01,1.0,-25.0,-35.7,-48.8,26.866666666666664,42.39999999999999,39,-25.4,-42.7,-39.6,0.2029999999999999,25.4,-7.567480719794345,-9.68602825745683,-3.977432173819259,-0.2273843618470251,3.0,3.0,3.0,10,4,0,1,1,-34.35,-40.55,-2.049,3.0,2
Marsabit,2023-11-01,2023-11,1,2023-12-01,2023-12,1.0,-26.2,-25.0,-35.7,58.79999999999999,64.13333333333333,0,-15.0,-25.4,-42.7,0.305,57.3,0.2954980010429341,-7.768542199488492,-11.611149023958212,-0.2024073844710259,3.0,3.0,3.0,11,4,0,1,1,-10.5,-5.3,-0.954,3.0,2
Marsabit,2023-11-01,2023-11,2,2024-01-01,2024-01,1.0,-26.2,-25.0,-35.7,58.79999999999999,64.13333333333333,0,-15.0,-25.4,-42.7,0.305,57.3,0.2954980010429341,-7.768542199488492,-11.611149023958212,-0.2024073844710259,3.0,3.0,3.0,11,4,0,1,1,-10.5,-5.3,-0.954,3.0,2
Marsabit,2023-11-01,2023-11,3,2024-02-01,2024-02,1.0,-26.2,-25.0,-35.7,58.79999999999999,64.13333333333333,0,-15.0,-25.4,-42.7,0.305,57.3,0.2954980010429341,-7.768542199488492,-11.611149023958212,-0.2024073844710259,3.0,3.0,3.0,11,4,0,1,1,-10.5,-5.3,-0.954,3.0,2
Marsabit,2023-12-01,2023-12,1,2024-01-01,2024-01,1.0,28.4,-26.2,-25.0,87.43333333333332,93.39999999999999,0,35.4,-15.0,-25.4,0.262,127.7,3.050259965337955,-4.466580976863753,-10.306217890630773,0.0561777930687305,3.0,3.0,3.0,12,4,0,1,1,61.2,56.45,-0.249,3.0,2
Marsabit,2023-12-01,2023-12,2,2024-02-01,2024-02,1.0,28.4,-26.2,-25.0,87.43333333333332,93.39999999999999,0,35.4,-15.0,-25.4,0.262,127.7,3.050259965337955,-4.466580976863753,-10.306217890630773,0.0561777930687305,3.0,3.0,3.0,12,4,0,1,1,61.2,56.45,-0.249,3.0,2
Marsabit,2023-12-01,2023-12,3,2024-03-01,2024-03,1.0,28.4,-26.2,-25.0,87.43333333333332,93.39999999999999,0,35.4,-15.0,-25.4,0.262,127.7,3.050259965337955,-4.466580976863753,-10.306217890630773,0.0561777930687305,3.0,3.0,3.0,12,4,0,1,1,61.2,56.45,-0.249,3.0,2
Marsabit,2024-01-01,2024-01,1,2024-02-01,2024-02,1.0,92.5,28.4,-26.2,68.26666666666667,95.13333333333333,0,91.9,35.4,-15.0,-0.0229999999999999,125.4,2.3545240497813658,5.788284373370416,-3.897743884086413,0.2618705479299004,3.0,3.0,3.0,1,1,0,0,1,67.9,70.85,4.624,3.0,2
Marsabit,2024-01-01,2024-01,2,2024-03-01,2024-03,1.0,92.5,28.4,-26.2,68.26666666666667,95.13333333333333,0,91.9,35.4,-15.0,-0.0229999999999999,125.4,2.3545240497813658,5.788284373370416,-3.897743884086413,0.2618705479299004,3.0,3.0,3.0,1,1,0,0,1,67.9,70.85,4.624,3.0,2
Marsabit,2024-01-01,2024-01,3,2024-04-01,2024-04,1.0,92.5,28.4,-26.2,68.26666666666667,95.13333333333333,0,91.9,35.4,-15.0,-0.0229999999999999,125.4,2.3545240497813658,5.788284373370416,-3.897743884086413,0.2618705479299004,3.0,3.0,3.0,1,1,0,0,1,67.9,70.85,4.624,3.0,2
Marsabit,2024-02-01,2024-02,1,2024-03-01,2024-03,1.0,73.6,92.5,28.4,37.3,96.1,0,85.8,91.9,35.4,-0.209,69.2,-1.4459415050936577,3.9514731369150775,-3.817069062573414,0.1325779591600222,3.0,3.0,3.0,2,1,0,0,1,62.9,57.8,0.289,2.5,1
Marsabit,2024-02-01,2024-02,2,2024-04-01,2024-04,1.0,73.6,92.5,28.4,37.3,96.1,0,85.8,91.9,35.4,-0.209,69.2,-1.4459415050936577,3.9514731369150775,-3.817069062573414,0.1325779591600222,3.0,3.0,3.0,2,1,0,0,1,62.9,57.8,0.289,2.5,1
Marsabit,2024-02-01,2024-02,3,2024-05-01,2024-05,1.0,73.6,92.5,28.4,37.3,96.1,0,85.8,91.9,35.4,-0.209,69.2,-1.4459415050936577,3.9514731369150775,-3.817069062573414,0.1325779591600222,3.0,3.0,3.0,2,1,0,0,1,62.9,57.8,0.289,2.5,1
Marsabit,2024-03-01,2024-03,1,2024-04-01,2024-04,1.0,26.2,73.6,92.5,33.833333333333336,121.26666666666665,0,26.5,85.8,91.9,-0.1619999999999999,36.9,-2.0840280093364454,-1.227716111671712,-5.694297088535465,-0.0510762862517366,3.0,3.0,3.0,3,1,1,0,1,22.6,24.25,0.275,2.5,1
Marsabit,2024-03-01,2024-03,2,2024-05-01,2024-05,1.0,26.2,73.6,92.5,33.833333333333336,121.26666666666665,0,26.5,85.8,91.9,-0.1619999999999999,36.9,-2.0840280093364454,-1.227716111671712,-5.694297088535465,-0.0510762862517366,3.0,3.0,3.0,3,1,1,0,1,22.6,24.25,0.275,2.5,1
Marsabit,2024-03-01,2024-03,3,2024-06-01,2024-06,1.0,26.2,73.6,92.5,33.833333333333336,121.26666666666665,0,26.5,85.8,91.9,-0.1619999999999999,36.9,-2.0840280093364454,-1.227716111671712,-5.694297088535465,-0.0510762862517366,3.0,3.0,3.0,3,1,1,0,1,22.6,24.25,0.275,2.5,1
Marsabit,2024-04-01,2024-04,1,2024-05-01,2024-05,1.0,9.5,26.2,73.6,48.20000000000001,116.46666666666667,0,11.5,26.5,85.8,-0.126,38.5,1.5324365741529031,-2.021031876437726,3.76725249693269,0.0811547704447297,3.0,3.0,3.0,4,2,1,0,1,11.7,8.65,0.101,2.5,1
Marsabit,2024-04-01,2024-04,2,2024-06-01,2024-06,1.0,9.5,26.2,73.6,48.20000000000001,116.46666666666667,0,11.5,26.5,85.8,-0.126,38.5,1.5324365741529031,-2.021031876437726,3.76725249693269,0.0811547704447297,3.0,3.0,3.0,4,2,1,0,1,11.7,8.65,0.101,2.5,1
Marsabit,2024-04-01,2024-04,3,2024-07-01,2024-07,0.0,9.5,26.2,73.6,48.20000000000001,116.46666666666667,0,11.5,26.5,85.8,-0.126,38.5,1.5324365741529031,-2.021031876437726,3.76725249693269,0.0811547704447297,3.0,3.0,3.0,4,2,1,0,1,11.7,8.65,0.101,2.5,1
Marsabit,2024-05-01,2024-05,1,2024-06-01,2024-06,1.0,30.9,9.5,26.2,70.0,107.3,1,23.5,11.5,26.5,0.0579999999999999,-57.3,2.096260271675331,1.5005001667222408,5.451973303637319,0.2648090158564886,3.0,3.0,3.0,5,2,1,0,1,67.25,69.9,1.318,2.5,1
Marsabit,2024-05-01,2024-05,2,2024-07-01,2024-07,0.0,30.9,9.5,26.2,70.0,107.3,1,23.5,11.5,26.5,0.0579999999999999,-57.3,2.096260271675331,1.5005001667222408,5.451973303637319,0.2648090158564886,3.0,3.0,3.0,5,2,1,0,1,67.25,69.9,1.318,2.5,1
Marsabit,2024-05-01,2024-05,3,2024-08-01,2024-08,0.0,30.9,9.5,26.2,70.0,107.3,1,23.5,11.5,26.5,0.0579999999999999,-57.3,2.096260271675331,1.5005001667222408,5.451973303637319,0.2648090158564886,3.0,3.0,3.0,5,2,1,0,1,67.25,69.9,1.318,2.5,1
Marsabit,2024-06-01,2024-06,1,2024-07-01,2024-07,0.0,-13.9,30.9,9.5,45.76666666666667,79.60000000000001,0,-21.9,23.5,11.5,-0.036,-58.10000000000001,-1.9875164257555848,1.6005448663374766,0.3728287546657647,0.087031706297906,3.0,3.0,3.0,6,2,0,0,1,40.65,59.3,0.628,2.5,1
Marsabit,2024-06-01,2024-06,2,2024-08-01,2024-08,0.0,-13.9,30.9,9.5,45.76666666666667,79.60000000000001,0,-21.9,23.5,11.5,-0.036,-58.10000000000001,-1.9875164257555848,1.6005448663374766,0.3728287546657647,0.087031706297906,3.0,3.0,3.0,6,2,0,0,1,40.65,59.3,0.628,2.5,1
Marsabit,2024-06-01,2024-06,3,2024-09-01,2024-09,0.0,-13.9,30.9,9.5,45.76666666666667,79.60000000000001,0,-21.9,23.5,11.5,-0.036,-58.10000000000001,-1.9875164257555848,1.6005448663374766,0.3728287546657647,0.087031706297906,3.0,3.0,3.0,6,2,0,0,1,40.65,59.3,0.628,2.5,1
Marsabit,2024-07-01,2024-07,1,2024-08-01,2024-08,0.0,19.6,-13.9,30.9,31.23333333333333,79.43333333333334,0,33.8,-21.9,23.5,0.1109999999999999,-76.2,1.3909837439249204,1.4589971490860305,-0.5620347273516957,0.2089781252513138,3.0,3.0,3.0,7,3,0,0,1,33.3,36.1,-1.364,2.5,1
Marsabit,2024-07-01,2024-07,2,2024-09-01,2024-09,0.0,19.6,-13.9,30.9,31.23333333333333,79.43333333333334,0,33.8,-21.9,23.5,0.1109999999999999,-76.2,1.3909837439249204,1.4589971490860305,-0.5620347273516957,0.2089781252513138,3.0,3.0,3.0,7,3,0,0,1,33.3,36.1,-1.364,2.5,1
Marsabit,2024-07-01,2024-07,3,2024-10-01,2024-10,0.0,19.6,-13.9,30.9,31.23333333333333,79.43333333333334,0,33.8,-21.9,23.5,0.1109999999999999,-76.2,1.3909837439249204,1.4589971490860305,-0.5620347273516957,0.2089781252513138,3.0,3.0,3.0,7,3,0,0,1,33.3,36.1,-1.364,2.5,1
Marsabit,2024-08-01,2024-08,1,2024-09-01,2024-09,0.0,7.1,19.6,-13.9,9.7,79.7,0,9.6,33.8,-21.9,-0.0189999999999999,-5.699999999999999,-2.3305785123966944,-2.940210249671485,-1.439710082949244,0.0018161364268499,2.0,3.0,3.0,8,3,0,0,1,11.1,14.8,-1.731,2.0,0
Marsabit,2024-08-01,2024-08,2,2024-10-01,2024-10,0.0,7.1,19.6,-13.9,9.7,79.7,0,9.6,33.8,-21.9,-0.0189999999999999,-5.699999999999999,-2.3305785123966944,-2.940210249671485,-1.439710082949244,0.0018161364268499,2.0,3.0,3.0,8,3,0,0,1,11.1,14.8,-1.731,2.0,0
Marsabit,2024-08-01,2024-08,3,2024-11-01,2024-11,0.0,7.1,19.6,-13.9,9.7,79.7,0,9.6,33.8,-21.9,-0.0189999999999999,-5.699999999999999,-2.3305785123966944,-2.940210249671485,-1.439710082949244,0.0018161364268499,2.0,3.0,3.0,8,3,0,0,1,11.1,14.8,-1.731,2.0,0
Marsabit,2024-09-01,2024-09,1,2024-10-01,2024-10,0.0,20.2,7.1,19.6,10.2,55.96666666666667,0,20.8,9.6,33.8,0.089,15.0,1.844643763750212,0.8547008547008548,2.4552457210383314,0.1619626384259036,2.0,2.0,3.0,9,3,0,0,1,24.75,23.1,0.452,2.0,0
Marsabit,2024-09-01,2024-09,2,2024-11-01,2024-11,0.0,20.2,7.1,19.6,10.2,55.96666666666667,0,20.8,9.6,33.8,0.089,15.0,1.844643763750212,0.8547008547008548,2.4552457210383314,0.1619626384259036,2.0,2.0,3.0,9,3,0,0,1,24.75,23.1,0.452,2.0,0
Marsabit,2024-09-01,2024-09,3,2024-12-01,2024-12,0.0,20.2,7.1,19.6,10.2,55.96666666666667,0,20.8,9.6,33.8,0.089,15.0,1.844643763750212,0.8547008547008548,2.4552457210383314,0.1619626384259036,2.0,2.0,3.0,9,3,0,0,1,24.75,23.1,0.452,2.0,0
Marsabit,2024-10-01,2024-10,1,2024-11-01,2024-11,0.0,19.0,20.2,7.1,33.7,64.93333333333334,0,26.5,20.8,9.6,0.078,20.299999999999997,0.4652708541043536,-0.0661157024793388,1.3928814466066917,0.2031011893981376,2.0,2.0,2.0,10,4,0,1,1,9.35,14.05,1.329,2.0,0
Marsabit,2024-10-01,2024-10,2,2024-12-01,2024-12,0.0,19.0,20.2,7.1,33.7,64.93333333333334,0,26.5,20.8,9.6,0.078,20.299999999999997,0.4652708541043536,-0.0661157024793388,1.3928814466066917,0.2031011893981376,2.0,2.0,2.0,10,4,0,1,1,9.35,14.05,1.329,2.0,0
Marsabit,2024-10-01,2024-10,3,2025-01-01,2025-01,,19.0,20.2,7.1,33.7,64.93333333333334,0,26.5,20.8,9.6,0.078,20.299999999999997,0.4652708541043536,-0.0661157024793388,1.3928814466066917,0.2031011893981376,2.0,2.0,2.0,10,4,0,1,1,9.35,14.05,1.329,2.0,0
Marsabit,2024-11-01,2024-11,1,2024-12-01,2024-12,0.0,25.0,19.0,20.2,52.26666666666667,61.96666666666667,0,43.8,26.5,20.8,-0.013,72.69999999999999,-1.7863049950380416,0.4907767811812489,-2.449433468490236,0.0444239213623779,2.0,2.0,2.0,11,4,0,1,1,19.95,15.4,-1.259,2.0,0
Marsabit,2024-11-01,2024-11,2,2025-01-01,2025-01,,25.0,19.0,20.2,52.26666666666667,61.96666666666667,0,43.8,26.5,20.8,-0.013,72.69999999999999,-1.7863049950380416,0.4907767811812489,-2.449433468490236,0.0444239213623779,2.0,2.0,2.0,11,4,0,1,1,19.95,15.4,-1.259,2.0,0
Marsabit,2024-11-01,2024-11,3,2025-02-01,2025-02,,25.0,19.0,20.2,52.26666666666667,61.96666666666667,0,43.8,26.5,20.8,-0.013,72.69999999999999,-1.7863049950380416,0.4907767811812489,-2.449433468490236,0.0444239213623779,2.0,2.0,2.0,11,4,0,1,1,19.95,15.4,-1.259,2.0,0
Marsabit,2024-12-01,2024-12,1,2025-01-01,2025-01,,52.0,25.0,19.0,72.3,82.5,0,50.8,43.8,26.5,-0.0479999999999999,-12.299999999999997,1.9366790165038732,0.581588567630442,1.4362894223312968,0.213385827141196,2.0,2.0,2.0,12,4,0,1,1,25.45,23.3,1.958,2.0,0
Marsabit,2024-12-01,2024-12,2,2025-02-01,2025-02,,52.0,25.0,19.0,72.3,82.5,0,50.8,43.8,26.5,-0.0479999999999999,-12.299999999999997,1.9366790165038732,0.581588567630442,1.4362894223312968,0.213385827141196,2.0,2.0,2.0,12,4,0,1,1,25.45,23.3,1.958,2.0,0
Marsabit,2024-12-01,2024-12,3,2025-03-01,2025-03,,52.0,25.0,19.0,72.3,82.5,0,50.8,43.8,26.5,-0.0479999999999999,-12.299999999999997,1.9366790165038732,0.581588567630442,1.4362894223312968,0.213385827141196,2.0,2.0,2.0,12,4,0,1,1,25.45,23.3,1.958,2.0,0
Turkana,2019-01-01,2019-01,1,2019-02-01,2019-02,0.0,,,,9.0,,0,,,,,,,,,-1.6224418815094035,,,,1,1,0,0,1,0.0,0.0,0.0,2.0,0
Turkana,2019-01-01,2019-01,2,2019-03-01,2019-03,0.0,,,,9.0,,0,,,,,,,,,-1.6224418815094035,,,,1,1,0,0,1,0.0,0.0,0.0,2.0,0
Turkana,2019-01-01,2019-01,3,2019-04-01,2019-04,0.0,,,,9.0,,0,,,,,,,,,-1.6224418815094035,,,,1,1,0,0,1,0.0,0.0,0.0,2.0,0
Turkana,2019-02-01,2019-02,1,2019-03-01,2019-03,0.0,,,,9.45,,0,,,,,,3.901393354769561,,,-1.3573486344358472,2.0,,,2,1,0,0,1,0.0,0.0,1.695,2.0,0
Turkana,2019-02-01,2019-02,2,2019-04-01,2019-04,0.0,,,,9.45,,0,,,,,,3.901393354769561,,,-1.3573486344358472,2.0,,,2,1,0,0,1,0.0,0.0,1.695,2.0,0
Turkana,2019-02-01,2019-02,3,2019-05-01,2019-05,0.0,,,,9.45,,0,,,,,,3.901393354769561,,,-1.3573486344358472,2.0,,,2,1,0,0,1,0.0,0.0,1.695,2.0,0
Turkana,2019-03-01,2019-03,1,2019-04-01,2019-04,0.0,16.9,,,33.7,,0,25.8,,,,,-1.5473488755931504,,,-1.4665903571309942,2.0,2.0,,3,1,1,0,1,66.7,66.9,1.077,2.0,0
Turkana,2019-03-01,2019-03,2,2019-05-01,2019-05,0.0,16.9,,,33.7,,0,25.8,,,,,-1.5473488755931504,,,-1.4665903571309942,2.0,2.0,,3,1,1,0,1,66.7,66.9,1.077,2.0,0
Turkana,2019-03-01,2019-03,3,2019-06-01,2019-06,0.0,16.9,,,33.7,,0,25.8,,,,,-1.5473488755931504,,,-1.4665903571309942,2.0,2.0,,3,1,1,0,1,66.7,66.9,1.077,2.0,0
Turkana,2019-04-01,2019-04,1,2019-05-01,2019-05,0.0,28.6,16.9,,53.73333333333333,62.73333333333333,0,31.3,25.8,,0.019,,0.2724224643755238,2.572347266881029,,-1.4476551251971688,2.0,2.0,2.0,4,2,1,0,1,11.9,20.8,-2.252,2.0,0
Turkana,2019-04-01,2019-04,2,2019-06-01,2019-06,0.0,28.6,16.9,,53.73333333333333,62.73333333333333,0,31.3,25.8,,0.019,,0.2724224643755238,2.572347266881029,,-1.4476551251971688,2.0,2.0,2.0,4,2,1,0,1,11.9,20.8,-2.252,2.0,0
Turkana,2019-04-01,2019-04,3,2019-07-01,2019-07,0.0,28.6,16.9,,53.73333333333333,62.73333333333333,0,31.3,25.8,,0.019,,0.2724224643755238,2.572347266881029,,-1.4476551251971688,2.0,2.0,2.0,4,2,1,0,1,11.9,20.8,-2.252,2.0,0
Turkana,2019-05-01,2019-05,1,2019-06-01,2019-06,0.0,49.5,28.6,16.9,70.43333333333334,79.88333333333334,0,58.3,31.3,25.8,-0.075,,-1.233019853709509,-2.4963895192902825,,-1.5335919470506842,2.0,2.0,2.0,5,2,1,0,1,44.7,29.6,0.309,2.0,0
Turkana,2019-05-01,2019-05,2,2019-07-01,2019-07,0.0,49.5,28.6,16.9,70.43333333333334,79.88333333333334,0,58.3,31.3,25.8,-0.075,,-1.233019853709509,-2.4963895192902825,,-1.5335919470506842,2.0,2.0,2.0,5,2,1,0,1,44.7,29.6,0.309,2.0,0
Turkana,2019-05-01,2019-05,3,2019-08-01,2019-08,0.0,49.5,28.6,16.9,70.43333333333334,79.88333333333334,0,58.3,31.3,25.8,-0.075,,-1.233019853709509,-2.4963895192902825,,-1.5335919470506842,2.0,2.0,2.0,5,2,1,0,1,44.7,29.6,0.309,2.0,0
Turkana,2019-06-01,2019-06,1,2019-07-01,2019-07,0.0,25.6,49.5,28.6,46.76666666666667,80.46666666666667,0,33.8,58.3,31.3,-0.023,,2.7295810410495136,1.7393126571668065,,-1.3456961840150317,2.0,2.0,2.0,6,2,0,0,1,44.2,33.8,0.718,2.0,0
Turkana,2019-06-01,2019-06,2,2019-08-01,2019-08,0.0,25.6,49.5,28.6,46.76666666666667,80.46666666666667,0,33.8,58.3,31.3,-0.023,,2.7295810410495136,1.7393126571668065,,-1.3456961840150317,2.0,2.0,2.0,6,2,0,0,1,44.2,33.8,0.718,2.0,0
Turkana,2019-06-01,2019-06,3,2019-09-01,2019-09,0.0,25.6,49.5,28.6,46.76666666666667,80.46666666666667,0,33.8,58.3,31.3,-0.023,,2.7295810410495136,1.7393126571668065,,-1.3456961840150317,2.0,2.0,2.0,6,2,0,0,1,44.2,33.8,0.718,2.0,0
Turkana,2019-07-01,2019-07,1,2019-08-01,2019-08,0.0,9.1,25.6,49.5,26.96666666666667,80.69999999999999,0,0.0,33.8,58.3,-0.013,,-0.1029866117404737,1.3584117032392893,3.9307589701203183,-1.3529789655280413,2.0,2.0,2.0,7,3,0,0,1,40.4,39.2,-0.631,2.0,0
Turkana,2019-07-01,2019-07,2,2019-09-01,2019-09,0.0,9.1,25.6,49.5,26.96666666666667,80.69999999999999,0,0.0,33.8,58.3,-0.013,,-0.1029866117404737,1.3584117032392893,3.9307589701203183,-1.3529789655280413,2.0,2.0,2.0,7,3,0,0,1,40.4,39.2,-0.631,2.0,0
Turkana,2019-07-01,2019-07,3,2019-10-01,2019-10,0.0,9.1,25.6,49.5,26.96666666666667,80.69999999999999,0,0.0,33.8,58.3,-0.013,,-0.1029866117404737,1.3584117032392893,3.9307589701203183,-1.3529789655280413,2.0,2.0,2.0,7,3,0,0,1,40.4,39.2,-0.631,2.0,0
Turkana,2019-08-01,2019-08,1,2019-09-01,2019-09,0.0,45.5,9.1,25.6,10.266666666666666,80.7,0,48.8,0.0,33.8,0.081,2.5,-2.1237113402061856,0.4443504020313161,-2.0520391172589663,-1.503004264696043,2.0,2.0,2.0,8,3,0,0,1,33.3,30.0,-0.225,2.0,0
Turkana,2019-08-01,2019-08,2,2019-10-01,2019-10,0.0,45.5,9.1,25.6,10.266666666666666,80.7,0,48.8,0.0,33.8,0.081,2.5,-2.1237113402061856,0.4443504020313161,-2.0520391172589663,-1.503004264696043,2.0,2.0,2.0,8,3,0,0,1,33.3,30.0,-0.225,2.0,0
Turkana,2019-08-01,2019-08,3,2019-11-01,2019-11,0.0,45.5,9.1,25.6,10.266666666666666,80.7,0,48.8,0.0,33.8,0.081,2.5,-2.1237113402061856,0.4443504020313161,-2.0520391172589663,-1.503004264696043,2.0,2.0,2.0,8,3,0,0,1,33.3,30.0,-0.225,2.0,0
Turkana,2019-09-01,2019-09,1,2019-10-01,2019-10,0.0,26.0,45.5,9.1,9.8,56.56666666666668,0,28.3,48.8,0.0,-0.0559999999999999,2.4999999999999964,-0.9058352643775016,-3.110195674562307,-1.3708830173955004,-1.5656361857079273,2.0,2.0,2.0,9,3,0,0,1,64.3,41.9,3.45,2.0,0
Turkana,2019-09-01,2019-09,2,2019-11-01,2019-11,0.0,26.0,45.5,9.1,9.8,56.56666666666668,0,28.3,48.8,0.0,-0.0559999999999999,2.4999999999999964,-0.9058352643775016,-3.110195674562307,-1.3708830173955004,-1.5656361857079273,2.0,2.0,2.0,9,3,0,0,1,64.3,41.9,3.45,2.0,0
Turkana,2019-09-01,2019-09,3,2019-12-01,2019-12,0.0,26.0,45.5,9.1,9.8,56.56666666666668,0,28.3,48.8,0.0,-0.0559999999999999,2.4999999999999964,-0.9058352643775016,-3.110195674562307,-1.3708830173955004,-1.5656361857079273,2.0,2.0,2.0,9,3,0,0,1,64.3,41.9,3.45,2.0,0
Turkana,2019-10-01,2019-10,1,2019-11-01,2019-11,0.0,28.6,26.0,45.5,29.133333333333336,56.10000000000001,0,33.8,28.3,48.8,0.035,-32.9,2.0620748299319724,-1.0103092783505154,0.34810242488877385,-1.4243502243555373,2.0,2.0,2.0,10,4,0,1,1,38.1,38.8,-3.255,2.0,0
Turkana,2019-10-01,2019-10,2,2019-12-01,2019-12,0.0,28.6,26.0,45.5,29.133333333333336,56.10000000000001,0,33.8,28.3,48.8,0.035,-32.9,2.0620748299319724,-1.0103092783505154,0.34810242488877385,-1.4243502243555373,2.0,2.0,2.0,10,4,0,1,1,38.1,38.8,-3.255,2.0,0
Turkana,2019-10-01,2019-10,3,2020-01-01,2020-01,0.0,28.6,26.0,45.5,29.133333333333336,56.10000000000001,0,33.8,28.3,48.8,0.035,-32.9,2.0620748299319724,-1.0103092783505154,0.34810242488877385,-1.4243502243555373,2.0,2.0,2.0,10,4,0,1,1,38.1,38.8,-3.255,2.0,0
Turkana,2019-11-01,2019-11,1,2019-12-01,2019-12,0.0,27.3,28.6,26.0,48.4,58.666666666666664,0,25.4,33.8,28.3,0.0399999999999999,9.100000000000001,1.0831076858987712,2.232989256372446,2.677339658403762,-1.3486092966202354,2.0,2.0,2.0,11,4,0,1,1,0.0,2.7,-0.021,2.0,0
Turkana,2019-11-01,2019-11,2,2020-01-01,2020-01,0.0,27.3,28.6,26.0,48.4,58.666666666666664,0,25.4,33.8,28.3,0.0399999999999999,9.100000000000001,1.0831076858987712,2.232989256372446,2.677339658403762,-1.3486092966202354,2.0,2.0,2.0,11,4,0,1,1,0.0,2.7,-0.021,2.0,0
Turkana,2019-11-01,2019-11,3,2020-02-01,2020-02,0.0,27.3,28.6,26.0,48.4,58.666666666666664,0,25.4,33.8,28.3,0.0399999999999999,9.100000000000001,1.0831076858987712,2.232989256372446,2.677339658403762,-1.3486092966202354,2.0,2.0,2.0,11,4,0,1,1,0.0,2.7,-0.021,2.0,0
Turkana,2019-12-01,2019-12,1,2020-01-01,2020-01,0.0,44.8,27.3,28.6,65.86666666666667,75.66666666666667,0,42.9,25.4,33.8,0.013,50.4,-1.2157428394807337,1.913265306122449,-1.196930368439858,-1.4345461184737511,2.0,2.0,2.0,12,4,0,1,1,3.9,10.4,3.407,2.0,0
Turkana,2019-12-01,2019-12,2,2020-02-01,2020-02,0.0,44.8,27.3,28.6,65.86666666666667,75.66666666666667,0,42.9,25.4,33.8,0.013,50.4,-1.2157428394807337,1.913265306122449,-1.196930368439858,-1.4345461184737511,2.0,2.0,2.0,12,4,0,1,1,3.9,10.4,3.407,2.0,0
Turkana,2019-12-01,2019-12,3,2020-03-01,2020-03,0.0,44.8,27.3,28.6,65.86666666666667,75.66666666666667,0,42.9,25.4,33.8,0.013,50.4,-1.2157428394807337,1.913265306122449,-1.196930368439858,-1.4345461184737511,2.0,2.0,2.0,12,4,0,1,1,3.9,10.4,3.407,2.0,0
Turkana,2020-01-01,2020-01,1,2020-02-01,2020-02,0.0,44.8,44.8,27.3,45.03333333333333,74.16666666666667,0,50.4,42.9,25.4,-0.213,-17.999999999999996,2.503128911138924,2.353676317433868,1.3433670390833528,-1.259759362161516,2.0,2.0,2.0,1,1,0,0,1,33.7,24.2,4.386,2.0,0
Turkana,2020-01-01,2020-01,2,2020-03-01,2020-03,0.0,44.8,44.8,27.3,45.03333333333333,74.16666666666667,0,50.4,42.9,25.4,-0.213,-17.999999999999996,2.503128911138924,2.353676317433868,1.3433670390833528,-1.259759362161516,2.0,2.0,2.0,1,1,0,0,1,33.7,24.2,4.386,2.0,0
Turkana,2020-01-01,2020-01,3,2020-04-01,2020-04,0.0,44.8,44.8,27.3,45.03333333333333,74.16666666666667,0,50.4,42.9,25.4,-0.213,-17.999999999999996,2.503128911138924,2.353676317433868,1.3433670390833528,-1.259759362161516,2.0,2.0,2.0,1,1,0,0,1,33.7,24.2,4.386,2.0,0
Turkana,2020-02-01,2020-02,1,2020-03-01,2020-03,0.0,33.0,44.8,44.8,24.433333333333334,72.83333333333333,1,30.8,50.4,42.9,-0.172,-74.1,0.6919006919006919,1.957552029672368,4.190541286044814,-1.2102364478730494,2.0,2.0,2.0,2,1,0,0,1,61.4,63.5,-3.118,2.0,0
Turkana,2020-02-01,2020-02,2,2020-04-01,2020-04,0.0,33.0,44.8,44.8,24.433333333333334,72.83333333333333,1,30.8,50.4,42.9,-0.172,-74.1,0.6919006919006919,1.957552029672368,4.190541286044814,-1.2102364478730494,2.0,2.0,2.0,2,1,0,0,1,61.4,63.5,-3.118,2.0,0
Turkana,2020-02-01,2020-02,3,2020-05-01,2020-05,0.0,33.0,44.8,44.8,24.433333333333334,72.83333333333333,1,30.8,50.4,42.9,-0.172,-74.1,0.6919006919006919,1.957552029672368,4.190541286044814,-1.2102364478730494,2.0,2.0,2.0,2,1,0,0,1,61.4,63.5,-3.118,2.0,0
Turkana,2020-03-01,2020-03,1,2020-04-01,2020-04,0.0,-32.5,33.0,44.8,19.26666666666667,85.13333333333334,2,-45.8,30.8,50.4,-0.086,-55.0,0.8690379951495554,4.1093032957864,6.02256860190885,-1.1476045268611652,2.0,2.0,2.0,3,1,1,0,1,6.0,9.2,2.021,2.0,0
Turkana,2020-03-01,2020-03,2,2020-05-01,2020-05,0.0,-32.5,33.0,44.8,19.26666666666667,85.13333333333334,2,-45.8,30.8,50.4,-0.086,-55.0,0.8690379951495554,4.1093032957864,6.02256860190885,-1.1476045268611652,2.0,2.0,2.0,3,1,1,0,1,6.0,9.2,2.021,2.0,0
Turkana,2020-03-01,2020-03,3,2020-06-01,2020-06,0.0,-32.5,33.0,44.8,19.26666666666667,85.13333333333334,2,-45.8,30.8,50.4,-0.086,-55.0,0.8690379951495554,4.1093032957864,6.02256860190885,-1.1476045268611652,2.0,2.0,2.0,3,1,1,0,1,6.0,9.2,2.021,2.0,0
Turkana,2020-04-01,2020-04,1,2020-05-01,2020-05,0.0,-23.4,-32.5,33.0,35.86666666666667,80.9,3,-21.2,-45.8,30.8,0.091,-30.4,0.2604688439190543,1.831501831501832,4.1851781489357,-1.1286692949273398,2.0,2.0,2.0,4,2,1,0,1,-3.6,3.1,-1.808,2.0,0
Turkana,2020-04-01,2020-04,2,2020-06-01,2020-06,0.0,-23.4,-32.5,33.0,35.86666666666667,80.9,3,-21.2,-45.8,30.8,0.091,-30.4,0.2604688439190543,1.831501831501832,4.1851781489357,-1.1286692949273398,2.0,2.0,2.0,4,2,1,0,1,-3.6,3.1,-1.808,2.0,0
Turkana,2020-04-01,2020-04,3,2020-07-01,2020-07,0.0,-23.4,-32.5,33.0,35.86666666666667,80.9,3,-21.2,-45.8,30.8,0.091,-30.4,0.2604688439190543,1.831501831501832,4.1851781489357,-1.1286692949273398,2.0,2.0,2.0,4,2,1,0,1,-3.6,3.1,-1.808,2.0,0
Turkana,2020-05-01,2020-05,1,2020-06-01,2020-06,0.0,-15.1,-23.4,-32.5,48.03333333333334,72.46666666666667,0,-5.0,-21.2,-45.8,-0.013,-50.8,1.6586730615507594,2.809215844785772,4.76676787445814,-1.007775121811377,2.0,2.0,2.0,5,2,1,0,1,-9.1,-14.2,3.154,2.0,0
Turkana,2020-05-01,2020-05,2,2020-07-01,2020-07,0.0,-15.1,-23.4,-32.5,48.03333333333334,72.46666666666667,0,-5.0,-21.2,-45.8,-0.013,-50.8,1.6586730615507594,2.809215844785772,4.76676787445814,-1.007775121811377,2.0,2.0,2.0,5,2,1,0,1,-9.1,-14.2,3.154,2.0,0
Turkana,2020-05-01,2020-05,3,2020-08-01,2020-08,0.0,-15.1,-23.4,-32.5,48.03333333333334,72.46666666666667,0,-5.0,-21.2,-45.8,-0.013,-50.8,1.6586730615507594,2.809215844785772,4.76676787445814,-1.007775121811377,2.0,2.0,2.0,5,2,1,0,1,-9.1,-14.2,3.154,2.0,0
Turkana,2020-06-01,2020-06,1,2020-07-01,2020-07,0.0,0.0,-15.1,-23.4,34.166666666666664,53.43333333333334,1,-7.9,-5.0,-21.2,-0.064,-77.1,-0.9435816787890702,0.9617311160088158,5.071034411795216,-1.0776898243362711,2.0,2.0,2.0,6,2,0,0,1,-26.0,-18.8,-2.867,2.0,0
Turkana,2020-06-01,2020-06,2,2020-08-01,2020-08,0.0,0.0,-15.1,-23.4,34.166666666666664,53.43333333333334,1,-7.9,-5.0,-21.2,-0.064,-77.1,-0.9435816787890702,0.9617311160088158,5.071034411795216,-1.0776898243362711,2.0,2.0,2.0,6,2,0,0,1,-26.0,-18.8,-2.867,2.0,0
Turkana,2020-06-01,2020-06,3,2020-09-01,2020-09,0.0,0.0,-15.1,-23.4,34.166666666666664,53.43333333333334,1,-7.9,-5.0,-21.2,-0.064,-77.1,-0.9435816787890702,0.9617311160088158,5.071034411795216,-1.0776898243362711,2.0,2.0,2.0,6,2,0,0,1,-26.0,-18.8,-2.867,2.0,0
Turkana,2020-07-01,2020-07,1,2020-08-01,2020-08,0.0,-22.9,0.0,-15.1,17.933333333333334,53.8,2,-26.7,-7.9,-5.0,-0.0549999999999999,-62.5,-0.2579876959714229,0.4396482813749001,2.2711501128767324,-1.0966250562700963,2.0,2.0,2.0,7,3,0,0,1,5.8,11.5,2.463,2.0,0
Turkana,2020-07-01,2020-07,2,2020-09-01,2020-09,0.0,-22.9,0.0,-15.1,17.933333333333334,53.8,2,-26.7,-7.9,-5.0,-0.0549999999999999,-62.5,-0.2579876959714229,0.4396482813749001,2.2711501128767324,-1.0966250562700963,2.0,2.0,2.0,7,3,0,0,1,5.8,11.5,2.463,2.0,0
Turkana,2020-07-01,2020-07,3,2020-10-01,2020-10,0.0,-22.9,0.0,-15.1,17.933333333333334,53.8,2,-26.7,-7.9,-5.0,-0.0549999999999999,-62.5,-0.2579876959714229,0.4396482813749001,2.2711501128767324,-1.0966250562700963,2.0,2.0,2.0,7,3,0,0,1,5.8,11.5,2.463,2.0,0
Turkana,2020-08-01,2020-08,1,2020-09-01,2020-09,0.0,-33.8,-22.9,0.0,5.933333333333334,53.96666666666667,3,-31.7,-26.7,-7.9,0.026,14.999999999999996,-0.0795861520095503,-1.2777668566935323,1.5314489880922397,-1.1024512814805043,2.0,2.0,2.0,8,3,0,0,1,0.0,-11.9,-3.854,2.0,0
Turkana,2020-08-01,2020-08,2,2020-10-01,2020-10,0.0,-33.8,-22.9,0.0,5.933333333333334,53.96666666666667,3,-31.7,-26.7,-7.9,0.026,14.999999999999996,-0.0795861520095503,-1.2777668566935323,1.5314489880922397,-1.1024512814805043,2.0,2.0,2.0,8,3,0,0,1,0.0,-11.9,-3.854,2.0,0
Turkana,2020-08-01,2020-08,3,2020-11-01,2020-11,0.0,-33.8,-22.9,0.0,5.933333333333334,53.96666666666667,3,-31.7,-26.7,-7.9,0.026,14.999999999999996,-0.0795861520095503,-1.2777668566935323,1.5314489880922397,-1.1024512814805043,2.0,2.0,2.0,8,3,0,0,1,0.0,-11.9,-3.854,2.0,0
Turkana,2020-09-01,2020-09,1,2020-10-01,2020-10,0.0,-18.2,-33.8,-22.9,7.099999999999999,41.266666666666666,4,-30.8,-31.7,-26.7,0.1,5.399999999999999,-1.6726403823178015,-2.004365945624132,-1.042634829615316,-1.224802010899069,2.0,2.0,2.0,9,3,0,0,1,-26.2,-29.2,0.536,2.0,0
Turkana,2020-09-01,2020-09,2,2020-11-01,2020-11,0.0,-18.2,-33.8,-22.9,7.099999999999999,41.266666666666666,4,-30.8,-31.7,-26.7,0.1,5.399999999999999,-1.6726403823178015,-2.004365945624132,-1.042634829615316,-1.224802010899069,2.0,2.0,2.0,9,3,0,0,1,-26.2,-29.2,0.536,2.0,0
Turkana,2020-09-01,2020-09,3,2020-12-01,2020-12,0.0,-18.2,-33.8,-22.9,7.099999999999999,41.266666666666666,4,-30.8,-31.7,-26.7,0.1,5.399999999999999,-1.6726403823178015,-2.004365945624132,-1.042634829615316,-1.224802010899069,2.0,2.0,2.0,9,3,0,0,1,-26.2,-29.2,0.536,2.0,0
Turkana,2020-10-01,2020-10,1,2020-11-01,2020-11,0.0,-16.9,-18.2,-33.8,19.4,37.33333333333333,0,-15.8,-30.8,-31.7,0.059,15.0,3.867962737950587,2.049343414245921,2.488991695620821,-0.9465997571020948,2.0,2.0,2.0,10,4,0,1,1,-1.2,-6.5,2.033,2.0,0
Turkana,2020-10-01,2020-10,2,2020-12-01,2020-12,0.0,-16.9,-18.2,-33.8,19.4,37.33333333333333,0,-15.8,-30.8,-31.7,0.059,15.0,3.867962737950587,2.049343414245921,2.488991695620821,-0.9465997571020948,2.0,2.0,2.0,10,4,0,1,1,-1.2,-6.5,2.033,2.0,0
Turkana,2020-10-01,2020-10,3,2021-01-01,2021-01,1.0,-16.9,-18.2,-33.8,19.4,37.33333333333333,0,-15.8,-30.8,-31.7,0.059,15.0,3.867962737950587,2.049343414245921,2.488991695620821,-0.9465997571020948,2.0,2.0,2.0,10,4,0,1,1,-1.2,-6.5,2.033,2.0,0
Turkana,2020-11-01,2020-11,1,2020-12-01,2020-12,0.0,11.7,-16.9,-18.2,33.03333333333333,38.96666666666667,1,10.0,-15.8,-30.8,0.0479999999999999,1.7000000000000002,0.1559758237473191,2.2899243329350853,1.012157476241553,-0.9349473066812792,2.0,2.0,2.0,11,4,0,1,1,-9.5,-18.5,-0.832,2.0,0
Turkana,2020-11-01,2020-11,2,2021-01-01,2021-01,1.0,11.7,-16.9,-18.2,33.03333333333333,38.96666666666667,1,10.0,-15.8,-30.8,0.0479999999999999,1.7000000000000002,0.1559758237473191,2.2899243329350853,1.012157476241553,-0.9349473066812792,2.0,2.0,2.0,11,4,0,1,1,-9.5,-18.5,-0.832,2.0,0
Turkana,2020-11-01,2020-11,3,2021-02-01,2021-02,1.0,11.7,-16.9,-18.2,33.03333333333333,38.96666666666667,1,10.0,-15.8,-30.8,0.0479999999999999,1.7000000000000002,0.1559758237473191,2.2899243329350853,1.012157476241553,-0.9349473066812792,2.0,2.0,2.0,11,4,0,1,1,-9.5,-18.5,-0.832,2.0,0
Turkana,2020-12-01,2020-12,1,2021-01-01,2021-01,1.0,-7.6,11.7,-16.9,41.7,48.800000000000004,0,-6.2,10.0,-15.8,-0.102,30.9,-3.718123418337551,0.1620089104900769,-1.842357035134055,-1.2131495604782534,2.0,2.0,2.0,12,4,0,1,1,-5.7,3.5,-3.336,2.0,0
Turkana,2020-12-01,2020-12,2,2021-02-01,2021-02,1.0,-7.6,11.7,-16.9,41.7,48.800000000000004,0,-6.2,10.0,-15.8,-0.102,30.9,-3.718123418337551,0.1620089104900769,-1.842357035134055,-1.2131495604782534,2.0,2.0,2.0,12,4,0,1,1,-5.7,3.5,-3.336,2.0,0
Turkana,2020-12-01,2020-12,3,2021-03-01,2021-03,1.0,-7.6,11.7,-16.9,41.7,48.800000000000004,0,-6.2,10.0,-15.8,-0.102,30.9,-3.718123418337551,0.1620089104900769,-1.842357035134055,-1.2131495604782534,2.0,2.0,2.0,12,4,0,1,1,-5.7,3.5,-3.336,2.0,0
Turkana,2021-01-01,2021-01,1,2021-02-01,2021-02,1.0,1.2,-7.6,11.7,28.23333333333333,47.633333333333326,1,4.2,-6.2,10.0,-0.145,-0.8000000000000007,30.125353821269712,25.48255020471827,27.53189361896419,0.9571193303986651,2.0,2.0,2.0,1,1,0,0,1,-41.0,-36.9,29.001,2.0,0
Turkana,2021-01-01,2021-01,2,2021-03-01,2021-03,1.0,1.2,-7.6,11.7,28.23333333333333,47.633333333333326,1,4.2,-6.2,10.0,-0.145,-0.8000000000000007,30.125353821269712,25.48255020471827,27.53189361896419,0.9571193303986651,2.0,2.0,2.0,1,1,0,0,1,-41.0,-36.9,29.001,2.0,0
Turkana,2021-01-01,2021-01,3,2021-04-01,2021-04,1.0,1.2,-7.6,11.7,28.23333333333333,47.633333333333326,1,4.2,-6.2,10.0,-0.145,-0.8000000000000007,30.125353821269712,25.48255020471827,27.53189361896419,0.9571193303986651,2.0,2.0,2.0,1,1,0,0,1,-41.0,-36.9,29.001,2.0,0
Turkana,2021-02-01,2021-02,1,2021-03-01,2021-03,1.0,-26.0,1.2,-7.6,13.4,46.43333333333333,2,-32.5,4.2,-6.2,-0.1699999999999999,-35.900000000000006,-2.050963331261653,22.71753941989488,25.007463752829967,0.7648538984552067,3.0,2.0,2.0,2,1,0,0,1,-4.4,8.1,-0.297,3.0,1
Turkana,2021-02-01,2021-02,2,2021-04-01,2021-04,1.0,-26.0,1.2,-7.6,13.4,46.43333333333333,2,-32.5,4.2,-6.2,-0.1699999999999999,-35.900000000000006,-2.050963331261653,22.71753941989488,25.007463752829967,0.7648538984552067,3.0,2.0,2.0,2,1,0,0,1,-4.4,8.1,-0.297,3.0,1
Turkana,2021-02-01,2021-02,3,2021-05-01,2021-05,1.0,-26.0,1.2,-7.6,13.4,46.43333333333333,2,-32.5,4.2,-6.2,-0.1699999999999999,-35.900000000000006,-2.050963331261653,22.71753941989488,25.007463752829967,0.7648538984552067,3.0,2.0,2.0,2,1,0,0,1,-4.4,8.1,-0.297,3.0,1
Turkana,2021-03-01,2021-03,1,2021-04-01,2021-04,1.0,-63.6,-26.0,1.2,9.166666666666666,50.86666666666667,3,-66.7,-32.5,4.2,-0.056,-50.900000000000006,2.839467005076142,31.075616659927213,31.23762557041729,1.025577476620957,3.0,3.0,2.0,3,1,1,0,1,-65.5,-58.5,3.546,3.0,1
Turkana,2021-03-01,2021-03,2,2021-05-01,2021-05,1.0,-63.6,-26.0,1.2,9.166666666666666,50.86666666666667,3,-66.7,-32.5,4.2,-0.056,-50.900000000000006,2.839467005076142,31.075616659927213,31.23762557041729,1.025577476620957,3.0,3.0,2.0,3,1,1,0,1,-65.5,-58.5,3.546,3.0,1
Turkana,2021-03-01,2021-03,3,2021-06-01,2021-06,1.0,-63.6,-26.0,1.2,9.166666666666666,50.86666666666667,3,-66.7,-32.5,4.2,-0.056,-50.900000000000006,2.839467005076142,31.075616659927213,31.23762557041729,1.025577476620957,3.0,3.0,2.0,3,1,1,0,1,-65.5,-58.5,3.546,3.0,1
Turkana,2021-04-01,2021-04,1,2021-05-01,2021-05,1.0,-63.6,-63.6,-26.0,18.23333333333333,46.46666666666666,4,-66.7,-66.7,-32.5,0.055,-65.8,-7.7587536634274255,-7.085146053449347,18.397404151268923,0.292929656412172,3.0,3.0,3.0,4,2,1,0,1,-53.6,-48.8,-2.197,3.0,1
Turkana,2021-04-01,2021-04,2,2021-06-01,2021-06,1.0,-63.6,-63.6,-26.0,18.23333333333333,46.46666666666666,4,-66.7,-66.7,-32.5,0.055,-65.8,-7.7587536634274255,-7.085146053449347,18.397404151268923,0.292929656412172,3.0,3.0,3.0,4,2,1,0,1,-53.6,-48.8,-2.197,3.0,1
Turkana,2021-04-01,2021-04,3,2021-07-01,2021-07,1.0,-63.6,-63.6,-26.0,18.23333333333333,46.46666666666666,4,-66.7,-66.7,-32.5,0.055,-65.8,-7.7587536634274255,-7.085146053449347,18.397404151268923,0.292929656412172,3.0,3.0,3.0,4,2,1,0,1,-53.6,-48.8,-2.197,3.0,1
Turkana,2021-05-01,2021-05,1,2021-06-01,2021-06,1.0,-60.2,-63.6,-63.6,22.03333333333333,35.43333333333333,5,-55.8,-66.7,-66.7,0.0,-37.5,8.879598662207359,3.283629441624365,26.001168861519247,1.066361053093812,3.0,3.0,3.0,5,2,1,0,1,-65.2,-56.5,1.24,3.0,1
Turkana,2021-05-01,2021-05,2,2021-07-01,2021-07,1.0,-60.2,-63.6,-63.6,22.03333333333333,35.43333333333333,5,-55.8,-66.7,-66.7,0.0,-37.5,8.879598662207359,3.283629441624365,26.001168861519247,1.066361053093812,3.0,3.0,3.0,5,2,1,0,1,-65.2,-56.5,1.24,3.0,1
Turkana,2021-05-01,2021-05,3,2021-08-01,2021-08,1.0,-60.2,-63.6,-63.6,22.03333333333333,35.43333333333333,5,-55.8,-66.7,-66.7,0.0,-37.5,8.879598662207359,3.283629441624365,26.001168861519247,1.066361053093812,3.0,3.0,3.0,5,2,1,0,1,-65.2,-56.5,1.24,3.0,1
Turkana,2021-06-01,2021-06,1,2021-07-01,2021-07,1.0,-45.5,-60.2,-63.6,15.633333333333336,24.800000000000004,6,-43.7,-55.8,-66.7,-0.0259999999999999,-70.9,-1.7508831208723696,-1.326546351997532,29.74907030792968,0.9003136345971888,3.0,3.0,3.0,6,2,0,0,1,-60.7,-56.5,-3.183,3.0,1
Turkana,2021-06-01,2021-06,2,2021-08-01,2021-08,1.0,-45.5,-60.2,-63.6,15.633333333333336,24.800000000000004,6,-43.7,-55.8,-66.7,-0.0259999999999999,-70.9,-1.7508831208723696,-1.326546351997532,29.74907030792968,0.9003136345971888,3.0,3.0,3.0,6,2,0,0,1,-60.7,-56.5,-3.183,3.0,1
Turkana,2021-06-01,2021-06,3,2021-09-01,2021-09,1.0,-45.5,-60.2,-63.6,15.633333333333336,24.800000000000004,6,-43.7,-55.8,-66.7,-0.0259999999999999,-70.9,-1.7508831208723696,-1.326546351997532,29.74907030792968,0.9003136345971888,3.0,3.0,3.0,6,2,0,0,1,-60.7,-56.5,-3.183,3.0,1
Turkana,2021-07-01,2021-07,1,2021-08-01,2021-08,1.0,-74.2,-45.5,-60.2,6.766666666666668,25.0,7,-66.7,-43.7,-55.8,-0.031,-34.2,-2.579334062841957,4.214046822742475,-2.8710992307068723,0.6599818446678656,3.0,3.0,3.0,7,3,0,0,1,-67.0,-65.4,1.423,3.0,1
Turkana,2021-07-01,2021-07,2,2021-09-01,2021-09,1.0,-74.2,-45.5,-60.2,6.766666666666668,25.0,7,-66.7,-43.7,-55.8,-0.031,-34.2,-2.579334062841957,4.214046822742475,-2.8710992307068723,0.6599818446678656,3.0,3.0,3.0,7,3,0,0,1,-67.0,-65.4,1.423,3.0,1
Turkana,2021-07-01,2021-07,3,2021-10-01,2021-10,1.0,-74.2,-45.5,-60.2,6.766666666666668,25.0,7,-66.7,-43.7,-55.8,-0.031,-34.2,-2.579334062841957,4.214046822742475,-2.8710992307068723,0.6599818446678656,3.0,3.0,3.0,7,3,0,0,1,-67.0,-65.4,1.423,3.0,1
Turkana,2021-08-01,2021-08,1,2021-09-01,2021-09,1.0,-64.9,-74.2,-45.5,2.866666666666668,24.9,8,-66.7,-66.7,-43.7,0.0,10.0,2.952503209242619,-1.4590692673936416,1.8245601742307234,0.927988204346626,3.0,3.0,3.0,8,3,0,0,1,-59.5,-49.6,2.993,3.0,1
Turkana,2021-08-01,2021-08,2,2021-10-01,2021-10,1.0,-64.9,-74.2,-45.5,2.866666666666668,24.9,8,-66.7,-66.7,-43.7,0.0,10.0,2.952503209242619,-1.4590692673936416,1.8245601742307234,0.927988204346626,3.0,3.0,3.0,8,3,0,0,1,-59.5,-49.6,2.993,3.0,1
Turkana,2021-08-01,2021-08,3,2021-11-01,2021-11,1.0,-64.9,-74.2,-45.5,2.866666666666668,24.9,8,-66.7,-66.7,-43.7,0.0,10.0,2.952503209242619,-1.4590692673936416,1.8245601742307234,0.927988204346626,3.0,3.0,3.0,8,3,0,0,1,-59.5,-49.6,2.993,3.0,1
Turkana,2021-09-01,2021-09,1,2021-10-01,2021-10,1.0,-55.8,-64.9,-74.2,2.933333333333335,18.56666666666667,9,-56.7,-66.7,-66.7,0.0399999999999999,0.0,-0.6857855361596009,-0.3908081913396904,-1.7173545433372224,0.8638997270321398,3.0,3.0,3.0,9,3,0,0,1,-63.1,-49.2,-1.286,3.0,1
Turkana,2021-09-01,2021-09,2,2021-11-01,2021-11,1.0,-55.8,-64.9,-74.2,2.933333333333335,18.56666666666667,9,-56.7,-66.7,-66.7,0.0399999999999999,0.0,-0.6857855361596009,-0.3908081913396904,-1.7173545433372224,0.8638997270321398,3.0,3.0,3.0,9,3,0,0,1,-63.1,-49.2,-1.286,3.0,1
Turkana,2021-09-01,2021-09,3,2021-12-01,2021-12,1.0,-55.8,-64.9,-74.2,2.933333333333335,18.56666666666667,9,-56.7,-66.7,-66.7,0.0399999999999999,0.0,-0.6857855361596009,-0.3908081913396904,-1.7173545433372224,0.8638997270321398,3.0,3.0,3.0,9,3,0,0,1,-63.1,-49.2,-1.286,3.0,1
Turkana,2021-10-01,2021-10,1,2021-11-01,2021-11,1.0,-67.5,-55.8,-64.9,8.600000000000001,15.36666666666667,10,-66.7,-56.7,-66.7,-0.015,5.799999999999997,-3.327055869428751,-1.1553273427471118,3.058719479995363,0.5551097908805246,3.0,3.0,3.0,10,4,0,1,1,-66.7,-62.7,0.506,3.0,1
Turkana,2021-10-01,2021-10,2,2021-12-01,2021-12,1.0,-67.5,-55.8,-64.9,8.600000000000001,15.36666666666667,10,-66.7,-56.7,-66.7,-0.015,5.799999999999997,-3.327055869428751,-1.1553273427471118,3.058719479995363,0.5551097908805246,3.0,3.0,3.0,10,4,0,1,1,-66.7,-62.7,0.506,3.0,1
Turkana,2021-10-01,2021-10,3,2022-01-01,2022-01,1.0,-67.5,-55.8,-64.9,8.600000000000001,15.36666666666667,10,-66.7,-56.7,-66.7,-0.015,5.799999999999997,-3.327055869428751,-1.1553273427471118,3.058719479995363,0.5551097908805246,3.0,3.0,3.0,10,4,0,1,1,-66.7,-62.7,0.506,3.0,1
Turkana,2021-11-01,2021-11,1,2021-12-01,2021-12,1.0,-62.3,-67.5,-55.8,12.833333333333334,15.700000000000003,11,-50.0,-66.7,-56.7,0.0,-19.199999999999996,7.5487012987013,3.2574812967581046,1.798412029364463,1.232408471590435,3.0,3.0,3.0,11,4,0,1,1,-61.9,-49.2,0.763,3.0,1
Turkana,2021-11-01,2021-11,2,2022-01-01,2022-01,1.0,-62.3,-67.5,-55.8,12.833333333333334,15.700000000000003,11,-50.0,-66.7,-56.7,0.0,-19.199999999999996,7.5487012987013,3.2574812967581046,1.798412029364463,1.232408471590435,3.0,3.0,3.0,11,4,0,1,1,-61.9,-49.2,0.763,3.0,1
Turkana,2021-11-01,2021-11,3,2022-02-01,2022-02,1.0,-62.3,-67.5,-55.8,12.833333333333334,15.700000000000003,11,-50.0,-66.7,-56.7,0.0,-19.199999999999996,7.5487012987013,3.2574812967581046,1.798412029364463,1.232408471590435,3.0,3.0,3.0,11,4,0,1,1,-61.9,-49.2,0.763,3.0,1
Turkana,2021-12-01,2021-12,1,2022-01-01,2022-01,1.0,-56.4,-62.3,-67.5,17.066666666666666,20.0,12,-62.9,-50.0,-66.7,-0.03,0.0,-3.8943396226415095,-0.0784682988072818,-0.4692764901469722,0.85661694551913,3.0,3.0,3.0,12,4,0,1,1,-57.2,-50.8,0.03,3.0,1
Turkana,2021-12-01,2021-12,2,2022-02-01,2022-02,1.0,-56.4,-62.3,-67.5,17.066666666666666,20.0,12,-62.9,-50.0,-66.7,-0.03,0.0,-3.8943396226415095,-0.0784682988072818,-0.4692764901469722,0.85661694551913,3.0,3.0,3.0,12,4,0,1,1,-57.2,-50.8,0.03,3.0,1
Turkana,2021-12-01,2021-12,3,2022-03-01,2022-03,1.0,-56.4,-62.3,-67.5,17.066666666666666,20.0,12,-62.9,-50.0,-66.7,-0.03,0.0,-3.8943396226415095,-0.0784682988072818,-0.4692764901469722,0.85661694551913,3.0,3.0,3.0,12,4,0,1,1,-57.2,-50.8,0.03,3.0,1
Turkana,2022-01-01,2022-01,1,2022-02-01,2022-02,1.0,-67.5,-56.4,-62.3,11.366666666666667,19.96666666666667,13,-66.7,-62.9,-50.0,0.016,4.200000000000003,1.6962462698288046,5.113636363636364,3.9583090208892524,1.0139250262001416,3.0,3.0,3.0,1,1,0,0,1,-63.2,-69.2,1.65,3.0,1
Turkana,2022-01-01,2022-01,2,2022-03-01,2022-03,1.0,-67.5,-56.4,-62.3,11.366666666666667,19.96666666666667,13,-66.7,-62.9,-50.0,0.016,4.200000000000003,1.6962462698288046,5.113636363636364,3.9583090208892524,1.0139250262001416,3.0,3.0,3.0,1,1,0,0,1,-63.2,-69.2,1.65,3.0,1
Turkana,2022-01-01,2022-01,3,2022-04-01,2022-04,1.0,-67.5,-56.4,-62.3,11.366666666666667,19.96666666666667,13,-66.7,-62.9,-50.0,0.016,4.200000000000003,1.6962462698288046,5.113636363636364,3.9583090208892524,1.0139250262001416,3.0,3.0,3.0,1,1,0,0,1,-63.2,-69.2,1.65,3.0,1
Turkana,2022-02-01,2022-02,1,2022-03-01,2022-03,1.0,-66.6,-67.5,-56.4,7.266666666666669,20.1,14,-62.5,-66.7,-62.9,0.0,0.4000000000000057,2.193050193050193,-0.120754716981132,3.1367265797769726,1.2207560211696198,4.0,3.0,3.0,2,1,0,0,1,-64.6,-61.2,1.28,4.0,1
Turkana,2022-02-01,2022-02,2,2022-04-01,2022-04,1.0,-66.6,-67.5,-56.4,7.266666666666669,20.1,14,-62.5,-66.7,-62.9,0.0,0.4000000000000057,2.193050193050193,-0.120754716981132,3.1367265797769726,1.2207560211696198,4.0,3.0,3.0,2,1,0,0,1,-64.6,-61.2,1.28,4.0,1
Turkana,2022-02-01,2022-02,3,2022-05-01,2022-05,1.0,-66.6,-67.5,-56.4,7.266666666666669,20.1,14,-62.5,-66.7,-62.9,0.0,0.4000000000000057,2.193050193050193,-0.120754716981132,3.1367265797769726,1.2207560211696198,4.0,3.0,3.0,2,1,0,0,1,-64.6,-61.2,1.28,4.0,1
Turkana,2022-03-01,2022-03,1,2022-04-01,2022-04,1.0,-57.1,-66.6,-67.5,8.56666666666667,25.633333333333336,15,-56.3,-62.5,-66.7,-0.0099999999999999,0.0,-1.4810337010729937,2.387309564944244,2.308841266136962,1.078013503514628,4.0,4.0,3.0,3,1,1,0,1,-71.4,-69.2,-5.012,4.0,1
Turkana,2022-03-01,2022-03,2,2022-05-01,2022-05,1.0,-57.1,-66.6,-67.5,8.56666666666667,25.633333333333336,15,-56.3,-62.5,-66.7,-0.0099999999999999,0.0,-1.4810337010729937,2.387309564944244,2.308841266136962,1.078013503514628,4.0,4.0,3.0,3,1,1,0,1,-71.4,-69.2,-5.012,4.0,1
Turkana,2022-03-01,2022-03,3,2022-06-01,2022-06,1.0,-57.1,-66.6,-67.5,8.56666666666667,25.633333333333336,15,-56.3,-62.5,-66.7,-0.0099999999999999,0.0,-1.4810337010729937,2.387309564944244,2.308841266136962,1.078013503514628,4.0,4.0,3.0,3,1,1,0,1,-71.4,-69.2,-5.012,4.0,1
Turkana,2022-04-01,2022-04,1,2022-05-01,2022-05,1.0,-62.3,-57.1,-66.6,14.600000000000003,25.96666666666667,16,-66.7,-56.3,-62.5,0.0139999999999999,-16.700000000000003,0.8283479061205707,1.5135135135135136,6.627149877149877,1.1566675438551337,4.0,4.0,4.0,4,2,1,0,1,-66.7,-60.8,3.791,4.0,1
Turkana,2022-04-01,2022-04,2,2022-06-01,2022-06,1.0,-62.3,-57.1,-66.6,14.600000000000003,25.96666666666667,16,-66.7,-56.3,-62.5,0.0139999999999999,-16.700000000000003,0.8283479061205707,1.5135135135135136,6.627149877149877,1.1566675438551337,4.0,4.0,4.0,4,2,1,0,1,-66.7,-60.8,3.791,4.0,1
Turkana,2022-04-01,2022-04,3,2022-07-01,2022-07,1.0,-62.3,-57.1,-66.6,14.600000000000003,25.96666666666667,16,-66.7,-56.3,-62.5,0.0139999999999999,-16.700000000000003,0.8283479061205707,1.5135135135135136,6.627149877149877,1.1566675438551337,4.0,4.0,4.0,4,2,1,0,1,-66.7,-60.8,3.791,4.0,1
Turkana,2022-05-01,2022-05,1,2022-06-01,2022-06,1.0,-64.5,-62.3,-57.1,20.46666666666667,27.733333333333338,17,-66.7,-66.7,-56.3,0.0089999999999999,12.5,1.825650387950708,1.1485567477708931,1.027802030789761,1.3314543001673689,4.0,4.0,4.0,5,2,1,0,1,-60.4,-68.8,-0.626,4.0,1
Turkana,2022-05-01,2022-05,2,2022-07-01,2022-07,1.0,-64.5,-62.3,-57.1,20.46666666666667,27.733333333333338,17,-66.7,-66.7,-56.3,0.0089999999999999,12.5,1.825650387950708,1.1485567477708931,1.027802030789761,1.3314543001673689,4.0,4.0,4.0,5,2,1,0,1,-60.4,-68.8,-0.626,4.0,1
Turkana,2022-05-01,2022-05,3,2022-08-01,2022-08,1.0,-64.5,-62.3,-57.1,20.46666666666667,27.733333333333338,17,-66.7,-66.7,-56.3,0.0089999999999999,12.5,1.825650387950708,1.1485567477708931,1.027802030789761,1.3314543001673689,4.0,4.0,4.0,5,2,1,0,1,-60.4,-68.8,-0.626,4.0,1
Turkana,2022-06-01,2022-06,1,2022-07-01,2022-07,1.0,-61.1,-64.5,-62.3,14.966666666666669,23.53333333333334,18,-50.4,-66.7,-66.7,0.0,3.8000000000000043,-0.6872852233676976,1.9634913330265376,4.350800897970782,1.2644527102476786,4.0,4.0,4.0,6,2,0,0,1,-61.7,-63.1,-1.035,4.0,1
Turkana,2022-06-01,2022-06,2,2022-08-01,2022-08,1.0,-61.1,-64.5,-62.3,14.966666666666669,23.53333333333334,18,-50.4,-66.7,-66.7,0.0,3.8000000000000043,-0.6872852233676976,1.9634913330265376,4.350800897970782,1.2644527102476786,4.0,4.0,4.0,6,2,0,0,1,-61.7,-63.1,-1.035,4.0,1
Turkana,2022-06-01,2022-06,3,2022-09-01,2022-09,1.0,-61.1,-64.5,-62.3,14.966666666666669,23.53333333333334,18,-50.4,-66.7,-66.7,0.0,3.8000000000000043,-0.6872852233676976,1.9634913330265376,4.350800897970782,1.2644527102476786,4.0,4.0,4.0,6,2,0,0,1,-61.7,-63.1,-1.035,4.0,1
Turkana,2022-07-01,2022-07,1,2022-08-01,2022-08,1.0,-62.7,-61.1,-64.5,8.86666666666667,23.466666666666676,19,-62.9,-50.4,-66.7,0.002,-4.200000000000003,-1.474349330525049,-0.3651300775901415,1.148383435923372,1.1217101925926865,4.0,4.0,4.0,7,3,0,0,1,-58.0,-54.6,2.502,4.0,1
Turkana,2022-07-01,2022-07,2,2022-09-01,2022-09,1.0,-62.7,-61.1,-64.5,8.86666666666667,23.466666666666676,19,-62.9,-50.4,-66.7,0.002,-4.200000000000003,-1.474349330525049,-0.3651300775901415,1.148383435923372,1.1217101925926865,4.0,4.0,4.0,7,3,0,0,1,-58.0,-54.6,2.502,4.0,1
Turkana,2022-07-01,2022-07,3,2022-10-01,2022-10,1.0,-62.7,-61.1,-64.5,8.86666666666667,23.466666666666676,19,-62.9,-50.4,-66.7,0.002,-4.200000000000003,-1.474349330525049,-0.3651300775901415,1.148383435923372,1.1217101925926865,4.0,4.0,4.0,7,3,0,0,1,-58.0,-54.6,2.502,4.0,1
Turkana,2022-08-01,2022-08,1,2022-09-01,2022-09,1.0,-61.0,-62.7,-61.1,2.833333333333337,23.300000000000004,20,-66.7,-62.9,-50.4,-0.0089999999999999,6.699999999999996,4.290731409375477,2.0469146869864034,3.1954714347572963,1.531002513623837,4.0,4.0,4.0,8,3,0,0,1,-60.7,-54.2,-0.961,4.0,1
Turkana,2022-08-01,2022-08,2,2022-10-01,2022-10,1.0,-61.0,-62.7,-61.1,2.833333333333337,23.300000000000004,20,-66.7,-62.9,-50.4,-0.0089999999999999,6.699999999999996,4.290731409375477,2.0469146869864034,3.1954714347572963,1.531002513623837,4.0,4.0,4.0,8,3,0,0,1,-60.7,-54.2,-0.961,4.0,1
Turkana,2022-08-01,2022-08,3,2022-11-01,2022-11,1.0,-61.0,-62.7,-61.1,2.833333333333337,23.300000000000004,20,-66.7,-62.9,-50.4,-0.0089999999999999,6.699999999999996,4.290731409375477,2.0469146869864034,3.1954714347572963,1.531002513623837,4.0,4.0,4.0,8,3,0,0,1,-60.7,-54.2,-0.961,4.0,1
Turkana,2022-09-01,2022-09,1,2022-10-01,2022-10,1.0,-59.7,-61.0,-62.7,3.06666666666667,18.03333333333334,21,-49.6,-66.7,-62.9,0.0269999999999999,0.0,-6.822840409956076,-4.257559801414171,-2.294068468387634,0.8522472766113242,4.0,4.0,4.0,9,3,0,0,1,-63.1,-59.2,-2.389,4.0,1
Turkana,2022-09-01,2022-09,2,2022-11-01,2022-11,1.0,-59.7,-61.0,-62.7,3.06666666666667,18.03333333333334,21,-49.6,-66.7,-62.9,0.0269999999999999,0.0,-6.822840409956076,-4.257559801414171,-2.294068468387634,0.8522472766113242,4.0,4.0,4.0,9,3,0,0,1,-63.1,-59.2,-2.389,4.0,1
Turkana,2022-09-01,2022-09,3,2022-12-01,2022-12,1.0,-59.7,-61.0,-62.7,3.06666666666667,18.03333333333334,21,-49.6,-66.7,-62.9,0.0269999999999999,0.0,-6.822840409956076,-4.257559801414171,-2.294068468387634,0.8522472766113242,4.0,4.0,4.0,9,3,0,0,1,-63.1,-59.2,-2.389,4.0,1
Turkana,2022-10-01,2022-10,1,2022-11-01,2022-11,1.0,-68.8,-59.7,-61.0,9.266666666666673,18.133333333333344,22,-66.7,-49.6,-66.7,-0.0369999999999999,11.300000000000004,-0.1728472658705216,-2.992823331806383,-3.3579534093965244,0.8362251572827026,4.0,4.0,4.0,10,4,0,1,1,-64.3,-57.7,1.346,4.0,1
Turkana,2022-10-01,2022-10,2,2022-12-01,2022-12,1.0,-68.8,-59.7,-61.0,9.266666666666673,18.133333333333344,22,-66.7,-49.6,-66.7,-0.0369999999999999,11.300000000000004,-0.1728472658705216,-2.992823331806383,-3.3579534093965244,0.8362251572827026,4.0,4.0,4.0,10,4,0,1,1,-64.3,-57.7,1.346,4.0,1
Turkana,2022-10-01,2022-10,3,2023-01-01,2023-01,1.0,-68.8,-59.7,-61.0,9.266666666666673,18.133333333333344,22,-66.7,-49.6,-66.7,-0.0369999999999999,11.300000000000004,-0.1728472658705216,-2.992823331806383,-3.3579534093965244,0.8362251572827026,4.0,4.0,4.0,10,4,0,1,1,-64.3,-57.7,1.346,4.0,1
Turkana,2022-11-01,2022-11,1,2022-12-01,2022-12,1.0,-51.9,-68.8,-59.7,14.966666666666669,17.800000000000004,23,-55.4,-66.7,-49.6,0.0059999999999999,-14.600000000000001,2.455532819140564,-4.699853587115666,-2.652938900129263,1.063447940488608,4.0,4.0,4.0,11,4,0,1,1,-63.1,-54.2,1.495,4.0,1
Turkana,2022-11-01,2022-11,2,2023-01-01,2023-01,1.0,-51.9,-68.8,-59.7,14.966666666666669,17.800000000000004,23,-55.4,-66.7,-49.6,0.0059999999999999,-14.600000000000001,2.455532819140564,-4.699853587115666,-2.652938900129263,1.063447940488608,4.0,4.0,4.0,11,4,0,1,1,-63.1,-54.2,1.495,4.0,1
Turkana,2022-11-01,2022-11,3,2023-02-01,2023-02,1.0,-51.9,-68.8,-59.7,14.966666666666669,17.800000000000004,23,-55.4,-66.7,-49.6,0.0059999999999999,-14.600000000000001,2.455532819140564,-4.699853587115666,-2.652938900129263,1.063447940488608,4.0,4.0,4.0,11,4,0,1,1,-63.1,-54.2,1.495,4.0,1
Turkana,2022-12-01,2022-12,1,2023-01-01,2023-01,1.0,-53.6,-51.9,-68.8,19.500000000000004,22.566666666666674,24,-65.0,-55.4,-66.7,-0.018,-1.3000000000000043,3.04194192656322,5.389692017598994,1.1321322161848233,1.351846088403796,4.0,4.0,4.0,12,4,0,1,1,-69.5,-69.2,0.565,4.0,1
Turkana,2022-12-01,2022-12,2,2023-02-01,2023-02,1.0,-53.6,-51.9,-68.8,19.500000000000004,22.566666666666674,24,-65.0,-55.4,-66.7,-0.018,-1.3000000000000043,3.04194192656322,5.389692017598994,1.1321322161848233,1.351846088403796,4.0,4.0,4.0,12,4,0,1,1,-69.5,-69.2,0.565,4.0,1
Turkana,2022-12-01,2022-12,3,2023-03-01,2023-03,1.0,-53.6,-51.9,-68.8,19.500000000000004,22.566666666666674,24,-65.0,-55.4,-66.7,-0.018,-1.3000000000000043,3.04194192656322,5.389692017598994,1.1321322161848233,1.351846088403796,4.0,4.0,4.0,12,4,0,1,1,-69.5,-69.2,0.565,4.0,1
Turkana,2023-01-01,2023-01,1,2023-02-01,2023-02,1.0,-58.3,-53.6,-51.9,14.100000000000003,23.366666666666674,25,-64.2,-65.0,-55.4,0.0969999999999999,3.8000000000000043,-10.079021917399732,-5.068471588226035,-8.061294920032417,0.3672140278448719,4.0,4.0,4.0,1,1,0,0,1,-65.9,-57.7,-6.153,4.0,1
Turkana,2023-01-01,2023-01,2,2023-03-01,2023-03,1.0,-58.3,-53.6,-51.9,14.100000000000003,23.366666666666674,25,-64.2,-65.0,-55.4,0.0969999999999999,3.8000000000000043,-10.079021917399732,-5.068471588226035,-8.061294920032417,0.3672140278448719,4.0,4.0,4.0,1,1,0,0,1,-65.9,-57.7,-6.153,4.0,1
Turkana,2023-01-01,2023-01,3,2023-04-01,2023-04,1.0,-58.3,-53.6,-51.9,14.100000000000003,23.366666666666674,25,-64.2,-65.0,-55.4,0.0969999999999999,3.8000000000000043,-10.079021917399732,-5.068471588226035,-8.061294920032417,0.3672140278448719,4.0,4.0,4.0,1,1,0,0,1,-65.9,-57.7,-6.153,4.0,1
Turkana,2023-02-01,2023-02,1,2023-03-01,2023-03,1.0,-63.0,-58.3,-53.6,9.400000000000004,24.366666666666674,26,-62.9,-64.2,-65.0,0.062,25.0,1.492289835848118,-5.960977108618836,-10.660830695734504,0.4983040950790481,3.0,4.0,4.0,2,1,0,0,1,-60.8,-50.0,0.378,3.0,1
Turkana,2023-02-01,2023-02,2,2023-04-01,2023-04,1.0,-63.0,-58.3,-53.6,9.400000000000004,24.366666666666674,26,-62.9,-64.2,-65.0,0.062,25.0,1.492289835848118,-5.960977108618836,-10.660830695734504,0.4983040950790481,3.0,4.0,4.0,2,1,0,0,1,-60.8,-50.0,0.378,3.0,1
Turkana,2023-02-01,2023-02,3,2023-05-01,2023-05,1.0,-63.0,-58.3,-53.6,9.400000000000004,24.366666666666674,26,-62.9,-64.2,-65.0,0.062,25.0,1.492289835848118,-5.960977108618836,-10.660830695734504,0.4983040950790481,3.0,4.0,4.0,2,1,0,0,1,-60.8,-50.0,0.378,3.0,1
Turkana,2023-03-01,2023-03,1,2023-04-01,2023-04,1.0,-28.6,-63.0,-58.3,14.766666666666673,34.26666666666668,27,-24.6,-62.9,-64.2,0.046,28.400000000000006,5.554647933344225,-3.667809751006411,1.7218822665925835,0.9935332379637142,3.0,3.0,4.0,3,1,1,0,1,-31.0,-19.2,2.873,3.0,1
Turkana,2023-03-01,2023-03,2,2023-05-01,2023-05,1.0,-28.6,-63.0,-58.3,14.766666666666673,34.26666666666668,27,-24.6,-62.9,-64.2,0.046,28.400000000000006,5.554647933344225,-3.667809751006411,1.7218822665925835,0.9935332379637142,3.0,3.0,4.0,3,1,1,0,1,-31.0,-19.2,2.873,3.0,1
Turkana,2023-03-01,2023-03,3,2023-06-01,2023-06,1.0,-28.6,-63.0,-58.3,14.766666666666673,34.26666666666668,27,-24.6,-62.9,-64.2,0.046,28.400000000000006,5.554647933344225,-3.667809751006411,1.7218822665925835,0.9935332379637142,3.0,3.0,4.0,3,1,1,0,1,-31.0,-19.2,2.873,3.0,1
Turkana,2023-04-01,2023-04,1,2023-05-01,2023-05,1.0,-29.9,-28.6,-63.0,23.200000000000003,37.300000000000004,28,-38.3,-24.6,-62.9,-0.0499999999999999,11.699999999999996,-0.4333694474539544,6.665561266788261,1.5970896785622264,0.9527496614908592,3.0,3.0,3.0,4,2,1,0,1,-39.3,-42.3,-8.028,3.0,1
Turkana,2023-04-01,2023-04,2,2023-06-01,2023-06,1.0,-29.9,-28.6,-63.0,23.200000000000003,37.300000000000004,28,-38.3,-24.6,-62.9,-0.0499999999999999,11.699999999999996,-0.4333694474539544,6.665561266788261,1.5970896785622264,0.9527496614908592,3.0,3.0,3.0,4,2,1,0,1,-39.3,-42.3,-8.028,3.0,1
Turkana,2023-04-01,2023-04,3,2023-07-01,2023-07,1.0,-29.9,-28.6,-63.0,23.200000000000003,37.300000000000004,28,-38.3,-24.6,-62.9,-0.0499999999999999,11.699999999999996,-0.4333694474539544,6.665561266788261,1.5970896785622264,0.9527496614908592,3.0,3.0,3.0,4,2,1,0,1,-39.3,-42.3,-8.028,3.0,1
Turkana,2023-05-01,2023-05,1,2023-06-01,2023-06,1.0,-39.3,-29.9,-28.6,33.6,43.00000000000001,29,-43.7,-38.3,-24.6,0.0279999999999999,19.6,-1.6632986165086274,3.3491259598104888,-2.6118511488083476,0.7968981371124497,3.0,3.0,3.0,5,2,1,0,1,-39.3,-40.4,7.965,3.0,1
Turkana,2023-05-01,2023-05,2,2023-07-01,2023-07,1.0,-39.3,-29.9,-28.6,33.6,43.00000000000001,29,-43.7,-38.3,-24.6,0.0279999999999999,19.6,-1.6632986165086274,3.3491259598104888,-2.6118511488083476,0.7968981371124497,3.0,3.0,3.0,5,2,1,0,1,-39.3,-40.4,7.965,3.0,1
Turkana,2023-05-01,2023-05,3,2023-08-01,2023-08,1.0,-39.3,-29.9,-28.6,33.6,43.00000000000001,29,-43.7,-38.3,-24.6,0.0279999999999999,19.6,-1.6632986165086274,3.3491259598104888,-2.6118511488083476,0.7968981371124497,3.0,3.0,3.0,5,2,1,0,1,-39.3,-40.4,7.965,3.0,1
Turkana,2023-06-01,2023-06,1,2023-07-01,2023-07,1.0,-44.0,-39.3,-29.9,24.633333333333336,39.400000000000006,30,-45.4,-43.7,-38.3,0.063,37.5,-6.655074296553905,-8.605479028014239,-12.27328877902065,0.1836879337170251,3.0,3.0,3.0,6,2,0,0,1,-11.9,-21.9,1.599,3.0,1
Turkana,2023-06-01,2023-06,2,2023-08-01,2023-08,1.0,-44.0,-39.3,-29.9,24.633333333333336,39.400000000000006,30,-45.4,-43.7,-38.3,0.063,37.5,-6.655074296553905,-8.605479028014239,-12.27328877902065,0.1836879337170251,3.0,3.0,3.0,6,2,0,0,1,-11.9,-21.9,1.599,3.0,1
Turkana,2023-06-01,2023-06,3,2023-09-01,2023-09,1.0,-44.0,-39.3,-29.9,24.633333333333336,39.400000000000006,30,-45.4,-43.7,-38.3,0.063,37.5,-6.655074296553905,-8.605479028014239,-12.27328877902065,0.1836879337170251,3.0,3.0,3.0,6,2,0,0,1,-11.9,-21.9,1.599,3.0,1
Turkana,2023-07-01,2023-07,1,2023-08-01,2023-08,1.0,-33.5,-44.0,-39.3,16.100000000000005,39.30000000000001,31,-26.7,-45.4,-43.7,0.033,45.4,6.333615580016935,-2.3939064200217626,4.2716548467664985,0.7284399908901577,3.0,3.0,3.0,7,3,0,0,1,-40.9,-35.8,-3.631,3.0,1
Turkana,2023-07-01,2023-07,2,2023-09-01,2023-09,1.0,-33.5,-44.0,-39.3,16.100000000000005,39.30000000000001,31,-26.7,-45.4,-43.7,0.033,45.4,6.333615580016935,-2.3939064200217626,4.2716548467664985,0.7284399908901577,3.0,3.0,3.0,7,3,0,0,1,-40.9,-35.8,-3.631,3.0,1
Turkana,2023-07-01,2023-07,3,2023-10-01,2023-10,1.0,-33.5,-44.0,-39.3,16.100000000000005,39.30000000000001,31,-26.7,-45.4,-43.7,0.033,45.4,6.333615580016935,-2.3939064200217626,4.2716548467664985,0.7284399908901577,3.0,3.0,3.0,7,3,0,0,1,-40.9,-35.8,-3.631,3.0,1
Turkana,2023-08-01,2023-08,1,2023-09-01,2023-09,1.0,-15.6,-33.5,-44.0,5.4,39.0,32,-17.5,-26.7,-45.4,-0.0379999999999999,-7.099999999999998,2.6755852842809364,1.9127410686057544,5.261867028416243,0.9731414497272868,3.0,3.0,3.0,8,3,0,0,1,-48.8,-39.6,-1.79,3.0,1
Turkana,2023-08-01,2023-08,2,2023-10-01,2023-10,1.0,-15.6,-33.5,-44.0,5.4,39.0,32,-17.5,-26.7,-45.4,-0.0379999999999999,-7.099999999999998,2.6755852842809364,1.9127410686057544,5.261867028416243,0.9731414497272868,3.0,3.0,3.0,8,3,0,0,1,-48.8,-39.6,-1.79,3.0,1
Turkana,2023-08-01,2023-08,3,2023-11-01,2023-11,1.0,-15.6,-33.5,-44.0,5.4,39.0,32,-17.5,-26.7,-45.4,-0.0379999999999999,-7.099999999999998,2.6755852842809364,1.9127410686057544,5.261867028416243,0.9731414497272868,3.0,3.0,3.0,8,3,0,0,1,-48.8,-39.6,-1.79,3.0,1
Turkana,2023-09-01,2023-09,1,2023-10-01,2023-10,1.0,-32.5,-15.6,-33.5,5.7,30.333333333333336,33,-31.7,-17.5,-26.7,0.07,-4.200000000000003,-11.865984178687762,-3.7764606265876375,-12.381939654601876,-0.1411241217632117,3.0,3.0,3.0,9,3,0,0,1,-35.7,-42.7,-0.512,3.0,1
Turkana,2023-09-01,2023-09,2,2023-11-01,2023-11,1.0,-32.5,-15.6,-33.5,5.7,30.333333333333336,33,-31.7,-17.5,-26.7,0.07,-4.200000000000003,-11.865984178687762,-3.7764606265876375,-12.381939654601876,-0.1411241217632117,3.0,3.0,3.0,9,3,0,0,1,-35.7,-42.7,-0.512,3.0,1
Turkana,2023-09-01,2023-09,3,2023-12-01,2023-12,1.0,-32.5,-15.6,-33.5,5.7,30.333333333333336,33,-31.7,-17.5,-26.7,0.07,-4.200000000000003,-11.865984178687762,-3.7764606265876375,-12.381939654601876,-0.1411241217632117,3.0,3.0,3.0,9,3,0,0,1,-35.7,-42.7,-0.512,3.0,1
Turkana,2023-10-01,2023-10,1,2023-11-01,2023-11,1.0,-41.6,-32.5,-15.6,28.566666666666663,44.66666666666667,34,-42.5,-31.7,-17.5,0.1909999999999999,55.400000000000006,-0.8623724040830694,-10.288262462175506,-12.682168882197269,-0.2124953805907077,3.0,3.0,3.0,10,4,0,1,1,-25.0,-25.4,-7.567,3.0,1
Turkana,2023-10-01,2023-10,2,2023-12-01,2023-12,1.0,-41.6,-32.5,-15.6,28.566666666666663,44.66666666666667,34,-42.5,-31.7,-17.5,0.1909999999999999,55.400000000000006,-0.8623724040830694,-10.288262462175506,-12.682168882197269,-0.2124953805907077,3.0,3.0,3.0,10,4,0,1,1,-25.0,-25.4,-7.567,3.0,1
Turkana,2023-10-01,2023-10,3,2024-01-01,2024-01,1.0,-41.6,-32.5,-15.6,28.566666666666663,44.66666666666667,34,-42.5,-31.7,-17.5,0.1909999999999999,55.400000000000006,-0.8623724040830694,-10.288262462175506,-12.682168882197269,-0.2124953805907077,3.0,3.0,3.0,10,4,0,1,1,-25.0,-25.4,-7.567,3.0,1
Turkana,2023-11-01,2023-11,1,2023-12-01,2023-12,1.0,-3.9,-41.6,-32.5,54.0,59.4,0,11.7,-42.5,-31.7,0.308,93.3,-0.1952778270903604,-12.796649604467197,-10.883908535861442,-0.2285174999193292,3.0,3.0,3.0,11,4,0,1,1,-26.2,-15.0,0.295,3.0,1
Turkana,2023-11-01,2023-11,2,2024-01-01,2024-01,1.0,-3.9,-41.6,-32.5,54.0,59.4,0,11.7,-42.5,-31.7,0.308,93.3,-0.1952778270903604,-12.796649604467197,-10.883908535861442,-0.2285174999193292,3.0,3.0,3.0,11,4,0,1,1,-26.2,-15.0,0.295,3.0,1
Turkana,2023-11-01,2023-11,3,2024-02-01,2024-02,1.0,-3.9,-41.6,-32.5,54.0,59.4,0,11.7,-42.5,-31.7,0.308,93.3,-0.1952778270903604,-12.796649604467197,-10.883908535861442,-0.2285174999193292,3.0,3.0,3.0,11,4,0,1,1,-26.2,-15.0,0.295,3.0,1
Turkana,2023-12-01,2023-12,1,2024-01-01,2024-01,1.0,57.9,-3.9,-41.6,74.73333333333333,80.43333333333334,0,47.9,11.7,-42.5,0.0509999999999999,112.5,0.8004268943436499,-0.2639915522703273,-4.040452178857965,-0.1629724663022411,3.0,3.0,3.0,12,4,0,1,1,28.4,35.4,3.05,3.0,1
Turkana,2023-12-01,2023-12,2,2024-02-01,2024-02,1.0,57.9,-3.9,-41.6,74.73333333333333,80.43333333333334,0,47.9,11.7,-42.5,0.0509999999999999,112.5,0.8004268943436499,-0.2639915522703273,-4.040452178857965,-0.1629724663022411,3.0,3.0,3.0,12,4,0,1,1,28.4,35.4,3.05,3.0,1
Turkana,2023-12-01,2023-12,3,2024-03-01,2024-03,1.0,57.9,-3.9,-41.6,74.73333333333333,80.43333333333334,0,47.9,11.7,-42.5,0.0509999999999999,112.5,0.8004268943436499,-0.2639915522703273,-4.040452178857965,-0.1629724663022411,3.0,3.0,3.0,12,4,0,1,1,28.4,35.4,3.05,3.0,1
Turkana,2024-01-01,2024-01,1,2024-02-01,2024-02,1.0,72.8,57.9,-3.9,52.83333333333332,81.39999999999998,0,85.8,47.9,11.7,-0.1129999999999999,50.4,2.8763013940356448,3.4972483578909994,-6.791014104284507,0.0744462110218781,3.0,3.0,3.0,1,1,0,0,1,92.5,91.9,2.355,3.0,1
Turkana,2024-01-01,2024-01,2,2024-03-01,2024-03,1.0,72.8,57.9,-3.9,52.83333333333332,81.39999999999998,0,85.8,47.9,11.7,-0.1129999999999999,50.4,2.8763013940356448,3.4972483578909994,-6.791014104284507,0.0744462110218781,3.0,3.0,3.0,1,1,0,0,1,92.5,91.9,2.355,3.0,1
Turkana,2024-01-01,2024-01,3,2024-04-01,2024-04,1.0,72.8,57.9,-3.9,52.83333333333332,81.39999999999998,0,85.8,47.9,11.7,-0.1129999999999999,50.4,2.8763013940356448,3.4972483578909994,-6.791014104284507,0.0744462110218781,3.0,3.0,3.0,1,1,0,0,1,92.5,91.9,2.355,3.0,1
Turkana,2024-02-01,2024-02,1,2024-03-01,2024-03,1.0,48.9,72.8,57.9,29.066666666666663,83.06666666666666,0,32.9,85.8,47.9,-0.183,32.5,-0.8061749571183533,2.863749555318392,-9.932900049148804,0.0059880647995861,3.0,3.0,3.0,2,1,0,0,1,73.6,85.8,-1.446,3.0,1
Turkana,2024-02-01,2024-02,2,2024-04-01,2024-04,1.0,48.9,72.8,57.9,29.066666666666663,83.06666666666666,0,32.9,85.8,47.9,-0.183,32.5,-0.8061749571183533,2.863749555318392,-9.932900049148804,0.0059880647995861,3.0,3.0,3.0,2,1,0,0,1,73.6,85.8,-1.446,3.0,1
Turkana,2024-02-01,2024-02,3,2024-05-01,2024-05,1.0,48.9,72.8,57.9,29.066666666666663,83.06666666666666,0,32.9,85.8,47.9,-0.183,32.5,-0.8061749571183533,2.863749555318392,-9.932900049148804,0.0059880647995861,3.0,3.0,3.0,2,1,0,0,1,73.6,85.8,-1.446,3.0,1
Turkana,2024-03-01,2024-03,1,2024-04-01,2024-04,1.0,5.2,48.9,72.8,36.1,110.83333333333334,0,0.8,32.9,85.8,0.0579999999999999,52.1,0.5014698253501643,2.558673019234163,2.294681466963836,0.0482281975750429,3.0,3.0,3.0,3,1,1,0,1,26.2,26.5,-2.084,3.0,1
Turkana,2024-03-01,2024-03,2,2024-05-01,2024-05,1.0,5.2,48.9,72.8,36.1,110.83333333333334,0,0.8,32.9,85.8,0.0579999999999999,52.1,0.5014698253501643,2.558673019234163,2.294681466963836,0.0482281975750429,3.0,3.0,3.0,3,1,1,0,1,26.2,26.5,-2.084,3.0,1
Turkana,2024-03-01,2024-03,3,2024-06-01,2024-06,1.0,5.2,48.9,72.8,36.1,110.83333333333334,0,0.8,32.9,85.8,0.0579999999999999,52.1,0.5014698253501643,2.558673019234163,2.294681466963836,0.0482281975750429,3.0,3.0,3.0,3,1,1,0,1,26.2,26.5,-2.084,3.0,1
Turkana,2024-04-01,2024-04,1,2024-05-01,2024-05,1.0,23.4,5.2,48.9,62.63333333333333,115.46666666666665,0,9.6,0.8,32.9,0.205,45.400000000000006,-0.1032346868547832,-0.411663807890223,3.0855845500007764,0.0394888597594311,3.0,3.0,3.0,4,2,1,0,1,9.5,11.5,1.532,3.0,1
Turkana,2024-04-01,2024-04,2,2024-06-01,2024-06,1.0,23.4,5.2,48.9,62.63333333333333,115.46666666666665,0,9.6,0.8,32.9,0.205,45.400000000000006,-0.1032346868547832,-0.411663807890223,3.0855845500007764,0.0394888597594311,3.0,3.0,3.0,4,2,1,0,1,9.5,11.5,1.532,3.0,1
Turkana,2024-04-01,2024-04,3,2024-07-01,2024-07,0.0,23.4,5.2,48.9,62.63333333333333,115.46666666666665,0,9.6,0.8,32.9,0.205,45.400000000000006,-0.1032346868547832,-0.411663807890223,3.0855845500007764,0.0394888597594311,3.0,3.0,3.0,4,2,1,0,1,9.5,11.5,1.532,3.0,1
Turkana,2024-05-01,2024-05,1,2024-06-01,2024-06,1.0,64.9,23.4,5.2,81.13333333333334,110.2,0,57.1,9.6,0.8,0.0289999999999999,38.4,3.995866345160179,4.409476050492824,7.273225605811216,0.3774099219630856,3.0,3.0,3.0,5,2,1,0,1,30.9,23.5,2.096,3.0,1
Turkana,2024-05-01,2024-05,2,2024-07-01,2024-07,0.0,64.9,23.4,5.2,81.13333333333334,110.2,0,57.1,9.6,0.8,0.0289999999999999,38.4,3.995866345160179,4.409476050492824,7.273225605811216,0.3774099219630856,3.0,3.0,3.0,5,2,1,0,1,30.9,23.5,2.096,3.0,1
Turkana,2024-05-01,2024-05,3,2024-08-01,2024-08,0.0,64.9,23.4,5.2,81.13333333333334,110.2,0,57.1,9.6,0.8,0.0289999999999999,38.4,3.995866345160179,4.409476050492824,7.273225605811216,0.3774099219630856,3.0,3.0,3.0,5,2,1,0,1,30.9,23.5,2.096,3.0,1
Turkana,2024-06-01,2024-06,1,2024-07-01,2024-07,0.0,59.5,64.9,23.4,53.633333333333326,89.73333333333332,0,86.3,57.1,9.6,-0.126,-64.1,-1.258694932096721,2.5808671713695803,5.139540190603743,0.2667116429653367,3.0,3.0,3.0,6,2,0,0,1,-13.9,-21.9,-1.988,3.0,1
Turkana,2024-06-01,2024-06,2,2024-08-01,2024-08,0.0,59.5,64.9,23.4,53.633333333333326,89.73333333333332,0,86.3,57.1,9.6,-0.126,-64.1,-1.258694932096721,2.5808671713695803,5.139540190603743,0.2667116429653367,3.0,3.0,3.0,6,2,0,0,1,-13.9,-21.9,-1.988,3.0,1
Turkana,2024-06-01,2024-06,3,2024-09-01,2024-09,0.0,59.5,64.9,23.4,53.633333333333326,89.73333333333332,0,86.3,57.1,9.6,-0.126,-64.1,-1.258694932096721,2.5808671713695803,5.139540190603743,0.2667116429653367,3.0,3.0,3.0,6,2,0,0,1,-13.9,-21.9,-1.988,3.0,1
Turkana,2024-07-01,2024-07,1,2024-08-01,2024-08,0.0,18.2,59.5,64.9,27.83333333333333,90.46666666666667,0,21.7,86.3,57.1,-0.13,-28.299999999999997,-1.2244213351224422,1.4295556321047194,1.0178918242144963,0.1603830328753937,3.0,3.0,3.0,7,3,0,0,1,19.6,33.8,1.391,3.0,1
Turkana,2024-07-01,2024-07,2,2024-09-01,2024-09,0.0,18.2,59.5,64.9,27.83333333333333,90.46666666666667,0,21.7,86.3,57.1,-0.13,-28.299999999999997,-1.2244213351224422,1.4295556321047194,1.0178918242144963,0.1603830328753937,3.0,3.0,3.0,7,3,0,0,1,19.6,33.8,1.391,3.0,1
Turkana,2024-07-01,2024-07,3,2024-10-01,2024-10,0.0,18.2,59.5,64.9,27.83333333333333,90.46666666666667,0,21.7,86.3,57.1,-0.13,-28.299999999999997,-1.2244213351224422,1.4295556321047194,1.0178918242144963,0.1603830328753937,3.0,3.0,3.0,7,3,0,0,1,19.6,33.8,1.391,3.0,1
Turkana,2024-08-01,2024-08,1,2024-09-01,2024-09,0.0,6.5,18.2,59.5,8.700000000000001,89.83333333333334,0,4.6,21.7,86.3,-0.0599999999999999,31.3,-0.1698081168279843,-2.6333222921497184,1.7761537583431055,0.1458174698493741,2.0,3.0,3.0,8,3,0,0,1,7.1,9.6,-2.331,2.0,0
Turkana,2024-08-01,2024-08,2,2024-10-01,2024-10,0.0,6.5,18.2,59.5,8.700000000000001,89.83333333333334,0,4.6,21.7,86.3,-0.0599999999999999,31.3,-0.1698081168279843,-2.6333222921497184,1.7761537583431055,0.1458174698493741,2.0,3.0,3.0,8,3,0,0,1,7.1,9.6,-2.331,2.0,0
Turkana,2024-08-01,2024-08,3,2024-11-01,2024-11,0.0,6.5,18.2,59.5,8.700000000000001,89.83333333333334,0,4.6,21.7,86.3,-0.0599999999999999,31.3,-0.1698081168279843,-2.6333222921497184,1.7761537583431055,0.1458174698493741,2.0,3.0,3.0,8,3,0,0,1,7.1,9.6,-2.331,2.0,0
Turkana,2024-09-01,2024-09,1,2024-10-01,2024-10,0.0,33.8,6.5,18.2,9.3,62.93333333333332,1,32.1,4.6,21.7,0.0529999999999999,-12.899999999999999,1.0035720360605545,-0.4025494800402549,2.178317691329325,0.2317542917028897,2.0,2.0,3.0,9,3,0,0,1,20.2,20.8,1.845,2.0,0
Turkana,2024-09-01,2024-09,2,2024-11-01,2024-11,0.0,33.8,6.5,18.2,9.3,62.93333333333332,1,32.1,4.6,21.7,0.0529999999999999,-12.899999999999999,1.0035720360605545,-0.4025494800402549,2.178317691329325,0.2317542917028897,2.0,2.0,3.0,9,3,0,0,1,20.2,20.8,1.845,2.0,0
Turkana,2024-09-01,2024-09,3,2024-12-01,2024-12,0.0,33.8,6.5,18.2,9.3,62.93333333333332,1,32.1,4.6,21.7,0.0529999999999999,-12.899999999999999,1.0035720360605545,-0.4025494800402549,2.178317691329325,0.2317542917028897,2.0,2.0,3.0,9,3,0,0,1,20.2,20.8,1.845,2.0,0
Turkana,2024-10-01,2024-10,1,2024-11-01,2024-11,0.0,-1.3,33.8,6.5,28.3,56.133333333333326,0,-3.3,32.1,4.6,0.0359999999999999,-30.400000000000002,-0.1684068710003368,0.6622516556291391,2.0918072877338583,0.2171887286768701,2.0,2.0,2.0,10,4,0,1,1,19.0,26.5,0.465,2.0,0
Turkana,2024-10-01,2024-10,2,2024-12-01,2024-12,0.0,-1.3,33.8,6.5,28.3,56.133333333333326,0,-3.3,32.1,4.6,0.0359999999999999,-30.400000000000002,-0.1684068710003368,0.6622516556291391,2.0918072877338583,0.2171887286768701,2.0,2.0,2.0,10,4,0,1,1,19.0,26.5,0.465,2.0,0
Turkana,2024-10-01,2024-10,3,2025-01-01,2025-01,,-1.3,33.8,6.5,28.3,56.133333333333326,0,-3.3,32.1,4.6,0.0359999999999999,-30.400000000000002,-0.1684068710003368,0.6622516556291391,2.0918072877338583,0.2171887286768701,2.0,2.0,2.0,10,4,0,1,1,19.0,26.5,0.465,2.0,0
Turkana,2024-11-01,2024-11,1,2024-12-01,2024-12,0.0,29.9,-1.3,33.8,45.4,54.1,0,26.7,-3.3,32.1,0.0729999999999999,-39.199999999999996,-1.4507422402159245,-0.6293587344786528,-3.2626810266283712,0.0919248866531017,2.0,2.0,2.0,11,4,0,1,1,25.0,43.8,-1.786,2.0,0
Turkana,2024-11-01,2024-11,2,2025-01-01,2025-01,,29.9,-1.3,33.8,45.4,54.1,0,26.7,-3.3,32.1,0.0729999999999999,-39.199999999999996,-1.4507422402159245,-0.6293587344786528,-3.2626810266283712,0.0919248866531017,2.0,2.0,2.0,11,4,0,1,1,25.0,43.8,-1.786,2.0,0
Turkana,2024-11-01,2024-11,3,2025-02-01,2025-02,,29.9,-1.3,33.8,45.4,54.1,0,26.7,-3.3,32.1,0.0729999999999999,-39.199999999999996,-1.4507422402159245,-0.6293587344786528,-3.2626810266283712,0.0919248866531017,2.0,2.0,2.0,11,4,0,1,1,25.0,43.8,-1.786,2.0,0
Turkana,2024-12-01,2024-12,1,2025-01-01,2025-01,,44.0,29.9,-1.3,62.46666666666667,71.76666666666667,0,47.1,26.7,-3.3,0.011,5.400000000000002,3.8514207463197536,2.172448635904345,1.76989915586409,0.4196500547385424,2.0,2.0,2.0,12,4,0,1,1,52.0,50.8,1.937,2.0,0
Turkana,2024-12-01,2024-12,2,2025-02-01,2025-02,,44.0,29.9,-1.3,62.46666666666667,71.76666666666667,0,47.1,26.7,-3.3,0.011,5.400000000000002,3.8514207463197536,2.172448635904345,1.76989915586409,0.4196500547385424,2.0,2.0,2.0,12,4,0,1,1,52.0,50.8,1.937,2.0,0
Turkana,2024-12-01,2024-12,3,2025-03-01,2025-03,,44.0,29.9,-1.3,62.46666666666667,71.76666666666667,0,47.1,26.7,-3.3,0.011,5.400000000000002,3.8514207463197536,2.172448635904345,1.76989915586409,0.4196500547385424,2.0,2.0,2.0,12,4,0,1,1,52.0,50.8,1.937,2.0,0
